sr_no,sector,ministry,project_code,project_name,orig_cost,rev_cost,expenditure,phys_progress,planned_duration_days,project_age_years,elapsed_fraction,progress_gap,cost_utilization,cost_per_progress,sanction_year,sanction_month,size_decile_in_sector,sector_loo_cost_overrun_rate,sector_loo_time_overrun_rate,ministry_loo_cost_overrun_rate,ministry_loo_time_overrun_rate,cost_overrun_pct,cost_overrun_flag,time_overrun_months,time_overrun_flag
1,Aviation & Aviation Infrastructure,Ministry of Civil Aviation,706718,C/o NITB Imphal Airport,499,499.0,212.17,53,985.0,4.492813141683778,1.665989847715736,113.59898477157361,0.42519038076152305,3.929074074074074,2021.0,11.0,4.0,0.4444444444444444,0.8181818181818182,0.4444444444444444,0.8181818181818182,0.0,0.0,29.59921156373193,1.0
2,Aviation & Aviation Infrastructure,Ministry of Civil Aviation,701121,Construction of New Domestic Terminal Building at Rajahmundry Airport.,347,,189.48,96,957.0,3.3319644079397674,1.271682340647858,31.168234064785793,0.5460518731988472,1.95340206185567,2022.0,12.0,2.0,0.4,0.8181818181818182,0.4,0.8181818181818182,,,12.3850197109067,1.0
3,Aviation & Aviation Infrastructure,Ministry of Civil Aviation,701101,"Construction of New Domestic Terminal Building [Phase-I and II] and other allied structures at JPNI Airport, Patna",1217,1216.9,1203.48,99,2796.0,7.57015742642026,0.9889127324749643,-0.10872675250357133,0.9888907148726377,12.0348,2018.0,10.0,7.0,0.4444444444444444,0.8181818181818182,0.4444444444444444,0.8181818181818182,-0.00821692686934339,0.0,3.0223390275952693,1.0
4,Aviation & Aviation Infrastructure,Ministry of Civil Aviation,612788,Construction of New Domestic Terminal Building and Miscellaneous Works at Belagavi Airport.,322,,240.99,97,975.0,2.9103353867214237,1.0902564102564103,12.025641025641022,0.748416149068323,2.4590816326530613,2023.0,6.0,0.0,0.4,0.8181818181818182,0.4,0.8181818181818182,,,6.931668856767411,1.0
5,Aviation & Aviation Infrastructure,Ministry of Civil Aviation,612787,Construction of New Domestic Terminal Building and Miscellaneous works at Hubli Airport,320,,169.11,88,964.0,2.9103353867214237,1.1026970954356847,22.269709543568467,0.52846875,1.900112359550562,2023.0,6.0,0.0,0.4,0.8181818181818182,0.4,0.8181818181818182,,,8.278580814717477,1.0
6,Aviation & Aviation Infrastructure,Ministry of Civil Aviation,612786,"Construction of New Domestic Terminal Building Building and miscellaneous works including maintenance, operations and AICMC at Kadapa Airport",266,,176.38,80,1054.0,3.14031485284052,1.088235294117647,28.823529411764696,0.6630827067669173,2.177530864197531,2023.0,3.0,0.0,0.4,0.8181818181818182,0.4,0.8181818181818182,,,8.081471747700395,1.0
7,Aviation & Aviation Infrastructure,Ministry of Civil Aviation,701128,Construction of New Integrated Passenger Terminal Building at Udaipur Airport,887,887.0,587.22,79,993.0,2.858316221765914,1.051359516616314,26.13595166163141,0.6620293122886133,7.34025,2023.0,6.0,6.0,0.4444444444444444,0.8181818181818182,0.4444444444444444,0.8181818181818182,0.0,0.0,6.570302233902759,1.0
8,Aviation & Aviation Infrastructure,Ministry of Civil Aviation,701107,Construction of New Integrated Terminal Building and associated works including apron to park 3 code E type of aircraft or 6 code C type of aircraft at Vijayawada Airport.,612,824.28,572.99,90,809.0,5.867214236824093,2.6489493201483314,174.89493201483316,0.9362581699346405,6.296593406593407,2020.0,6.0,5.0,0.3333333333333333,0.8181818181818182,0.3333333333333333,0.8181818181818182,34.686274509803916,1.0,50.19710906701708,1.0
9,Aviation & Aviation Infrastructure,Ministry of Civil Aviation,701127,Construction of New Passenger Terminal Building for Domestic Operations at Jodhpur Airport.,480,480.0,348.2,100,1399.0,3.912388774811773,1.0214438884917798,2.144388849177986,0.7254166666666666,3.4475247524752475,2022.0,6.0,2.0,0.4444444444444444,0.8636363636363636,0.4444444444444444,0.8636363636363636,0.0,0.0,2.4967148488830486,0.0
10,Aviation & Aviation Infrastructure,Ministry of Civil Aviation,611047,"Construction of NTB complex including apron, taxi track and other associated civil works and electrical & mechanical installations towards Tawi River side at CA Jammu.",861,861.37,370.44,58,985.0,2.5544147843942504,0.9472081218274112,36.72081218274113,0.4302439024390244,6.27864406779661,2023.0,10.0,5.0,0.4444444444444444,0.8181818181818182,0.4444444444444444,0.8181818181818182,0.04297328687572643,0.0,5.321944809461235,1.0
11,Aviation & Aviation Infrastructure,Ministry of Civil Aviation,400010,"Construction of Terminal Building & Associated works at Leh Airport, Ladakh",480,640.0,512.55,88,1145.0,7.759069130732375,2.475109170305677,159.5109170305677,1.0678124999999998,5.758988764044943,2018.0,7.0,3.0,0.3333333333333333,0.8181818181818182,0.3333333333333333,0.8181818181818182,33.33333333333333,1.0,58.50854139290407,1.0
12,Aviation & Aviation Infrastructure,Ministry of Civil Aviation,612789,"Development of additional RESA on either end on Runway 10-28 at Calicut Airport. Construction of embankment with slope protection, drainage system and associated works for additional RESA on either end on Runway 10-28",485,,242.51,66,844.0,2.8966461327857633,1.2535545023696681,59.35545023696682,0.500020618556701,3.61955223880597,2023.0,6.0,3.0,0.4,0.8181818181818182,0.4,0.8181818181818182,,,15.078843626806833,1.0
13,Aviation & Aviation Infrastructure,Ministry of Civil Aviation,701126,"Development of Dholera International Greenfield Airport , Gujarat",1305,1551.0,966.36,88,1477.0,3.8767967145790556,0.9587000677048071,7.870006770480714,0.7405057471264368,10.857977528089888,2022.0,6.0,7.0,0.3333333333333333,0.8181818181818182,0.3333333333333333,0.8181818181818182,18.850574712643677,1.0,3.0223390275952693,1.0
14,Aviation & Aviation Infrastructure,Ministry of Civil Aviation,619054,Development of Keshod Airport.,363,,108.64,47,1115.0,2.297056810403833,0.7524663677130045,28.246636771300444,0.29928374655647383,2.263333333333333,2024.0,1.0,2.0,0.4,0.8260869565217391,0.4,0.8260869565217391,,,,
15,Aviation & Aviation Infrastructure,Ministry of Civil Aviation,701113,"Development of Lal Bahadur Shastri International airport, Varanasi including C/o New Terminal Building, Apron Extension, Runway Extension, PTT and allied works.",2870,,746.93,33,1111.0,1.8206707734428473,0.5985598559855986,26.855985598559855,0.26025435540069686,21.968529411764706,2024.0,7.0,9.0,0.4,0.8636363636363636,0.4,0.8636363636363636,,,0.0,0.0
16,Aviation & Aviation Infrastructure,Ministry of Civil Aviation,612194,Development of New Civil Enclave and associated works at Darbhanga Airport,912,,426.22,71,738.0,1.8234086242299794,0.9024390243902439,19.243902439024396,0.4673464912280702,5.919722222222223,2024.0,7.0,6.0,0.4,0.8181818181818182,0.4,0.8181818181818182,,,4.664914586070959,1.0
17,Aviation & Aviation Infrastructure,Ministry of Civil Aviation,611495,Development of New Civil Enclave at Bagdogra Airport,1549,1549.0,548.3,28,920.0,1.6673511293634498,0.6619565217391304,38.19565217391305,0.35397030342156227,18.906896551724138,2024.0,8.0,9.0,0.4444444444444444,0.8636363636363636,0.4444444444444444,0.8636363636363636,0.0,0.0,-0.0328515111695138,0.0
18,Aviation & Aviation Infrastructure,Ministry of Civil Aviation,612183,Development of New Civil Enclave at Bihta,1413,,15.53,4,945.0,1.6700889801505818,0.6455026455026455,60.550264550264544,0.010990799716914365,3.106,2024.0,8.0,8.0,0.4,0.8260869565217391,0.4,0.8260869565217391,,,,
19,Aviation & Aviation Infrastructure,Ministry of Civil Aviation,618977,"Development of New Greenfield Airport at Bundi, Kota Rajasthan.",1507,,81.41,14,781.0,0.6680355920602327,0.31241997439180536,17.241997439180537,0.05402123424021234,5.427333333333333,2025.0,8.0,8.0,0.4,0.8636363636363636,0.4,0.8636363636363636,,,0.8212877792378449,0.0
20,Aviation & Aviation Infrastructure,Ministry of Civil Aviation,701122,Development of New Integrated Civil Enclave at Agra Airport,579,,224.58,45,746.0,1.864476386036961,0.9128686327077749,46.28686327077749,0.38787564766839383,4.882173913043479,2024.0,6.0,4.0,0.4,0.8181818181818182,0.4,0.8181818181818182,,,4.894875164257556,1.0
21,Aviation & Aviation Infrastructure,Ministry of Civil Aviation,706724,Guwahati Airport New Integrated Terminal Building Construction Project,1712,2520.0,2670.23,100,3042.0,9.409993155373032,1.1298487836949376,12.984878369493757,1.559713785046729,26.437920792079208,2016.0,12.0,9.0,0.3333333333333333,0.8181818181818182,0.3333333333333333,0.8181818181818182,47.19626168224299,1.0,14.98028909329829,1.0
22,Aviation & Aviation Infrastructure,Ministry of Civil Aviation,611602,"Modernization of Chennai Airport, Phase II, Part 2",1207,,331.85,46,2635.0,7.96167008898015,1.103605313092979,64.3605313092979,0.27493786246893126,7.060638297872341,2018.0,5.0,7.0,0.4,0.8181818181818182,0.4,0.8181818181818182,,,17.017082785808146,1.0
23,Aviation & Aviation Infrastructure,Ministry of Civil Aviation,612791,"Re-Construction of Rigid portions of Secondary Runway, K and A Taxiway and Strengthening of C Taxiway at NSCBI Airport Kolkata.",328,,153.52,74,943.0,3.156741957563313,1.2226935312831388,48.26935312831388,0.4680487804878049,2.0469333333333335,2023.0,3.0,1.0,0.4,0.8181818181818182,0.4,0.8181818181818182,,,10.939553219448094,1.0
24,Aviation & Aviation Infrastructure,Ministry of Civil Aviation,611570,"SITC of ATM Automation System and ASMGCS [Including SMR & MLAT] for Mumbai, Navi Mumbai, Jewar [earlier MOPA, without ASMGCS], HIAL & BIAL",500,,399.77,80,1728.0,5.363449691991787,1.1336805555555556,33.36805555555556,0.7995399999999999,4.935432098765432,2020.0,12.0,4.0,0.4,0.8181818181818182,0.4,0.8181818181818182,,,11.629434954007884,1.0
25,Aviation & Aviation Infrastructure,Ministry of Civil Aviation,612793,"Widening of basic strip at Western Side of Runway Chainage 80m to 920m i/c slope stabilization Measures [Balance work] of uphill and Improvement of Storm Water Drainage System at Pakyong Airport, Sikkim on design & build basis [EPC] with integrated 10 years maintenance.",323,,87.61,36,924.0,2.439425051334702,0.9642857142857143,60.42857142857143,0.27123839009287926,2.367837837837838,2023.0,11.0,1.0,0.4,0.8181818181818182,0.4,0.8181818181818182,,,12.910643889618921,1.0
26,Coal,Ministry of Coal,613800,JAGANNATHPUR OC RCE PROJECT,459,,290.4,96,3171.0,9.763175906913073,1.1245663828445285,16.45663828445285,0.6326797385620915,2.9938144329896903,2016.0,7.0,3.0,0.16666666666666666,0.96875,0.2857142857142857,0.9705882352941176,,,23.98160315374507,1.0
27,Coal,Ministry of Coal,400142,Pachwara South Coal Block,2243,,1432.45,87,4587.0,10.13826146475017,0.8072814475692174,-6.271855243078264,0.6386312973695943,16.27784090909091,2016.0,3.0,8.0,0.16666666666666666,0.9696969696969697,0.2857142857142857,0.9714285714285714,,,,
28,Coal,Ministry of Coal,616223,ADASA UG TO OC MINE,316,,209.29,86,1962.0,7.452429842573579,1.3873598369011213,52.735983690112135,0.6623101265822785,2.405632183908046,2018.0,11.0,1.0,0.16666666666666666,0.96875,0.2857142857142857,0.9705882352941176,,,35.972404730617605,1.0
29,Coal,Ministry of Coal,400148,AMADAND OCP[4.0MTY],869,,325.09,75,1852.0,10.151950718685832,2.002159827213823,125.21598272138229,0.37409666283084003,4.2775,2016.0,3.0,6.0,0.16666666666666666,0.96875,0.2857142857142857,0.9705882352941176,,,71.97766097240472,1.0
30,Coal,Ministry of Coal,616229,AMAL GONDEGAON GHATROHANA EXPN,669,,2.95,3,1663.0,1.6344969199178645,0.35898977751052313,32.898977751052314,0.004409566517189835,0.7375,2024.0,9.0,5.0,0.16666666666666666,0.9696969696969697,0.2857142857142857,0.9714285714285714,,,,
31,Coal,Ministry of Coal,611864,AMALAGAMATED NTST KUJAMA OCP 8.5MTY,4012,,414.97,31,2643.0,3.3182751540041067,0.4585698070374574,14.85698070374574,0.10343220338983052,12.9678125,2023.0,1.0,8.0,0.16666666666666666,0.9696969696969697,0.2857142857142857,0.9714285714285714,,,,
32,Coal,Ministry of Coal,615185,AMALGAMATED DHANKASA & JAMUNIA,399,,117.2,67,1654.0,3.6112251882272415,0.7974607013301088,12.746070133010889,0.293734335839599,1.723529411764706,2022.0,9.0,2.0,0.16666666666666666,0.9696969696969697,0.2857142857142857,0.9714285714285714,,,,
33,Coal,Ministry of Coal,616050,AMALGAMATED INDER-KAMPTEE DEEP,236,,128.49,99,2017.0,7.603011635865846,1.376797223599405,38.67972235994051,0.5444491525423729,1.2849000000000002,2018.0,9.0,0.0,0.16666666666666666,0.96875,0.2857142857142857,0.9705882352941176,,,35.972404730617605,1.0
34,Coal,Ministry of Coal,400177,AMALGAMATED YEKONA I & YEKONA,727,,564.25,81,3519.0,10.715947980835045,1.1122477976697926,30.224779766979267,0.7761348005502063,6.8810975609756095,2015.0,8.0,5.0,0.16666666666666666,0.96875,0.2857142857142857,0.9705882352941176,,,23.98160315374507,1.0
35,Coal,Ministry of Coal,613798,AMERA OC RCE [1.0 MTY],336,,91.91,42,4073.0,11.233401779603012,1.0073655781978885,58.73655781978886,0.2735416666666667,2.1374418604651164,2015.0,2.0,1.0,0.16666666666666666,0.9696969696969697,0.2857142857142857,0.9714285714285714,,,,
36,Coal,Ministry of Coal,613799,AMGAON OC RCE [1.0 MTY],316,,193.0,79,3902.0,10.765229295003422,1.007688364941056,21.7688364941056,0.6107594936708861,2.4125,2015.0,7.0,1.0,0.16666666666666666,0.9696969696969697,0.2857142857142857,0.9714285714285714,,,,
37,Coal,Ministry of Coal,615916,AMLG GAURI PAUNI EXPANSION OC,1225,,92.02,4,2165.0,2.0095824777549622,0.3390300230946882,29.903002309468825,0.07511836734693877,18.404,2024.0,4.0,7.0,0.16666666666666666,0.9696969696969697,0.2857142857142857,0.9714285714285714,,,,
38,Coal,Ministry of Coal,616233,BALABHADRA OCP,978,,461.54,19,2538.0,3.030800821355236,0.43617021276595747,24.61702127659575,0.4719222903885481,23.077,2023.0,4.0,6.0,0.16666666666666666,0.9696969696969697,0.2857142857142857,0.9714285714285714,,,,
39,Coal,Ministry of Coal,400183,BALARAM EXPANSION OCP,3504,,963.81,62,3161.0,5.735797399041752,0.6627649478013287,4.2764947801328645,0.2750599315068493,15.298571428571428,2020.0,8.0,8.0,0.16666666666666666,0.9696969696969697,0.2857142857142857,0.9714285714285714,,,,
40,Coal,Ministry of Coal,615330,BALLARPUR NORTH WEST OC MINE,361,,26.97,5,2297.0,3.370294318959617,0.5359164127122333,48.59164127122333,0.07470914127423822,4.495,2022.0,12.0,2.0,0.16666666666666666,0.9696969696969697,0.2857142857142857,0.9714285714285714,,,,
41,Coal,Ministry of Coal,400149,BAROUD OC EXPANSION [3.0-10.0M,2310,,1039.65,56,3161.0,5.735797399041752,0.6627649478013287,10.276494780132865,0.4500649350649351,18.239473684210527,2020.0,8.0,8.0,0.16666666666666666,0.9696969696969697,0.2857142857142857,0.9714285714285714,,,,
42,Coal,Ministry of Coal,400392,BHARATPUR RE-ORGANIZATION OCP,2839,,1716.58,54,3792.0,7.4633812457221085,0.7188818565400844,17.88818565400844,0.6046424797463895,31.210545454545453,2018.0,11.0,8.0,0.16666666666666666,0.9696969696969697,0.2857142857142857,0.9714285714285714,,,,
43,Coal,Ministry of Coal,400033,BHATADI EXPANSION OC,581,,112.17,34,2971.0,6.2149212867898695,0.7640525075732076,42.40525075732076,0.19306368330464715,3.204857142857143,2020.0,2.0,4.0,0.16666666666666666,0.9696969696969697,0.2857142857142857,0.9714285714285714,,,,
44,Coal,Ministry of Coal,616231,BHUBANESWARI EXPN OCP 50 MTY,5366,,477.73,34,3292.0,2.0944558521560577,0.23238153098420414,-10.761846901579585,0.0890290719344018,13.649428571428572,2024.0,3.0,9.0,0.16666666666666666,0.9696969696969697,0.2857142857142857,0.9714285714285714,,,,
45,Coal,Ministry of Coal,400369,BINA KAKRI AMALGAMATION EXPANS,836,,917.1,92,1314.0,5.678302532511978,1.578386605783866,65.8386605783866,1.0970095693779904,9.861290322580645,2020.0,8.0,5.0,0.16666666666666666,0.96875,0.2857142857142857,0.9705882352941176,,,35.972404730617605,1.0
46,Coal,Ministry of Coal,400162,BLOCK B EXPANSION [3.5 TO 8.0,999,,545.34,51,1348.0,6.7734428473648185,1.8353115727002967,132.53115727002967,0.5458858858858859,10.487307692307693,2019.0,7.0,6.0,0.16666666666666666,0.96875,0.2857142857142857,0.9705882352941176,,,47.99605781865966,1.0
47,Coal,Ministry of Coal,616253,BLOCK E OCP,5851,,20.32,4,1831.0,2.0944558521560577,0.417804478427089,37.7804478427089,0.00347291061357033,4.064,2024.0,3.0,9.0,0.16666666666666666,0.9696969696969697,0.2857142857142857,0.9714285714285714,,,,
48,Coal,Ministry of Coal,400180,BONJEMEHARI EXPANSION OCP,570,570.11,98.58,17,1694.0,4.720054757015743,1.0177095631641087,84.77095631641086,0.17294736842105263,5.476666666666667,2021.0,8.0,4.0,0.2,0.96875,0.3333333333333333,0.9705882352941176,0.019298245614037483,0.0,47.99605781865966,1.0
49,Coal,Ministry of Coal,400138,CHANDRAGUPT OCP,974,,772.12,25,4257.0,5.735797399041752,0.49213060840967815,24.213060840967813,0.7927310061601642,29.696923076923078,2020.0,8.0,6.0,0.16666666666666666,0.9696969696969697,0.2857142857142857,0.9714285714285714,,,,
50,Coal,Ministry of Coal,400172,CHITRA EAST OC,514,,276.0,53,2789.0,7.7180013689253935,1.0107565435640014,48.075654356400136,0.5369649805447471,5.111111111111111,2018.0,8.0,4.0,0.16666666666666666,0.96875,0.2857142857142857,0.9705882352941176,,,24.014454664914584,1.0
51,Coal,Ministry of Coal,616225,CHUPERBHITA SIMLONG OCP MDO 6,979,,0.0,0,4841.0,2.3353867214236823,0.17620326378847345,17.620326378847345,0.0,0.0,2023.0,12.0,6.0,0.16666666666666666,0.9696969696969697,0.2857142857142857,0.9714285714285714,,,,
52,Coal,Ministry of Coal,400353,DHUPTALA OC [SASTI UG TO OC ],711,,174.66,19,3335.0,7.211498973305955,0.7898050974512744,59.980509745127435,0.24565400843881857,8.733,2019.0,2.0,5.0,0.16666666666666666,0.9696969696969697,0.2857142857142857,0.9714285714285714,,,,
53,Coal,Ministry of Coal,400178,DINESH[MAKARDHOKRA-III] OC,823,,792.0,41,2605.0,6.2149212867898695,0.8714011516314779,46.1401151631478,0.9623329283110571,18.857142857142858,2020.0,2.0,5.0,0.16666666666666666,0.9696969696969697,0.2857142857142857,0.9714285714285714,,,,
54,Coal,Ministry of Coal,400354,DIPKA EXPANSION OCP [40 MTY],5241,,2941.23,39,3019.0,5.347022587268994,0.6469029479960252,25.690294799602526,0.5611963365769891,73.53075,2020.0,12.0,9.0,0.16666666666666666,0.9696969696969697,0.2857142857142857,0.9714285714285714,,,,
55,Coal,Ministry of Coal,400156,EPR AMRAPALI OCP,4984,,1838.82,44,2971.0,6.2149212867898695,0.7640525075732076,32.40525075732076,0.3689446227929374,40.86266666666666,2020.0,2.0,9.0,0.16666666666666666,0.9696969696969697,0.2857142857142857,0.9714285714285714,,,,
56,Coal,Ministry of Coal,400155,EPR ASHOK OC,2821,,186.02,28,3612.0,4.971937029431896,0.5027685492801772,22.27685492801772,0.06594115561857497,6.41448275862069,2021.0,5.0,8.0,0.16666666666666666,0.9696969696969697,0.2857142857142857,0.9714285714285714,,,,
57,Coal,Ministry of Coal,400154,EPR PUNDI OCP,640,,14.78,11,2331.0,5.464750171115674,0.8562848562848563,74.62848562848563,0.02309375,1.2316666666666667,2020.0,11.0,5.0,0.16666666666666666,0.9696969696969697,0.2857142857142857,0.9714285714285714,,,,
58,Coal,Ministry of Coal,400153,EPR ROHINI - KARKETTA OCP,996,,85.34,24,2629.0,5.278576317590692,0.7333586915176873,49.33586915176873,0.08568273092369479,3.4136,2021.0,1.0,6.0,0.16666666666666666,0.9696969696969697,0.2857142857142857,0.9714285714285714,,,,
59,Coal,Ministry of Coal,615331,GADEGAON OC 3 MTY,497,,95.69,2,2346.0,2.5051334702258727,0.3900255754475703,37.00255754475703,0.19253521126760562,31.896666666666665,2023.0,10.0,4.0,0.16666666666666666,0.9696969696969697,0.2857142857142857,0.9714285714285714,,,,
60,Coal,Ministry of Coal,615206,GANDHIGRAM UG MINE,414,,28.54,57,2404.0,6.663928815879535,1.0124792013311148,44.24792013311148,0.06893719806763285,0.4920689655172414,2019.0,8.0,3.0,0.16666666666666666,0.96875,0.2857142857142857,0.9705882352941176,,,11.990801576872535,1.0
61,Coal,Ministry of Coal,615917,GAURIDEEP/GAURI CENTRAL OCP 7.,973,,1.55,2,2427.0,2.726899383983573,0.4103831891223733,39.03831891223733,0.0015930113052415212,0.5166666666666667,2023.0,8.0,6.0,0.16666666666666666,0.9696969696969697,0.2857142857142857,0.9714285714285714,,,,
62,Coal,Ministry of Coal,400424,GEVRA OC [70 MTY],11816,,7825.46,78,2582.0,10.151950718685832,1.4360960495739736,65.60960495739735,0.6622765741367637,99.05645569620253,2016.0,3.0,9.0,0.16666666666666666,0.96875,0.2857142857142857,0.9705882352941176,,,47.99605781865966,1.0
63,Coal,Ministry of Coal,615914,GHONSA EXPANSION DEEP OC MINE,185,,15.72,13,2930.0,5.103353867214237,0.6361774744027304,50.61774744027304,0.08497297297297297,1.122857142857143,2021.0,3.0,0.0,0.16666666666666666,0.9696969696969697,0.2857142857142857,0.9714285714285714,,,,
64,Coal,Ministry of Coal,615860,Godavarikhani Coal Mine - 5,607,,201.0,71,2100.0,6.830937713894593,1.188095238095238,47.80952380952381,0.3311367380560132,2.7916666666666665,2019.0,7.0,4.0,0.16666666666666666,0.96875,0.2857142857142857,0.9705882352941176,,,11.990801576872535,1.0
65,Coal,Ministry of Coal,615192,GOKUL EXTENSION OC MINE,310,,62.31,8,1803.0,5.018480492813142,1.016638935108153,93.66389351081531,0.201,6.923333333333334,2021.0,4.0,1.0,0.16666666666666666,0.96875,0.2857142857142857,0.9705882352941176,,,11.990801576872535,1.0
66,Coal,Ministry of Coal,615862,Goleti Opencast Mine,346,,111.94,33,1734.0,4.829568788501026,1.0173010380622838,68.73010380622839,0.32352601156069366,3.2923529411764707,2021.0,7.0,2.0,0.16666666666666666,0.9696969696969697,0.2857142857142857,0.9714285714285714,,,,
67,Coal,Ministry of Coal,400185,GOPALJI KANIHA OCP [10 TO 30 M,8416,6107.87,1777.54,36,2897.0,4.01368925393566,0.5060407317915084,14.604073179150845,0.21120960076045628,48.04162162162162,2022.0,4.0,9.0,0.2,0.9696969696969697,0.3333333333333333,0.9714285714285714,-27.425499049429657,0.0,,
68,Coal,Ministry of Coal,616232,HINGULA II OC EXPN PH III 15 M,1562,,284.22,34,2336.0,3.477070499657769,0.5436643835616438,20.36643835616438,0.18195902688860438,8.120571428571429,2022.0,11.0,7.0,0.16666666666666666,0.9696969696969697,0.2857142857142857,0.9714285714285714,,,,
69,Coal,Ministry of Coal,400018,HURA C OCP,859,,455.95,63,2425.0,3.7207392197125255,0.5604123711340206,-6.958762886597938,0.5307916181606519,7.12421875,2022.0,8.0,6.0,0.16666666666666666,0.9696969696969697,0.2857142857142857,0.9714285714285714,,,,
70,Coal,Ministry of Coal,615861,Indaram Opencast Project,425,,408.69,81,2799.0,8.744695414099931,1.1411218292247232,33.112182922472314,0.9616235294117647,4.984024390243903,2017.0,8.0,3.0,0.16666666666666666,0.96875,0.2857142857142857,0.9705882352941176,,,11.990801576872535,1.0
71,Coal,Ministry of Coal,616226,INTEGRATED KULDA GARJANBAHAL O,3564,,692.76,10,3634.0,3.030800821355236,0.3046230049532196,20.46230049532196,0.19437710437710437,62.97818181818182,2023.0,4.0,8.0,0.16666666666666666,0.9696969696969697,0.2857142857142857,0.9714285714285714,,,,
72,Coal,Ministry of Coal,400187,INTEGRATED LAKHANPUR-BELPAHAR-,2435,,2133.7,83,3235.0,7.939767282683094,0.8964451313755796,6.644513137557951,0.8762628336755646,25.401190476190475,2018.0,5.0,8.0,0.16666666666666666,0.9696969696969697,0.2857142857142857,0.9714285714285714,,,,
73,Coal,Ministry of Coal,612816,ITAPARA OCP,929,,132.43,8,2284.0,2.3353867214236823,0.37346760070052537,29.34676007005254,0.14255113024757804,14.714444444444446,2023.0,12.0,6.0,0.16666666666666666,0.9696969696969697,0.2857142857142857,0.9714285714285714,,,,
74,Coal,Ministry of Coal,616236,JARANGDIH EXPN. OCP 1.5 MTY,372,,85.6,33,3344.0,6.236824093086927,0.68122009569378,35.122009569377994,0.23010752688172043,2.5176470588235293,2020.0,2.0,2.0,0.16666666666666666,0.9696969696969697,0.2857142857142857,0.9714285714285714,,,,
75,Coal,Ministry of Coal,615818,Jawahar Khani Open Cast Mine,298,,50.39,20,1216.0,4.4106776180698155,1.3248355263157894,112.48355263157893,0.16909395973154362,2.3995238095238096,2021.0,12.0,1.0,0.16666666666666666,0.96875,0.2857142857142857,0.9705882352941176,,,23.98160315374507,1.0
76,Coal,Ministry of Coal,619032,JAYANT EXPN. [20 TO 38 MTPA],25560,,333.3,2,2589.0,1.1690622861054072,0.1649285438393202,14.49285438393202,0.013039906103286385,111.10000000000001,2025.0,2.0,9.0,0.16666666666666666,0.9696969696969697,0.2857142857142857,0.9714285714285714,,,,
77,Coal,Ministry of Coal,400312,JHANJRA EXPANSION UG,1210,,633.57,52,3271.0,6.036960985626283,0.6741057780495261,15.41057780495261,0.5236115702479339,11.954150943396227,2020.0,4.0,7.0,0.16666666666666666,0.9696969696969697,0.2857142857142857,0.9714285714285714,,,,
78,Coal,Ministry of Coal,400352,JHARKHAND-LAIYO OCP,655,,1.97,32,3870.0,5.678302532511978,0.5359173126614987,21.591731266149864,0.0030076335877862593,0.05969696969696969,2020.0,8.0,5.0,0.16666666666666666,0.9696969696969697,0.2857142857142857,0.9714285714285714,,,,
79,Coal,Ministry of Coal,613803,JHIRIA WEST OCP [1.5 MTY],367,,37.19,41,1887.0,2.2477754962354553,0.4350821409644939,2.508214096449386,0.10133514986376022,0.8854761904761904,2024.0,1.0,2.0,0.16666666666666666,0.9696969696969697,0.2857142857142857,0.9714285714285714,,,,
80,Coal,Ministry of Coal,615865,Kakatiyakhani OC - 2 Project,442,,253.41,64,2781.0,8.695414099931554,1.1420352391226178,50.20352391226179,0.5733257918552036,3.8986153846153844,2017.0,8.0,3.0,0.16666666666666666,0.96875,0.2857142857142857,0.9705882352941176,,,11.990801576872535,1.0
81,Coal,Ministry of Coal,615858,Kalyanikhani Opencast Project,384,,304.39,77,3682.0,10.16290212183436,1.0081477457903314,23.81477457903314,0.7926822916666666,3.9024358974358972,2016.0,3.0,2.0,0.16666666666666666,0.9696969696969697,0.2857142857142857,0.9714285714285714,,,,
82,Coal,Ministry of Coal,613802,KANCHAN OC EXP,371,,157.9,58,4122.0,11.367556468172484,1.007278020378457,42.727802037845706,0.42560646900269544,2.676271186440678,2014.0,12.0,2.0,0.16666666666666666,0.96875,0.2857142857142857,0.9705882352941176,,,24.014454664914584,1.0
83,Coal,Ministry of Coal,400074,KARO EXPANSION OCP,849,,237.61,23,2623.0,4.262833675564682,0.5935951200914983,36.35951200914983,0.2798704358068316,9.900416666666667,2022.0,1.0,5.0,0.16666666666666666,0.9696969696969697,0.2857142857142857,0.9714285714285714,,,,
84,Coal,Ministry of Coal,615191,KATKONA RO UG MINE,329,,62.01,2,2253.0,3.249828884325804,0.5268530847758545,50.685308477585444,0.1884802431610942,20.669999999999998,2023.0,1.0,1.0,0.16666666666666666,0.9696969696969697,0.2857142857142857,0.9714285714285714,,,,
85,Coal,Ministry of Coal,615183,KHADIA EXPANSION [10 TO 16 MTP,492,,379.69,57,1375.0,4.84599589322382,1.2872727272727273,71.72727272727275,0.7717276422764228,6.546379310344827,2021.0,6.0,3.0,0.16666666666666666,0.96875,0.2857142857142857,0.9705882352941176,,,23.98160315374507,1.0
86,Coal,Ministry of Coal,617278,KOLARPIMPRI EXPANSION OC [2.5,630,,0.61,0,2125.0,1.9000684462696784,0.3265882352941176,32.65882352941176,0.0009682539682539682,0.61,2024.0,6.0,4.0,0.16666666666666666,0.9696969696969697,0.2857142857142857,0.9714285714285714,,,,
87,Coal,Ministry of Coal,615199,KOLGAON EXPANSION DEEP OC MINE,199,,25.08,4,1523.0,3.252566735112936,0.7800393959290873,74.00393959290874,0.12603015075376883,5.016,2023.0,1.0,0.0,0.16666666666666666,0.9696969696969697,0.2857142857142857,0.9714285714285714,,,,
88,Coal,Ministry of Coal,400073,KONAR EXPANSION OCP,675,,175.59,51,3719.0,4.262833675564682,0.41866093035762303,-9.133906964237696,0.2601333333333333,3.376730769230769,2022.0,1.0,5.0,0.16666666666666666,0.9696969696969697,0.2857142857142857,0.9714285714285714,,,,
89,Coal,Ministry of Coal,400139,KOTRE BASANTPUR PACHMO OCP,625,625.4,456.48,46,4257.0,5.735797399041752,0.49213060840967815,3.213060840967813,0.730368,9.712340425531915,2020.0,8.0,4.0,0.2,0.9696969696969697,0.3333333333333333,0.9714285714285714,0.06399999999999637,0.0,,
90,Coal,Ministry of Coal,617287,KUSMUNDA OC EXPANSION PROJECT,4517,,847.19,24,1948.0,1.4154688569472964,0.26540041067761805,2.5400410677618055,0.18755589993358424,33.8876,2024.0,11.0,9.0,0.16666666666666666,0.9696969696969697,0.2857142857142857,0.9714285714285714,,,,
91,Coal,Ministry of Coal,619172,MADANNAGAR OCP 12 MTY - MDO,1859,,0.45,0,3023.0,1.3579739904175223,0.16407542176645717,16.407542176645716,0.0002420656266810113,0.45,2024.0,12.0,7.0,0.16666666666666666,0.9696969696969697,0.2857142857142857,0.9714285714285714,,,,
92,Coal,Ministry of Coal,613801,MAHAMAYA OCP [1.50 MTY],410,,188.72,55,2868.0,7.9342915811088295,1.0104602510460252,46.04602510460252,0.4602926829268293,3.37,2018.0,5.0,3.0,0.16666666666666666,0.96875,0.2857142857142857,0.9705882352941176,,,24.014454664914584,1.0
93,Coal,Ministry of Coal,615189,MAKARDHOKRA EXPN OC 4.9 MTY,362,,104.17,12,1386.0,3.8767967145790556,1.0216450216450217,90.16450216450217,0.28776243093922654,8.013076923076923,2022.0,6.0,2.0,0.16666666666666666,0.96875,0.2857142857142857,0.9705882352941176,,,11.990801576872535,1.0
94,Coal,Ministry of Coal,617288,MANIKPUR OC EXPANSION PROJECT,383,,138.87,21,1538.0,1.2922655715263518,0.3068920676202861,9.689206762028608,0.36258485639686683,6.3122727272727275,2025.0,1.0,2.0,0.16666666666666666,0.9696969696969697,0.2857142857142857,0.9714285714285714,,,,
95,Coal,Ministry of Coal,400173,MOHANPUR EXPANSION OC -PHASE I,889,,153.96,32,1966.0,5.464750171115674,1.0152594099694812,69.52594099694812,0.1731833520809899,4.665454545454546,2020.0,11.0,6.0,0.16666666666666666,0.96875,0.2857142857142857,0.9705882352941176,,,47.99605781865966,1.0
96,Coal,Ministry of Coal,400425,MOONIDIH XV SEAM UG,1230,,800.25,84,2788.0,14.715947980835045,1.9279053084648494,108.79053084648496,0.650609756097561,9.41470588235294,2011.0,8.0,7.0,0.16666666666666666,0.96875,0.2857142857142857,0.9705882352941176,,,89.55321944809461,1.0
97,Coal,Ministry of Coal,613808,MURAIDIH UG PROJECT,340,,191.14,70,1171.0,15.206023271731691,4.742954739538856,404.2954739538856,0.5621764705882353,2.692112676056338,2011.0,2.0,2.0,0.16666666666666666,0.96875,0.2857142857142857,0.9705882352941176,,,152.03679369250986,1.0
98,Coal,Ministry of Coal,615919,N. EXTN. MUNGOLI NIRGUDA D OCP,1025,,218.26,28,1760.0,1.9000684462696784,0.39431818181818185,11.431818181818187,0.21293658536585364,7.526206896551724,2024.0,6.0,6.0,0.16666666666666666,0.9696969696969697,0.2857142857142857,0.9714285714285714,,,,
99,Coal,Ministry of Coal,615857,Naini Coal Mine,494,,491.33,80,2221.0,6.16290212183436,1.0135074290859973,21.350742908599727,0.9945951417004049,6.065802469135802,2020.0,3.0,4.0,0.16666666666666666,0.9696969696969697,0.2857142857142857,0.9714285714285714,,,,
100,Coal,Ministry of Coal,400181,NAKRAKONDA KUMARDIH- B OCP,503,502.67,88.9,29,3885.0,7.7180013689253935,0.7256113256113256,43.56113256113255,0.1767395626242545,2.9633333333333334,2018.0,8.0,4.0,0.2,0.9696969696969697,0.3333333333333333,0.9714285714285714,-0.06560636182902267,0.0,,
101,Coal,Ministry of Coal,615188,NEW MAJRI UG TO OC 3 MTY COST,402,,67.81,24,2867.0,6.93223819301848,0.8831531217300314,64.31531217300314,0.168681592039801,2.7124,2019.0,5.0,3.0,0.16666666666666666,0.9696969696969697,0.2857142857142857,0.9714285714285714,,,,
102,Coal,Ministry of Coal,400321,NIGAHI EXPANSION [15 TO 25 MTP,1730,,985.35,54,1601.0,5.464750171115674,1.2467207995003122,70.67207995003122,0.5695664739884393,17.915454545454544,2020.0,11.0,7.0,0.16666666666666666,0.96875,0.2857142857142857,0.9705882352941176,,,36.00525624178712,1.0
103,Coal,Ministry of Coal,615982,NILJAI EXPANSION DEEP OCP,320,,196.82,80,2042.0,9.672826830937714,1.7301665034280118,93.01665034280117,0.6150625,2.4298765432098763,2016.0,8.0,1.0,0.16666666666666666,0.96875,0.2857142857142857,0.9705882352941176,,,59.98685939553219,1.0
104,Coal,Ministry of Coal,617764,North Dhadu Western Part OCP,1354,,233.77,40,2003.0,2.565366187542779,0.4677983025461807,6.779830254618069,0.17265140324963074,5.701707317073171,2023.0,10.0,7.0,0.16666666666666666,0.9696969696969697,0.2857142857142857,0.9714285714285714,,,,
105,Coal,Ministry of Coal,400151,NORTH URIMARI EXPANSION OCP,634,,598.34,69,2819.0,4.799452429842574,0.6218517204682511,-6.814827953174891,0.9437539432176657,8.547714285714287,2021.0,7.0,5.0,0.16666666666666666,0.9696969696969697,0.2857142857142857,0.9714285714285714,,,,
106,Coal,Ministry of Coal,616230,PARASCOLE JAMBAD OCP,1194,,11.81,0,4505.0,1.4154688569472964,0.11476137624861266,11.476137624861266,0.009891122278056951,11.81,2024.0,11.0,7.0,0.16666666666666666,0.9696969696969697,0.2857142857142857,0.9714285714285714,,,,
107,Coal,Ministry of Coal,613794,PARASEA-BELBAID UG PROJECT,389,,132.48,22,1886.0,3.24435318275154,0.6283138918345705,40.831389183457055,0.3405655526992288,5.76,2023.0,1.0,2.0,0.16666666666666666,0.9696969696969697,0.2857142857142857,0.9714285714285714,,,,
108,Coal,Ministry of Coal,616234,PELMA OC MDO,1725,,16.71,24,3821.0,3.542778918548939,0.33865480240774665,9.865480240774666,0.009686956521739131,0.6684,2022.0,10.0,7.0,0.16666666666666666,0.9696969696969697,0.2857142857142857,0.9714285714285714,,,,
109,Coal,Ministry of Coal,400144,PORDA CHIMTAPANI OCP [10 MTY],2310,,118.97,12,3019.0,5.347022587268994,0.6469029479960252,52.690294799602526,0.0515021645021645,9.151538461538461,2020.0,12.0,8.0,0.16666666666666666,0.9696969696969697,0.2857142857142857,0.9714285714285714,,,,
110,Coal,Ministry of Coal,400160,RAJRAPPA RCE OCP,511,,488.71,76,2290.0,16.35044490075291,2.6078602620087334,184.78602620087332,0.9563796477495107,6.346883116883117,2009.0,12.0,4.0,0.16666666666666666,0.96875,0.2857142857142857,0.9705882352941176,,,131.96452036793693,1.0
111,Coal,Ministry of Coal,617416,"Revised Jharia Master Plan for Dealing with Fire, Subsidence & Rehabilitation of affected families in Jharia Coalfield- Reg.",5940,,520.75,34,1285.0,0.8459958932238193,0.24046692607003892,-9.95330739299611,0.08766835016835017,14.878571428571428,2025.0,6.0,9.0,0.16666666666666666,0.9696969696969697,0.2857142857142857,0.9714285714285714,,,,
112,Coal,Ministry of Coal,619171,RPR FOR DURGAPUR OCP 10 MTY,2416,,2.99,0,2403.0,0.6598220396988365,0.10029130253849355,10.029130253849356,0.0012375827814569537,2.99,2025.0,9.0,8.0,0.16666666666666666,0.9696969696969697,0.2857142857142857,0.9714285714285714,,,,
113,Coal,Ministry of Coal,619053,RPR FOR RAMPUR BATURA OCP,1605,,75.28,0,1766.0,0.917180013689254,0.1896942242355606,18.96942242355606,0.04690342679127726,75.28,2025.0,5.0,7.0,0.16666666666666666,0.9696969696969697,0.2857142857142857,0.9714285714285714,,,,
114,Coal,Ministry of Coal,400150,RPR MAGADH EXP OCP,6964,,2299.77,39,2796.0,5.735797399041752,0.7492846924177397,35.92846924177397,0.330236932797243,57.49425,2020.0,8.0,9.0,0.16666666666666666,0.9696969696969697,0.2857142857142857,0.9714285714285714,,,,
115,Coal,Ministry of Coal,615918,RPR OF BHANEGAON OC,405,,43.16,16,4075.0,9.23750855578371,0.8279754601226994,66.79754601226995,0.1065679012345679,2.5388235294117645,2017.0,2.0,3.0,0.16666666666666666,0.9696969696969697,0.2857142857142857,0.9714285714285714,,,,
116,Coal,Ministry of Coal,615187,RPR OF VISHNUPURI UG TO OC,221,,0.0,11,2339.0,3.485284052019165,0.5442496793501497,43.42496793501497,0.0,0.0,2022.0,11.0,0.0,0.16666666666666666,0.9696969696969697,0.2857142857142857,0.9714285714285714,,,,
117,Coal,Ministry of Coal,613804,RPR TAWA-III UG 0.84 MTY,314,,17.9,18,1919.0,4.336755646817249,0.8254299114121939,64.54299114121939,0.05700636942675159,0.9421052631578947,2021.0,12.0,1.0,0.16666666666666666,0.9696969696969697,0.2857142857142857,0.9714285714285714,,,,
118,Coal,Ministry of Coal,400136,SANGHMITRA OC,2660,,17.03,17,2927.0,2.0944558521560577,0.2613597540143492,9.13597540143492,0.006402255639097745,0.9461111111111111,2024.0,3.0,8.0,0.16666666666666666,0.9696969696969697,0.2857142857142857,0.9714285714285714,,,,
119,Coal,Ministry of Coal,615184,SAONER UG MINE -1 EXPANSION 1.,229,,157.01,69,2251.0,4.243668720054757,0.6885828520657485,-0.1417147934251517,0.6856331877729257,2.243,2022.0,1.0,0.0,0.16666666666666666,0.9696969696969697,0.2857142857142857,0.9714285714285714,,,,
120,Coal,Ministry of Coal,619055,SAONER-III EXPN UG MINE 1.54,444,,0.0,0,2410.0,0.6789869952087612,0.10290456431535269,10.290456431535269,0.0,0.0,2025.0,8.0,3.0,0.16666666666666666,0.9696969696969697,0.2857142857142857,0.9714285714285714,,,,
121,Coal,Ministry of Coal,615186,SASTI EXPANSION OPENCAST,319,,155.37,32,2065.0,5.735797399041752,1.0145278450363195,69.45278450363196,0.48705329153605015,4.708181818181818,2020.0,8.0,1.0,0.16666666666666666,0.96875,0.2857142857142857,0.9705882352941176,,,11.990801576872535,1.0
122,Coal,Ministry of Coal,615195,SHARDA UG MINE,166,,5.93,9,2072.0,3.753593429158111,0.6616795366795367,57.16795366795367,0.035722891566265055,0.593,2022.0,7.0,0.0,0.16666666666666666,0.9696969696969697,0.2857142857142857,0.9714285714285714,,,,
123,Coal,Ministry of Coal,613793,SHYAMSUNDARPUR UG INCLUDING SA,484,,96.8,17,2175.0,6.036960985626283,1.013793103448276,84.37931034482759,0.19999999999999998,5.377777777777777,2020.0,4.0,3.0,0.16666666666666666,0.96875,0.2857142857142857,0.9705882352941176,,,24.014454664914584,1.0
124,Coal,Ministry of Coal,400166,SIARMAL OCP,5195,,3543.45,61,2979.0,5.23750855578371,0.6421617992614972,3.216179926149721,0.6820885466794995,57.152419354838706,2021.0,2.0,9.0,0.16666666666666666,0.9696969696969697,0.2857142857142857,0.9714285714285714,,,,
125,Coal,Ministry of Coal,615190,SINGHORI DEEP OC MIN 2.0 MTY,336,,53.94,10,2522.0,3.9863107460643397,0.5773195876288659,47.73195876288659,0.16053571428571428,4.903636363636363,2022.0,5.0,1.0,0.16666666666666666,0.9696969696969697,0.2857142857142857,0.9714285714285714,,,,
126,Coal,Ministry of Coal,615822,SIRKA OC,183,,89.92,56,2888.0,5.987679671457905,0.7572714681440443,19.727146814404435,0.4913661202185792,1.577543859649123,2020.0,5.0,0.0,0.16666666666666666,0.9696969696969697,0.2857142857142857,0.9714285714285714,,,,
127,Coal,Ministry of Coal,400315,SONEPUR BAZARI EXPANSION OCP [,5366,,697.64,18,2803.0,4.75564681724846,0.6196931858722797,43.969318587227974,0.13001118151323146,36.717894736842105,2021.0,7.0,9.0,0.16666666666666666,0.9696969696969697,0.2857142857142857,0.9714285714285714,,,,
128,Coal,Ministry of Coal,400165,SUBHADRA OCP,1694,,1332.87,47,3982.0,4.919917864476386,0.4512807634354596,-1.8719236564540438,0.7868181818181817,27.768124999999998,2021.0,5.0,7.0,0.16666666666666666,0.9696969696969697,0.2857142857142857,0.9714285714285714,,,,
129,Coal,Ministry of Coal,618982,Talabira II & III OCP - FMC,522,,334.44,75,1318.0,3.4962354551676933,0.9688922610015175,21.889226100151745,0.6406896551724138,4.400526315789474,2022.0,10.0,4.0,0.16666666666666666,0.96875,0.2857142857142857,0.9705882352941176,,,6.701708278580814,1.0
130,Coal,Ministry of Coal,615349,TAPIN SOUTH EXPN,230,,22.02,24,2704.0,5.4839151266255985,0.7407544378698225,50.07544378698225,0.0957391304347826,0.8808,2020.0,11.0,0.0,0.16666666666666666,0.9696969696969697,0.2857142857142857,0.9714285714285714,,,,
131,Coal,Ministry of Coal,615843,TETARIAKHAR OC,233,,50.82,30,1974.0,6.485968514715948,1.2001013171225938,90.01013171225938,0.21811158798283262,1.6393548387096775,2019.0,11.0,0.0,0.16666666666666666,0.96875,0.2857142857142857,0.9705882352941176,,,23.98160315374507,1.0
132,Coal,Ministry of Coal,615820,TIKAK EXTENSION OCP,160,,112.69,90,3286.0,3.8193018480492813,0.42452830188679247,-47.54716981132076,0.7043125,1.2383516483516483,2022.0,7.0,0.0,0.16666666666666666,0.9696969696969697,0.2857142857142857,0.9714285714285714,,,,
133,Coal,Ministry of Coal,400186,TILABONI UG,749,749.07,53.97,12,2251.0,3.24435318275154,0.5264326965792981,40.643269657929814,0.07205607476635514,4.151538461538461,2023.0,1.0,5.0,0.2,0.9696969696969697,0.3333333333333333,0.9714285714285714,0.009345794392530042,0.0,,
134,Coal,Ministry of Coal,615821,TIRAP OCP,289,,105.66,5,2921.0,3.4195756331279945,0.42759328996918866,37.75932899691887,0.3656055363321799,17.61,2022.0,11.0,1.0,0.16666666666666666,0.9696969696969697,0.2857142857142857,0.9714285714285714,,,,
135,Coal,Ministry of Coal,616044,UKNI DEEP OC MINE -COST PLUS,237,,168.91,95,866.0,7.452429842573579,3.143187066974596,219.31870669745956,0.7127004219409283,1.7594791666666667,2018.0,11.0,0.0,0.16666666666666666,0.96875,0.2857142857142857,0.9705882352941176,,,71.97766097240472,1.0
136,Coal,Ministry of Coal,615194,URDHAN EXPANSION OC COST PLUS,207,,50.69,2,3167.0,3.753593429158111,0.4329017998105463,41.29017998105463,0.24487922705314008,16.896666666666665,2022.0,7.0,0.0,0.16666666666666666,0.9696969696969697,0.2857142857142857,0.9714285714285714,,,,
137,Coal,Ministry of Coal,615863,Venkatesh Khani Coal Mine,484,,477.14,97,2007.0,5.577002053388091,1.014947683109118,4.494768310911795,0.9858264462809917,4.868775510204081,2020.0,10.0,3.0,0.16666666666666666,0.9696969696969697,0.2857142857142857,0.9714285714285714,,,,
138,Coal,Ministry of Coal,617233,WAGHODA UG MINE [1.02 MTY],379,,0.0,0,2253.0,2.2505133470225873,0.3648468708388815,36.484687083888154,0.0,0.0,2024.0,1.0,2.0,0.16666666666666666,0.9696969696969697,0.2857142857142857,0.9714285714285714,,,,
139,Coal,Ministry of Power,603293,Badam Coal Mining project of NTPC,502,784.0,438.57,68,13848.0,7.241615331964408,0.19100231080300403,-48.899768919699596,0.8736454183266932,6.356086956521739,2019.0,2.0,4.0,0.0,1.0,0.8888888888888888,0.8939393939393939,56.17529880478087,1.0,-356.9973718791064,0.0
140,Coal,Ministry of Power,400192,Tubed Coal Mine,1581,,624.86,37,3612.0,9.804243668720055,0.9914174972314507,62.14174972314507,0.3952308665401645,16.443684210526317,2016.0,7.0,7.0,0.16666666666666666,0.96875,0.8947368421052632,0.8787878787878788,,,6.9973718791064385,1.0
141,Construction,Ministry of Housing & Urban Affairs,617412,"Construction of One Tower of Office Complex and another Tower of Residential quarters i/c internal water supply, sanitary installation and all development and bulk services, Horticulture works on EPC Mode-I basis i/c comprehensive operation and maintenance of Civil, E&M services for 7 years after completion of original construction work for Ranga Reddy, Secunderabad, Medchal, AuditI, Audit-II Commissionerates of Central Tax at Khajaguda, Serilingampally, Hyderabad.",644,,188.69,26,1287.0,2.113620807665982,0.5998445998445998,33.98445998445998,0.29299689440993787,6.988518518518519,2024.0,3.0,9.0,0.4309978768577495,0.7589348283111422,0.6923076923076923,0.9032258064516129,,,,
142,Construction,Ministry of Mines,617280,"Construction of Basement + Ground Floor+ 10 Storeyed building for State of the Art Director General, GSI Building at plot No.GN-40, Sector-V, Salt Lake, Kolkata",255,,98.94,64,2694.0,7.039014373716633,0.9543429844097996,31.43429844097996,0.388,1.5221538461538462,2019.0,4.0,0.0,0.4309978768577495,0.7589348283111422,1.0,1.0,,,,
143,Education,Department of Higher Education,619033,"1000 seater Boys hostel, 500 seater Girls hostel, 1.5 MLD Sewage Treatment Plant and Faculty Residence - 72 nos. Flats",199,,53.01,50,1032.0,2.6584531143052703,0.9408914728682171,44.0891472868217,0.26638190954773866,1.0394117647058823,2023.0,9.0,0.0,0.42857142857142855,0.8571428571428571,0.46153846153846156,0.85,,,14.027595269382392,1.0
144,Education,Department of Higher Education,606013,Additional Campus of NITPatna,499,,449.96,99,740.0,3.7727583846680357,1.8621621621621622,87.21621621621622,0.9017234468937876,4.4996,2022.0,7.0,6.0,0.42857142857142855,0.8571428571428571,0.46153846153846156,0.85,,,18.035479632063073,1.0
145,Education,Department of Higher Education,606479,Banaras Hindu University [ Kayakalp of Institute of Medical Sciences],246,,212.35,99,830.0,5.853524982888432,2.575903614457831,158.59036144578312,0.8632113821138211,2.1235,2020.0,6.0,1.0,0.42857142857142855,0.8571428571428571,0.46153846153846156,0.85,,,57.98291721419185,1.0
146,Education,Department of Higher Education,611963,"Construction & Development of Infrastructural Facilities in the main campus of NIT Uttarakhand at Sumari, Pauri Garhwal",651,,401.56,63,2648.0,5.831622176591376,0.804380664652568,17.438066465256796,0.6168356374807987,6.274375,2020.0,6.0,7.0,0.42857142857142855,0.8636363636363636,0.46153846153846156,0.8571428571428571,,,,
147,Education,Department of Higher Education,612885,Construction and Developement of National Institute of Technology Meghalaya Permanent Campus at Sohra,495,429.7,377.82,98,4578.0,16.61601642710472,1.3256880733944953,34.568807339449535,0.7632727272727272,3.8163636363636364,2009.0,9.0,5.0,0.46153846153846156,0.8571428571428571,0.5,0.85,-13.191919191919194,0.0,55.02628120893561,1.0
148,Education,Department of Higher Education,617221,"Construction of Girls Hostel 400 seater, Boys Hostel 600 seater, Academic Block, International Hostel 100 seater, VC Residence and Purchase of Equipment",211,,99.02,58,1158.0,1.7440109514031485,0.5500863557858376,-2.991364421416236,0.46928909952606634,1.6783050847457626,2024.0,8.0,0.0,0.42857142857142855,0.8636363636363636,0.46153846153846156,0.8571428571428571,,,,
149,Education,Department of Higher Education,611961,Construction of IIT Bhubaneswar -Phase III,454,,102.15,10,1023.0,2.242299794661191,0.8005865102639296,70.05865102639295,0.225,9.286363636363637,2024.0,2.0,4.0,0.42857142857142855,0.8636363636363636,0.46153846153846156,0.8571428571428571,,,,
150,Education,Department of Higher Education,602098,"Construction of Permanent Campus for IIM Jammu Phase-1 at Jagti, Nagrota, Jammu, J&K",425,500.91,484.52,96,1582.0,7.1649555099247095,1.654235145385588,69.42351453855878,1.1400470588235294,4.995051546391752,2019.0,3.0,4.0,0.38461538461538464,0.8571428571428571,0.4166666666666667,0.85,17.86117647058824,1.0,29.040735873850196,1.0
151,Education,Department of Higher Education,606431,CONSTRUCTION OF PERMANENT CAMPUS FOR IIT PALAKKAD UNDER PHASE 1A,1006,1217.4,686.2,86,1802.0,8.829568788501026,1.7896781354051055,92.96781354051055,0.6821073558648112,7.887356321839081,2017.0,7.0,8.0,0.38461538461538464,0.8571428571428571,0.4166666666666667,0.85,21.013916500994046,1.0,48.75164257555847,1.0
152,Education,Department of Higher Education,612876,"Construction of Permanent Campus for NIT Mizoram at Lengpui, Aizawl",474,474.23,167.55,4,7410.0,16.61601642710472,0.8190283400809717,77.90283400809717,0.35348101265822784,33.510000000000005,2009.0,9.0,5.0,0.46153846153846156,0.9047619047619048,0.5,0.9,0.04852320675105869,0.0,-93.03547963206307,0.0
153,Education,Department of Higher Education,613008,Construction of Permanent Campus of Central Tribal University of Andhra Pradesh Phase-1,305,,67.73,44,2838.0,6.614647501711157,0.8513037350246653,41.130373502466526,0.22206557377049183,1.5051111111111113,2019.0,9.0,2.0,0.42857142857142855,0.8636363636363636,0.46153846153846156,0.8571428571428571,,,,
154,Education,Department of Higher Education,612916,"Construction of permanent campus of Central University of Gujarat at Village kundhela, Dist. Vadodara, Gujarat.",491,,342.26,86,1554.0,5.336071184120465,1.2541827541827542,39.418275418275414,0.6970672097759674,3.934022988505747,2020.0,12.0,5.0,0.42857142857142855,0.8571428571428571,0.46153846153846156,0.85,,,11.990801576872535,1.0
155,Education,Department of Higher Education,612894,"Construction of Permanent Campus of Central University of Himachal Pradesh at Dehra, District - Kangra, [H.P.] on Engineering. Procurement and Construction [EPC Mode 1] Basis.",252,300.45,223.6,86,1349.0,5.138945927446954,1.3914010378057822,53.140103780578215,0.8873015873015873,2.5701149425287357,2021.0,3.0,1.0,0.38461538461538464,0.8571428571428571,0.4166666666666667,0.85,19.22619047619047,1.0,16.16294349540079,1.0
156,Education,Department of Higher Education,605292,"Construction of Permanent Campus of Indian Institute of Management [IIM] Amritsar, Punjab, Phase-I",348,386.86,293.24,92,1368.0,6.579055441478439,1.756578947368421,83.65789473684211,0.8426436781609196,3.1531182795698927,2019.0,10.0,3.0,0.38461538461538464,0.8571428571428571,0.4166666666666667,0.85,11.166666666666671,1.0,40.70302233902759,1.0
157,Education,Department of Higher Education,612898,Construction of Permanent Campus of National Institute of Technology Arunachal Pradesh,593,,551.3,80,6192.0,16.61601642710472,0.9801356589147286,18.013565891472865,0.9296795952782462,6.806172839506172,2009.0,9.0,7.0,0.42857142857142855,0.9047619047619048,0.46153846153846156,0.9,,,-23.98160315374507,0.0
158,Education,Department of Higher Education,609996,Construction of Precast housing and hostels at IIT Hyderabad,262,,223.65,90,755.0,3.583846680355921,1.733774834437086,83.3774834437086,0.8536259541984733,2.457692307692308,2022.0,9.0,1.0,0.42857142857142855,0.8571428571428571,0.46153846153846156,0.85,,,14.290407358738502,1.0
159,Education,Department of Higher Education,609736,"Construction of Sikkim University Campus Phase-I Package-II at Yangang, South Sikkim",314,340.55,292.0,96,1617.0,5.7440109514031485,1.2974644403215831,33.74644403215831,0.9299363057324841,3.0103092783505154,2020.0,8.0,2.0,0.38461538461538464,0.8571428571428571,0.4166666666666667,0.85,8.455414012738856,1.0,21.846254927726676,1.0
160,Education,Department of Higher Education,616886,Delhi University Eastern Campus at Surajmal Vihar,373,,31.53,14,761.0,1.5797399041752225,0.7582128777923784,61.82128777923785,0.08453083109919571,2.102,2024.0,9.0,3.0,0.42857142857142855,0.8636363636363636,0.46153846153846156,0.8571428571428571,,,,
161,Education,Department of Higher Education,613013,Establishment of NIT Nagaland,276,,263.25,98,5949.0,16.61601642710472,1.0201714573877962,4.017145738779618,0.9538043478260869,2.659090909090909,2009.0,9.0,2.0,0.42857142857142855,0.8636363636363636,0.46153846153846156,0.8571428571428571,,,,
162,Education,Department of Higher Education,612877,Establishment of NIT Puducherry Permanent Campus [Phase-I and Phase-II],618,544.34,543.74,100,5584.0,16.61601642710472,1.086855300859599,8.685530085959897,0.8798381877022654,5.3835643564356435,2009.0,9.0,7.0,0.46153846153846156,0.8571428571428571,0.5,0.85,-11.919093851132681,0.0,16.95137976346912,1.0
163,Education,Department of Higher Education,612883,Establishment of Permanent Campus of NIT SIkkim at Khamdong-Gangtok District,686,610.76,283.56,38,1461.0,2.212183436002738,0.5530458590006845,17.304585900068446,0.4133527696793003,7.270769230769231,2024.0,2.0,8.0,0.46153846153846156,0.9047619047619048,0.5,0.9,-10.96793002915452,0.0,-13.403416557161629,0.0
164,Education,Department of Higher Education,602099,Establishment of Permanent campus Phase 1 of IIM Sirmaur,393,454.78,339.65,99,1870.0,7.616700889801506,1.4877005347593584,49.77005347593584,0.8642493638676845,3.3964999999999996,2018.0,9.0,4.0,0.38461538461538464,0.8571428571428571,0.4166666666666667,0.85,15.720101781170476,1.0,34.00131406044678,1.0
165,Education,Department of Higher Education,609019,"HEFA projects on development of student hostels, playgrounds, departmental buildings, class room complex and other campus facilities in IIT Kharagpur",500,442.0,418.86,97,1740.0,7.846680355920602,1.6471264367816092,67.71264367816093,0.83772,4.274081632653061,2018.0,6.0,6.0,0.46153846153846156,0.8571428571428571,0.5,0.85,-11.600000000000001,0.0,45.039421813403415,1.0
166,Education,Department of Higher Education,612128,Hostel blocks & dining hall block,167,,138.26,93,1094.0,3.0910335386721424,1.0319926873857403,10.199268738574034,0.8279041916167664,1.4708510638297871,2023.0,3.0,0.0,0.42857142857142855,0.8571428571428571,0.46153846153846156,0.85,,,6.176084099868594,1.0
167,Education,Department of Higher Education,610315,IISER BERHAMPUR,1229,843.09,874.09,98,889.0,7.515400410677618,3.0877390326209224,210.77390326209223,0.7112205044751831,8.829191919191919,2018.0,10.0,9.0,0.46153846153846156,0.8571428571428571,0.5,0.85,-31.400325467860046,0.0,62.97634691195795,1.0
168,Education,Department of Higher Education,612851,"Phase 1B - Construction of Academic Block, Hostel, Residential Tower, Directors Residence and External Development works at National Institute of Technology, Delhi Campus on Engineering, Procurement and Construction basis",333,336.42,336.42,100,5857.0,16.61601642710472,1.0361960047806045,3.6196004780604483,1.0102702702702704,3.330891089108911,2009.0,9.0,3.0,0.46153846153846156,0.8571428571428571,0.5,0.85,1.0270270270270319,0.0,4.040735873850197,1.0
169,Education,Department of Higher Education,617877,Phase B Construction of Permanent Campus of IIT Bhilai,1189,,1.92,0,1251.0,0.919917864476386,0.2685851318944844,26.85851318944844,0.001614802354920101,1.92,2025.0,5.0,9.0,0.42857142857142855,0.8636363636363636,0.46153846153846156,0.8571428571428571,,,,
170,Education,Department of Higher Education,617878,Phase B of Construction of Permanent Campus of IIT Palakkad,1527,,9.8,0,1251.0,0.919917864476386,0.2685851318944844,26.85851318944844,0.00641781270464964,9.8,2025.0,5.0,9.0,0.42857142857142855,0.8636363636363636,0.46153846153846156,0.8571428571428571,,,,
171,Education,Department of Higher Education,611957,"Phase III A works at IIT Indore [03 Hostels, 01 Studio Apartment, 01 Housing, Heavy & Sophisticated lab complex, Academic POD and Infrastructure for center of excellence]",496,,97.35,68,1150.0,2.3408624229979464,0.7434782608695653,6.34782608695653,0.19627016129032257,1.4108695652173913,2023.0,12.0,6.0,0.42857142857142855,0.8636363636363636,0.46153846153846156,0.8571428571428571,,,,
172,Education,Department of Higher Education,606112,Tezpur University Projects,154,,266.14,98,1624.0,6.921286789869952,1.5566502463054188,57.66502463054189,1.728181818181818,2.688282828282828,2019.0,5.0,0.0,0.42857142857142855,0.8571428571428571,0.46153846153846156,0.85,,,25.755584756898816,1.0
173,Education,Department of Sports,400081,"National Sports University [NSU], Imphal [Manipur]",906,611.74,577.32,98,805.0,3.8795345653661877,1.7602484472049689,78.0248447204969,0.6372185430463577,5.831515151515152,2022.0,6.0,8.0,0.46153846153846156,0.8571428571428571,0.4309978768577495,0.7589348283111422,-32.47902869757174,0.0,23.390275952693823,1.0
174,Electricity Generation,Ministry of Coal,618992,100 MW SPP part of SECI 150 MW Hybrid,481,,2.75,1,1624.0,3.7754962354551678,0.8491379310344828,83.91379310344827,0.005717255717255718,1.375,2022.0,7.0,0.0,0.875,0.7777777777777778,0.2857142857142857,0.9714285714285714,,,,
175,Electricity Generation,Ministry of Coal,618991,200 MW SPP part of 510 MW CPSU scheme,1221,,71.51,0,1624.0,3.7754962354551678,0.8491379310344828,84.91379310344827,0.058566748566748573,71.51,2022.0,7.0,1.0,0.875,0.7777777777777778,0.2857142857142857,0.9714285714285714,,,,
176,Electricity Generation,Ministry of Coal,617299,50 MW Wind Power Project,384,,333.34,52,1075.0,3.7754962354551678,1.2827906976744186,76.27906976744185,0.8680729166666666,6.289433962264151,2022.0,7.0,0.0,0.875,0.7692307692307693,0.2857142857142857,0.9705882352941176,,,18.035479632063073,1.0
177,Electricity Generation,Ministry of Coal,617730,600 MW Khavda Solar Power Project,3336,,2122.95,62,1064.0,2.746064339493498,0.9426691729323309,32.26691729323309,0.6363758992805755,33.69761904761904,2023.0,8.0,3.0,0.875,0.7692307692307693,0.2857142857142857,0.9705882352941176,,,6.044678055190539,1.0
178,Electricity Generation,Ministry of Coal,618981,810 MW Solar Power Project - Rajasthan,4147,,249.95,0,1262.0,1.5523613963039014,0.44928684627575277,44.92868462757528,0.060272486134555096,249.95,2024.0,10.0,3.0,0.875,0.7777777777777778,0.2857142857142857,0.9714285714285714,,,,
179,Electricity Generation,Ministry of Coal,400231,NLC Talabira Thermal Power Project,27213,,3574.21,4,4813.0,9.259411362080767,0.7026802410139207,66.26802410139207,0.13134200565906,714.842,2017.0,1.0,8.0,0.875,0.7777777777777778,0.2857142857142857,0.9714285714285714,,,,
180,Electricity Generation,Ministry of Power,611699,186 MW Tato-I H E Project,1750,,79.45,6,1691.0,1.3826146475017111,0.29863985807214666,23.863985807214664,0.0454,11.35,2024.0,12.0,2.0,0.875,0.7777777777777778,0.8947368421052632,0.8805970149253731,,,,
181,Electricity Generation,Ministry of Power,611698,240MW Heo HE Project,1939,,106.28,7,1691.0,1.3826146475017111,0.29863985807214666,22.863985807214664,0.05481175863847344,13.285,2024.0,12.0,2.0,0.875,0.7777777777777778,0.8947368421052632,0.8805970149253731,,,,
182,Electricity Generation,Ministry of Power,611716,700 MW Tato-II HE Project,8146,,253.97,7,2190.0,0.6516084873374401,0.108675799086758,3.8675799086757987,0.03117726491529585,31.74625,2025.0,9.0,5.0,0.875,0.7777777777777778,0.8947368421052632,0.8805970149253731,,,,
183,Electricity Generation,Ministry of Power,709747,Bagodara Solar Power Project,339,,370.0,52,1741.0,5.0951403148528405,1.0689259046524986,54.89259046524985,1.0914454277286136,6.981132075471698,2021.0,3.0,0.0,0.875,0.8076923076923077,0.8947368421052632,0.8939393939393939,,,0.0,0.0
184,Electricity Generation,Ministry of Power,602579,Buxar Thermal Power Project [1320 MW],10439,13756.6,13731.8,95,1767.0,7.145790554414784,1.4770797962648556,52.70797962648555,1.3154325126927866,143.03958333333333,2019.0,3.0,6.0,0.8666666666666667,0.7692307692307693,0.8888888888888888,0.8787878787878788,31.780821917808222,1.0,28.679369250985545,1.0
185,Electricity Generation,Ministry of Power,619056,"Darlipali Super Thermal Power Project, Stage-II [1x800 MW]",11131,,566.2,3,1912.0,0.4791238877481177,0.09152719665271966,6.152719665271967,0.05086694816278861,141.55,2025.0,11.0,6.0,0.875,0.7692307692307693,0.8947368421052632,0.8787878787878788,,,3.9421813403416555,1.0
186,Electricity Generation,Ministry of Power,602582,Dhaulasidh Hydro Electric Project [66 MW],688,1763.31,1275.68,81,1861.0,5.577002053388091,1.0945728103170338,28.457281031703374,1.854186046511628,15.557073170731709,2020.0,10.0,0.0,0.8666666666666667,0.7692307692307693,0.8888888888888888,0.8787878787878788,156.2950581395349,1.0,16.78712220762155,1.0
187,Electricity Generation,Ministry of Power,602182,Dibang Multipurpose Project,31876,,4921.36,18,3286.0,3.1704312114989732,0.3524041387705417,17.240413877054173,0.15439076421131884,259.01894736842104,2023.0,2.0,9.0,0.875,0.8076923076923077,0.8947368421052632,0.8939393939393939,,,0.0,0.0
188,Electricity Generation,Ministry of Power,618976,"Gadarwara Super Thermal Power Project, Stage-II [2x800 MW]",20446,,2329.76,12,1972.0,1.4811772758384667,0.27434077079107505,15.434077079107507,0.1139469822948254,179.21230769230772,2024.0,11.0,8.0,0.875,0.8076923076923077,0.8947368421052632,0.8939393939393939,,,0.0,0.0
189,Electricity Generation,Ministry of Power,602538,Installation of FGD for 4x210 & 2x250 MW MTPS U 1-6,1037,1106.0,1143.06,97,1672.0,6.847364818617385,1.4958133971291867,52.58133971291866,1.1022757955641271,11.663877551020407,2019.0,6.0,1.0,0.8666666666666667,0.7692307692307693,0.8888888888888888,0.8787878787878788,6.653809064609451,1.0,32.26018396846255,1.0
190,Electricity Generation,Ministry of Power,619311,Kalai-II Hydro Electric Project [1200 MW],14106,,189.68,0,2375.0,0.02190280629705681,0.003368421052631579,0.3368421052631579,0.013446760243867859,189.68,2026.0,4.0,7.0,0.875,0.7777777777777778,0.8947368421052632,0.8805970149253731,,,,
191,Electricity Generation,Ministry of Power,602532,Kiru HE Project,4288,5409.0,3948.67,87,1644.0,7.145790554414784,1.5875912408759123,71.75912408759123,0.9208652052238806,44.87125,2019.0,3.0,4.0,0.8666666666666667,0.7692307692307693,0.8888888888888888,0.8787878787878788,26.142723880597014,1.0,39.78318002628121,1.0
192,Electricity Generation,Ministry of Power,611509,"Koderma Thermal Power Station Phase II [2X800 MW] At Koderma, Jharkhand",14358,,2229.31,14,2269.0,3.0061601642710474,0.4839136183340679,34.39136183340679,0.15526605376793426,148.62066666666666,2023.0,4.0,7.0,0.875,0.7777777777777778,0.8947368421052632,0.8805970149253731,,,,
193,Electricity Generation,Ministry of Power,605155,Kwar HE Project,4526,,1701.47,37,1645.0,3.972621492128679,0.8820668693009118,51.20668693009118,0.37593239063190453,44.77552631578948,2022.0,5.0,4.0,0.875,0.7692307692307693,0.8947368421052632,0.8787878787878788,,,16.655716162943495,1.0
194,Electricity Generation,Ministry of Power,611930,Lara Super Thermal Power Project Stage-II [2 x 800 MW],15530,16106.0,5472.13,34,1767.0,2.6694045174537986,0.5517826825127334,21.178268251273344,0.35235866065679333,156.34657142857142,2023.0,8.0,7.0,0.9333333333333333,0.7692307692307693,0.9444444444444444,0.8787878787878788,3.708950418544752,0.0,5.026281208935611,1.0
195,Electricity Generation,Ministry of Power,602593,Luhri Stage-I Hydro Electric Project [210 MW],1811,4345.31,1980.59,52,1886.0,5.4401095140314855,1.0535524920466597,53.35524920466597,1.0936443953616786,37.36962264150943,2020.0,11.0,2.0,0.8666666666666667,0.7692307692307693,0.8888888888888888,0.8787878787878788,139.93981225842077,1.0,52.26675427069645,1.0
196,Electricity Generation,Ministry of Power,298178,"Meja Thermal Power Project, Stage-II , (3x800 MW)",38358,,1002.73,0,2402.0,-0.09582477754962354,0.0,0.0,0.026141352520986497,1002.73,2026.0,6.0,9.0,0.875,0.7777777777777778,0.8947368421052632,0.8805970149253731,,,,
197,Electricity Generation,Ministry of Power,619051,"Nabinagar Super Thermal Power Project, Stage-II [3x800 MW]",29948,,3422.25,15,2094.0,1.4811772758384667,0.2583572110792741,10.835721107927412,0.11427307332710031,213.890625,2024.0,11.0,9.0,0.875,0.8076923076923077,0.8947368421052632,0.8939393939393939,,,0.0,0.0
198,Electricity Generation,Ministry of Power,602525,"Pakal Dul [Drangdhuran] Hydroelectric Project, 1000 MW",8112,12728.0,9313.54,82,2008.0,11.50444900752909,2.0926294820717133,127.26294820717132,1.1481188362919132,112.21132530120482,2014.0,10.0,5.0,0.8666666666666667,0.7692307692307693,0.8888888888888888,0.8787878787878788,56.90335305719921,1.0,80.12483574244415,1.0
199,Electricity Generation,Ministry of Power,400261,Patratu Thermal Power Station Expansion Project Phase-I [3x800 MW],18668,20302.0,19735.7,92,1970.0,8.476386036960985,1.5715736040609136,65.15736040609136,1.0571941289907865,212.21182795698925,2017.0,11.0,8.0,0.8666666666666667,0.7692307692307693,0.8888888888888888,0.8787878787878788,8.752946218127276,1.0,48.98160315374507,1.0
200,Electricity Generation,Ministry of Power,400062,"Raghunathpur Thermal Power Station Phase II [2X660 MW] at Raghunathpur, Purulia, West Bengal",17673,,2268.62,13,2402.0,3.247091033538672,0.49375520399666945,36.37552039966695,0.128366434674362,162.0442857142857,2023.0,1.0,8.0,0.875,0.7777777777777778,0.8947368421052632,0.8805970149253731,,,,
201,Electricity Generation,Ministry of Power,602184,Rammam-III HEPP [3x40 MW],1382,2865.56,1690.73,58,1846.0,11.63586584531143,2.302275189599133,172.2275189599133,1.2233936324167873,28.656440677966103,2014.0,9.0,1.0,0.8666666666666667,0.7692307692307693,0.8888888888888888,0.8787878787878788,107.34876989869753,1.0,120.0065703022339,1.0
202,Electricity Generation,Ministry of Power,605156,Rangit-IV HE Project [120 MW] executed by Jal Power Corporation Ltd. [JPCL] - A wholly owned subsidiary of NHPC Ltd. acquired through NCLT,938,1828.11,1718.16,98,1156.0,5.084188911704312,1.606401384083045,62.640138408304495,1.831727078891258,17.355151515151515,2021.0,3.0,1.0,0.8666666666666667,0.7692307692307693,0.8888888888888888,0.8787878787878788,94.89445628997866,1.0,30.059132720105122,1.0
203,Electricity Generation,Ministry of Power,602535,"Ratle HE Project - 850 MW, Ratle Hydroelectric Power Corporation Limited.",5282,,1645.11,32,1825.0,5.212867898699521,1.0432876712328767,72.32876712328766,0.31145588792124196,49.85181818181818,2021.0,2.0,4.0,0.875,0.7692307692307693,0.8947368421052632,0.8787878787878788,,,33.5742444152431,1.0
204,Electricity Generation,Ministry of Power,612142,"Singrauli Super Thermal Power Project, Stage-III [2x800 MW]",17195,,3840.48,25,2188.0,2.1574264202600957,0.360146252285192,11.0146252285192,0.2233486478627508,147.71076923076924,2024.0,3.0,7.0,0.875,0.8076923076923077,0.8947368421052632,0.8939393939393939,,,2.0039421813403417,0.0
205,Electricity Generation,Ministry of Power,617188,"Sipat Super Thermal Power Project, Stage-III [1x800 MW]",9791,,1910.55,22,1836.0,1.6071184120465434,0.31971677559912853,9.971677559912852,0.19513328567051375,83.06739130434782,2024.0,9.0,6.0,0.875,0.8076923076923077,0.8947368421052632,0.8939393939393939,,,2.0039421813403417,0.0
206,Electricity Generation,Ministry of Power,602096,Subansiri Lower HE Project [2000 MW],6285,26075.5,26448.1,98,2556.0,22.639288158795345,3.235133020344288,225.51330203442876,4.208130469371519,267.15252525252527,2003.0,9.0,5.0,0.8666666666666667,0.7692307692307693,0.8888888888888888,0.8787878787878788,314.884645982498,1.0,198.68593955321944,1.0
207,Electricity Generation,Ministry of Power,611586,Sunni Dam Hydro Electric Project [382 MW],2615,4555.49,1152.21,35,1908.0,3.29637234770705,0.6310272536687631,28.102725366876314,0.44061567877629065,32.005833333333335,2023.0,1.0,2.0,0.8666666666666667,0.7692307692307693,0.8888888888888888,0.8787878787878788,74.20611854684512,1.0,20.92641261498029,1.0
208,Electricity Generation,Ministry of Power,602961,Talcher Thermal Power Station Stage III [2 x 660 MW] Expansion,11844,12543.0,7031.31,55,1740.0,3.679671457905544,0.7724137931034483,22.241379310344826,0.5936600810536982,125.55910714285714,2022.0,8.0,6.0,0.8666666666666667,0.7692307692307693,0.8888888888888888,0.8787878787878788,5.9017223910840935,1.0,12.02365308804205,1.0
209,Electricity Generation,Ministry of Power,602185,Tapovan-Vishnugad HEP [4x130 MW],2978,10907.3,7827.81,76,2327.0,19.45242984257358,3.0532874946282766,229.32874946282766,2.62854600402955,101.65987012987013,2006.0,11.0,3.0,0.8666666666666667,0.7692307692307693,0.8888888888888888,0.8787878787878788,266.2625923438549,1.0,195.9921156373193,1.0
210,Electricity Generation,Ministry of Power,602181,"TEESTA-VI HE PROJECT, SIKKIM [500 MW], executed by LANCO TEESTA HYDRO POWER LIMITED [A wholly owned Subsidiary of NHPC LTD. acquired through NCLT]",5748,5748.04,4572.68,74,1826.0,7.145790554414784,1.429353778751369,68.93537787513691,0.7955254001391789,60.96906666666667,2019.0,3.0,4.0,0.9333333333333333,0.7692307692307693,0.9444444444444444,0.8787878787878788,0.0006958942240773072,0.0,66.78712220762155,1.0
211,Electricity Generation,Ministry of Power,619341,"Telangana Super Thermal Power Project , Stage-II [3 x 800 MW]",29345,,732.96,1,2134.0,0.08761122518822724,0.01499531396438613,0.499531396438613,0.02497733855852786,366.48,2026.0,3.0,9.0,0.875,0.7777777777777778,0.8947368421052632,0.8805970149253731,,,,
212,Electricity Generation,Ministry of Power,602195,Vishnugad Pipalkoti Hydro Electric Project [444 MW],3860,6405.08,5832.69,82,5229.0,17.689253935660506,1.2356091030789826,41.56091030789827,1.511059585492228,70.2733734939759,2008.0,8.0,3.0,0.8666666666666667,0.7692307692307693,0.8888888888888888,0.8787878787878788,65.93471502590673,1.0,66.49145860709592,1.0
213,Energy Storage,Ministry of Petroleum & Natural Gas,604833,"Andheri Residential Towers, Mumbai",281,389.67,281.24,86,2895.0,8.840520191649555,1.115371329879102,25.537132987910198,1.0008540925266904,3.23264367816092,2017.0,6.0,1.0,0.18181818181818182,0.8,0.28431372549019607,0.94,38.67259786476869,1.0,24.967148488830485,1.0
214,Energy Storage,Ministry of Petroleum & Natural Gas,617839,Capacity Augmentation of Kandla LPG Import Terminal [KLIT] from 0.6 MMTPA to 2.5 MMTPA,357,304.4,168.04,68,1159.0,2.921286789869952,0.9206212251941329,24.062122519413293,0.4707002801120448,2.4353623188405797,2023.0,5.0,2.0,0.2727272727272727,0.8333333333333334,0.29411764705882354,0.9411764705882353,-14.733893557422975,0.0,,
215,Energy Storage,Ministry of Petroleum & Natural Gas,709754,"Construction of LPG Facilities at Kamardanga, Assam",156,156.36,114.1,84,1557.0,3.0855578370978782,0.7238278741168914,-11.617212588310863,0.7314102564102564,1.3423529411764705,2023.0,3.0,0.0,0.2727272727272727,0.8333333333333334,0.29411764705882354,0.9411764705882353,0.2307692307692395,0.0,,
216,Energy Storage,Ministry of Petroleum & Natural Gas,604852,"Grass-root Terminal at Mirzapur, Uttar Pradesh",980,980.45,308.35,77,1523.0,3.583846680355921,0.8594878529218647,8.948785292186471,0.31464285714285717,3.9532051282051284,2022.0,9.0,8.0,0.2727272727272727,0.8333333333333334,0.29411764705882354,0.9411764705882353,0.04591836734694341,0.0,,
217,Energy Storage,Ministry of Petroleum & Natural Gas,400012,Kandla Gorakhpur LPG Pipeline,10088,10088.0,8504.21,96,1095.0,7.329226557152635,2.444748858447489,148.47488584474888,0.8430025773195875,87.6722680412371,2018.0,12.0,9.0,0.2727272727272727,0.8,0.29411764705882354,0.94,0.0,0.0,57.98291721419185,1.0
218,Energy Storage,Ministry of Petroleum & Natural Gas,400043,Laying of POL Pipelines in Common Corridor for proposed grass root terminal at Vallur [Chennai],829,829.0,382.47,81,1581.0,4.243668720054757,0.9803921568627451,17.039215686274503,0.4613630880579011,4.6642682926829275,2022.0,1.0,7.0,0.2727272727272727,0.8,0.29411764705882354,0.94,0.0,0.0,9.986859395532194,1.0
219,Energy Storage,Ministry of Petroleum & Natural Gas,617829,LPG Bottling Plant at Mualkhang,226,225.71,32.45,34,1559.0,1.8206707734428473,0.42655548428479795,8.655548428479797,0.14358407079646018,0.9271428571428573,2024.0,7.0,0.0,0.2727272727272727,1.0,0.29411764705882354,0.96,-0.12831858407079294,0.0,-6.340341655716163,0.0
220,Energy Storage,Ministry of Petroleum & Natural Gas,400301,Multi Product Pipeline from Irugur to Devangonthi,678,1732.0,1206.36,86,1569.0,13.470225872689939,3.135755258126195,227.5755258126195,1.77929203539823,13.866206896551724,2012.0,11.0,6.0,0.18181818181818182,0.8,0.28431372549019607,0.94,155.45722713864308,1.0,115.11169513797634,1.0
221,Energy Storage,Ministry of Petroleum & Natural Gas,701349,Paradip-Numaligarh Crude Oil Pipeline [PNCPL] & Crude Oil Import Terminal [COIT] at Paradip,10228,12407.0,11168.5,93,2007.0,7.252566735112937,1.3198804185351272,38.988041853512726,1.0919534610872115,118.81382978723404,2019.0,1.0,9.0,0.18181818181818182,0.8,0.28431372549019607,0.94,21.3042628079781,1.0,27.135348226018397,1.0
222,Energy Storage,Ministry of Petroleum & Natural Gas,709759,"Petrochemical evacuation marketing terminal at Barmer, Rajasthan",461,461.05,252.18,98,1095.0,2.3956194387405887,0.7990867579908676,-18.091324200913235,0.5470281995661606,2.5472727272727274,2023.0,12.0,4.0,0.2727272727272727,0.8333333333333334,0.29411764705882354,0.9411764705882353,0.010845986984818085,0.0,,
223,Energy Storage,Ministry of Petroleum & Natural Gas,619313,Setting up of 50 MW [plus/minus 5 percent] Wind Power Plant for Captive Consumption at MR,483,483.14,380.62,78,1446.0,2.9596167008898013,0.7475795297372061,-3.242047026279394,0.7880331262939959,4.817974683544304,2023.0,5.0,5.0,0.2727272727272727,0.8333333333333334,0.29411764705882354,0.9411764705882353,0.028985507246373988,0.0,,
224,Energy Storage,Ministry of Petroleum & Natural Gas,709755,"Setting up of new rail fed POL facility at Kamardanga, Assam",384,384.04,250.07,88,1558.0,3.0882956878850103,0.72400513478819,-15.599486521181007,0.6512239583333334,2.8097752808988763,2023.0,3.0,3.0,0.2727272727272727,0.8333333333333334,0.29411764705882354,0.9411764705882353,0.010416666666671997,0.0,,
225,Healthcare,Ministry of Health & Family Welfare,701171,AIIMS Bibinagar,1028,1365.95,1028.94,88,2752.0,7.367556468172484,0.9778343023255814,9.783430232558146,1.0009143968871597,11.561123595505618,2018.0,12.0,8.0,0.8125,0.8333333333333334,0.8571428571428571,0.6,32.87451361867705,1.0,6.044678055190539,1.0
226,Healthcare,Ministry of Health & Family Welfare,701172,AIIMS Darbhanga,2006,,40.33,1,3241.0,5.620807665982204,0.6334464671397717,62.34464671397717,0.02010468594217348,20.165,2020.0,9.0,9.0,0.8235294117647058,0.8461538461538461,0.8666666666666667,0.6666666666666666,,,,
227,Healthcare,Ministry of Health & Family Welfare,701167,AIIMS Kashmir at Awantipora Jammu & Kashmir,1828,2570.19,1602.61,79,2518.0,7.301848049281314,1.0591739475774424,26.917394757744248,0.8767013129102844,20.032625,2019.0,1.0,9.0,0.8125,0.8333333333333334,0.8571428571428571,0.6,40.6012035010941,1.0,12.943495400788436,1.0
228,Healthcare,Ministry of Health & Family Welfare,701173,AIIMS Majra Rewari Haryana,1299,1646.43,747.62,67,2863.0,7.167693360711842,0.9144254278728606,24.442542787286058,0.5755350269438029,10.994411764705882,2019.0,2.0,9.0,0.8125,0.9166666666666666,0.8571428571428571,0.8,26.745958429561206,1.0,0.0,0.0
229,Healthcare,Ministry of Health & Family Welfare,701170,AIIMS Rajkot,1195,,805.48,94,2637.0,7.301848049281314,1.0113765642775883,7.137656427758827,0.6740418410041841,8.478736842105263,2019.0,1.0,8.0,0.8235294117647058,0.8333333333333334,0.8666666666666667,0.6,,,9.034165571616294,1.0
230,Healthcare,Ministry of Health & Family Welfare,701168,ALL India Institute of Medical Sciences-AIIMS Madurai,1264,2021.51,540.92,54,1353.0,7.367556468172484,1.9889135254988914,144.89135254988915,0.4279430379746835,9.83490909090909,2018.0,12.0,9.0,0.8125,0.8333333333333334,0.8571428571428571,0.6,59.929588607594944,1.0,50.0,1.0
231,Healthcare,Ministry of Health & Family Welfare,707019,Establishment of new GMC Buxar,250,,150.0,0,,,,,0.6,150.0,,,2.0,0.8235294117647058,0.8461538461538461,0.8666666666666667,0.6666666666666666,,,,
232,Healthcare,Ministry of Health & Family Welfare,707022,Establishment of new GMC Chaibasa [Singhbhum],250,454.1,65.0,57,2643.0,7.874058863791923,1.088157396897465,51.81573968974649,0.26,1.1206896551724137,2018.0,6.0,2.0,0.8125,0.8461538461538461,0.8571428571428571,0.6666666666666666,81.64000000000001,1.0,,
233,Healthcare,Ministry of Health & Family Welfare,707039,Establishment of new GMC Gangtok,250,635.21,667.21,92,3008.0,7.564681724845996,0.9185505319148937,-0.1449468085106389,2.6688400000000003,7.174301075268818,2018.0,10.0,2.0,0.8125,0.9166666666666666,0.8571428571428571,0.8,154.08400000000003,1.0,-6.011826544021025,0.0
234,Healthcare,Ministry of Health & Family Welfare,706988,Establishment of new GMC Gondia,189,,113.4,40,-44390.0,4.791238877481177,0.0,-40.0,0.6,2.7658536585365856,2021.0,7.0,0.0,0.8235294117647058,0.8461538461538461,0.8666666666666667,0.6666666666666666,,,,
235,Healthcare,Ministry of Health & Family Welfare,707052,Establishment of new GMC Handwara [Distt. Kupwara],325,,173.0,0,,,,,0.5323076923076923,173.0,,,4.0,0.8235294117647058,0.8461538461538461,0.8666666666666667,0.6666666666666666,,,,
236,Healthcare,Ministry of Health & Family Welfare,707070,Establishment of new GMC Hoshiarpur,325,374.75,2.04,5,3261.0,6.2559890485968515,0.7007053051211285,65.07053051211285,0.006276923076923077,0.34,2020.0,1.0,4.0,0.8125,0.8461538461538461,0.8571428571428571,0.6666666666666666,15.307692307692308,1.0,,
237,Healthcare,Ministry of Health & Family Welfare,707020,Establishment of new GMC Jamui,250,500.0,103.21,50,2405.0,7.148528405201916,1.0856548856548855,58.56548856548855,0.41284,2.023725490196078,2019.0,3.0,2.0,0.8125,0.8461538461538461,0.8571428571428571,0.6666666666666666,100.0,1.0,,
238,Healthcare,Ministry of Health & Family Welfare,707017,Establishment of new GMC Jhanjharpur,250,,150.0,0,,,,,0.6,150.0,,,3.0,0.8235294117647058,0.8461538461538461,0.8666666666666667,0.6666666666666666,,,,
239,Healthcare,Ministry of Health & Family Welfare,707046,Establishment of new GMC Kanker,325,325.0,37.0,45,2597.0,6.193018480492813,0.8710050057758952,42.10050057758953,0.11384615384615385,0.8043478260869565,2020.0,2.0,4.0,0.875,0.8461538461538461,0.9285714285714286,0.6666666666666666,0.0,0.0,,
240,Healthcare,Ministry of Health & Family Welfare,707069,Establishment of new GMC Kapurthala,325,550.0,50.0,0,3322.0,6.422997946611909,0.7062010836845274,70.62010836845273,0.15384615384615385,50.0,2019.0,11.0,5.0,0.8125,0.8461538461538461,0.8571428571428571,0.6666666666666666,69.23076923076923,1.0,,
241,Healthcare,Ministry of Health & Family Welfare,707021,Establishment of new GMC Koderma,250,504.8,271.0,40,1079.0,2.650239561943874,0.897126969416126,49.712696941612606,1.084,6.609756097560975,2023.0,9.0,3.0,0.8125,0.8461538461538461,0.8571428571428571,0.6666666666666666,101.92000000000002,1.0,,
242,Healthcare,Ministry of Health & Family Welfare,707044,Establishment of new GMC Korba,325,322.85,179.49,55,1406.0,3.1786447638603694,0.8257467994310099,27.57467994310099,0.5522769230769231,3.2051785714285717,2023.0,2.0,5.0,0.875,0.8461538461538461,0.9285714285714286,0.6666666666666666,-0.6615384615384545,0.0,,
243,Healthcare,Ministry of Health & Family Welfare,707057,Establishment of new GMC Leh,325,,127.0,0,-43740.0,6.570841889117043,0.0,0.0,0.39076923076923076,127.0,2019.0,10.0,5.0,0.8235294117647058,0.8461538461538461,0.8666666666666667,0.6666666666666666,,,,
244,Healthcare,Ministry of Health & Family Welfare,707045,Establishment of new GMC Mahasamund,325,,321.7,84,955.0,2.529774127310062,0.9675392670157068,12.753926701570677,0.9898461538461538,3.784705882352941,2023.0,10.0,5.0,0.8235294117647058,0.8461538461538461,0.8666666666666667,0.6666666666666666,,,,
245,Healthcare,Ministry of Health & Family Welfare,707059,Establishment of new GMC Mandla,325,,89.41,45,978.0,2.737850787132101,1.0224948875255624,57.24948875255623,0.2751076923076923,1.943695652173913,2023.0,8.0,6.0,0.8235294117647058,0.8461538461538461,0.8666666666666667,0.6666666666666666,,,,
246,Healthcare,Ministry of Health & Family Welfare,707067,Establishment of new GMC Mon,325,,155.0,0,,,,,0.47692307692307695,155.0,,,6.0,0.8235294117647058,0.8461538461538461,0.8666666666666667,0.6666666666666666,,,,
247,Healthcare,Ministry of Health & Family Welfare,707049,Establishment of new GMC Panchmahal,325,663.5,467.34,88,1288.0,3.6084873374401094,1.0232919254658386,14.329192546583855,1.4379692307692307,5.251011235955056,2022.0,9.0,6.0,0.8125,0.8461538461538461,0.8571428571428571,0.6666666666666666,104.15384615384615,1.0,,
248,Healthcare,Ministry of Health & Family Welfare,707087,Establishment of new GMC Pithoragarh,325,768.89,470.08,78,1954.0,4.678986995208761,0.8746161719549642,9.461617195496416,1.4464,5.950379746835443,2021.0,8.0,6.0,0.8125,0.8461538461538461,0.8571428571428571,0.6666666666666666,136.58153846153846,1.0,,
249,Healthcare,Ministry of Health & Family Welfare,707050,Establishment of new GMC Porbandar,325,618.98,936.64,81,909.0,4.068446269678303,1.6347634763476349,82.4763476347635,2.8819692307692306,11.422439024390243,2022.0,4.0,6.0,0.8125,0.8461538461538461,0.8571428571428571,0.6666666666666666,90.45538461538463,1.0,,
250,Healthcare,Ministry of Health & Family Welfare,707058,Establishment of new GMC Rajgarh,325,,179.5,86,863.0,4.39151266255989,1.858632676709154,99.8632676709154,0.5523076923076923,2.0632183908045976,2021.0,12.0,7.0,0.8235294117647058,0.8461538461538461,0.8666666666666667,0.6666666666666666,,,,
251,Healthcare,Ministry of Health & Family Welfare,707086,Establishment of new GMC Rudrapur,325,,353.01,95,1549.0,3.57015742642026,0.841833440929632,-10.816655907036804,1.0861846153846153,3.6771875,2022.0,10.0,7.0,0.8235294117647058,0.8461538461538461,0.8666666666666667,0.6666666666666666,,,,
252,Healthcare,Ministry of Health & Family Welfare,706966,Establishment of new GMC Samastipur,189,,113.4,0,,,,,0.6,113.4,,,0.0,0.8235294117647058,0.8461538461538461,0.8666666666666667,0.6666666666666666,,,,
253,Healthcare,Ministry of Health & Family Welfare,706965,Establishment of new GMC Saran [Chhapara],189,,113.4,0,,,,,0.6,113.4,,,1.0,0.8235294117647058,0.8461538461538461,0.8666666666666667,0.6666666666666666,,,,
254,Healthcare,Ministry of Health & Family Welfare,707016,Establishment of new GMC Sitamarhi,250,,150.0,0,,,,,0.6,150.0,,,3.0,0.8235294117647058,0.8461538461538461,0.8666666666666667,0.6666666666666666,,,,
255,Healthcare,Ministry of Health & Family Welfare,707018,Establishment of new GMC Siwan,250,,150.0,0,,,,,0.6,150.0,,,3.0,0.8235294117647058,0.8461538461538461,0.8666666666666667,0.6666666666666666,,,,
256,Healthcare,Ministry of Health & Family Welfare,707051,Establishment of new GMc Udhampur,325,,222.0,75,2742.0,6.590006844626968,0.8778264040846098,12.782640408460978,0.683076923076923,2.9210526315789473,2019.0,9.0,7.0,0.8235294117647058,0.8461538461538461,0.8666666666666667,0.6666666666666666,,,,
257,Healthcare,Ministry of Health & Family Welfare,706989,Establishment of new GMC West Garo Hills [Tura],189,,170.1,0,,,,,0.9,170.1,,,1.0,0.8235294117647058,0.8461538461538461,0.8666666666666667,0.6666666666666666,,,,
258,Healthcare,Ministry of Health & Family Welfare,617883,"Redevelopment of Residential colonies at Ayur Vigyan Nagar and West Ansari Nagar campuses of AIIMS, New Delhi",4441,,44.44,57,3872.0,9.51129363449692,0.8972107438016529,32.72107438016529,0.010006755235307363,0.7662068965517241,2016.0,10.0,9.0,0.8235294117647058,0.8461538461538461,0.8666666666666667,0.6666666666666666,,,,
259,Healthcare,Ministry of Health & Family Welfare,617882,"Setting up IT Infrastructure including Network Security and Hosting at AIIMS, New Delhi",358,,53.73,40,364.0,0.6324435318275154,0.6346153846153846,23.46153846153846,0.15008379888268156,1.3104878048780486,2025.0,9.0,7.0,0.8235294117647058,0.8461538461538461,0.8666666666666667,0.6666666666666666,,,,
260,Healthcare,Ministry of Labour and Employment,612186,350 Bedded [Upgradable to 500 beds] ESI Hospital at Sanand,558,,55.81,28,1355.0,3.865845311430527,1.0420664206642067,76.20664206642067,0.1000179211469534,1.9244827586206896,2022.0,6.0,8.0,0.8235294117647058,0.8333333333333334,0.5,1.0,,,14.126149802890932,1.0
261,Healthcare,Ministry of Labour and Employment,612748,"Construction of 100 bed ESI Hospital and Staff Quarters [32 Nos.] at Harohalli, Karnataka",151,,31.05,28,2784.0,6.789869952087611,0.8908045977011494,61.08045977011494,0.2056291390728477,1.0706896551724139,2019.0,7.0,0.0,0.8235294117647058,0.8461538461538461,0.5,1.0,,,,
262,Healthcare,Ministry of Labour and Employment,612513,"Construction of 100 Bedded ESI Hospital at Duburi, Odisha.",165,,16.44,7,6025.0,15.38672142368241,0.9327800829875519,86.27800829875518,0.09963636363636365,2.055,2010.0,12.0,0.0,0.8235294117647058,0.8461538461538461,0.5,1.0,,,,
263,Healthcare,Ministry of Labour and Employment,612745,"Construction of 200 bed ESI Hospital at Bommasandra, Karnataka",278,,80.52,35,4346.0,11.195071868583161,0.9408651633686148,59.08651633686148,0.2896402877697842,2.2366666666666664,2015.0,2.0,4.0,0.8235294117647058,0.8333333333333334,0.5,1.0,,,4.467805519053877,1.0
264,Healthcare,Ministry of Labour and Employment,612213,"Construction of 200 Bedded ESIC Hospital at Butibori, Nagpur, Maharashtra.",195,196.7,116.22,67,4325.0,12.503764544832306,1.0559537572254336,38.595375722543366,0.596,1.7091176470588234,2013.0,10.0,1.0,0.875,0.8333333333333334,1.0,1.0,0.871794871794866,0.0,12.976346911957949,1.0
265,Healthcare,Ministry of Labour and Employment,612259,CONSTRUCTION OF 300 BEDDED HOSPITAL AT HARIDWAR,102,297.63,340.3,90,1346.0,5.1827515400410675,1.4063893016344726,50.63893016344727,3.3362745098039217,3.7395604395604396,2021.0,2.0,0.0,0.8125,0.8333333333333334,0.0,1.0,191.79411764705884,1.0,20.992115637319316,1.0
266,Healthcare,Ministry of Labour and Employment,612167,"Construction of 350 beds + 50 Super Specialty beds ESIC Hospital Sheelanagar, Visakhapatnam, Andhra Pradesh",384,,286.38,95,1690.0,5.1827515400410675,1.1201183431952664,17.011834319526642,0.74578125,2.983125,2021.0,2.0,8.0,0.8235294117647058,0.8333333333333334,0.5,1.0,,,10.709592641261498,1.0
267,Healthcare,Ministry of Labour and Employment,612211,"Demolition, Construction and upgradation of ESI Hospital, Kalol, Gujarat from 50 beds to 150 beds.",206,,51.74,58,1136.0,3.676933607118412,1.182218309859155,60.2218309859155,0.2511650485436893,0.8769491525423729,2022.0,8.0,1.0,0.8235294117647058,0.8333333333333334,0.5,1.0,,,13.830486202365309,1.0
268,Healthcare,Ministry of Labour and Employment,616691,"Upgradation & Extension of ESIC Hospital and Construction of PG Hostel / Staff Housing for ESIC Hospital at Andheri, Mumbai",260,,216.46,89,6076.0,17.34154688569473,1.0424621461487822,15.246214614878213,0.8325384615384616,2.405111111111111,2008.0,12.0,3.0,0.8235294117647058,0.8333333333333334,0.5,1.0,,,13.501971090670171,1.0
269,Inland Waterways,"Ministry of Ports, Shipping and Waterways",701565,Jal Marg Vikas Project,5369,5061.15,4187.19,85,2188.0,8.320328542094456,1.3889396709323583,53.89396709323583,0.7798826597131681,48.68825581395348,2018.0,1.0,,0.4309978768577495,0.7589348283111422,1.0,0.75,-5.73384242875769,0.0,33.77135348226018,1.0
270,Logistics Infrastructure,Department for Promotion of Industry & Internal Trade,707410,Integrated Multi Modal Logistics Hub at Nangal Chaudhary in Haryana - Other Trunk Infrastructure Development Phase 1,763,,430.0,60,2055.0,7.956194387405886,1.4141119221411191,81.4111922141119,0.563564875491481,7.049180327868853,2018.0,5.0,,0.4309978768577495,0.7589348283111422,0.4309978768577495,1.0,,,52.46386333771353,1.0
271,Metals & Mining,Ministry of Mines,709832,25.5 MW WIND POWER PROJECT AT KAYATHAR IN TAMILNADU,166,,135.0,70,2742.0,8.588637919233403,1.1440554339897884,44.405543398978836,0.8132530120481928,1.9014084507042253,2017.0,9.0,0.0,0.75,0.8,1.0,1.0,,,11.990801576872535,1.0
272,Metals & Mining,Ministry of Mines,400141,Expansion of Alumina Refinery Plant with addition of 5th Stream having capacity enhancement of 1.0 Million Tonee Per Annum,4103,5677.4,5023.49,96,2080.0,9.023956194387406,1.5846153846153845,62.46153846153845,1.2243456007799172,51.78855670103093,2017.0,4.0,9.0,0.6666666666666666,0.8,1.0,1.0,38.371922983183026,1.0,41.95137976346912,1.0
273,Metals & Mining,Ministry of Mines,400426,Expansion of Malanjkhand Copper Project,1856,3800.0,1018.09,28,3135.0,14.581793292265571,1.698883572567783,141.8883572567783,0.5485398706896552,35.10655172413793,2011.0,9.0,7.0,0.6666666666666666,0.8,1.0,1.0,104.74137931034481,1.0,106.99737187910644,1.0
274,Metals & Mining,Ministry of Mines,400299,Pottangi Bauxite Mines Project,1381,1960.77,770.37,52,2513.0,7.96167008898015,1.157182650218862,63.7182650218862,0.5578349022447502,14.535283018867924,2018.0,5.0,3.0,0.6666666666666666,0.8,1.0,1.0,41.981897175959446,1.0,20.006570302233904,1.0
275,Metals & Mining,Ministry of Mines,709831,SOURCING OF BAUXITE ARRANGEMENT FOR 5TH STREAM ALUMINA REFINERY FROM SOUTH BLOCK MINING LEASE OF PANCHPATMAILI MINES,483,,453.89,93,2758.0,8.465434633812457,1.1211022480058013,19.110224800580127,0.9397308488612837,4.828617021276596,2017.0,11.0,1.0,0.75,0.8,1.0,1.0,,,12.976346911957949,1.0
276,Metals & Mining,Ministry of Steel,615202,Capacity expansion of Deposit-14 and 14 NMZ at Kirandul,1700,1756.2,292.01,23,2698.0,4.714579055441479,0.6382505559673832,40.82505559673832,0.17177058823529412,12.167083333333332,2021.0,8.0,5.0,1.0,1.0,1.0,0.75,3.3058823529411794,0.0,-9.165571616294349,0.0
277,Oil & Gas,Ministry of Petroleum & Natural Gas,400171,2G Ethanol Biorefinery at Bathinda,1421,1421.46,1291.35,96,1005.0,5.946611909650924,2.1611940298507464,120.11940298507463,0.9087614356087261,13.312886597938144,2020.0,5.0,5.0,0.3,0.9545454545454546,0.29411764705882354,0.94,0.032371569317384684,0.0,46.38633377135348,1.0
278,Oil & Gas,Ministry of Petroleum & Natural Gas,400168,"500 KTA PDHPP Project, Usar",8797,11256.0,8861.88,92,1461.0,5.059548254620124,1.264887063655031,34.48870636550309,1.0073752415596224,95.28903225806451,2021.0,4.0,8.0,0.28888888888888886,0.9545454545454546,0.28431372549019607,0.94,27.95271115152893,1.0,26.708278580814717,1.0
279,Oil & Gas,Ministry of Petroleum & Natural Gas,617822,ATF Pipeline from BPCLs Malkapur POL Installation to Hyderabad International airport,215,215.0,46.87,29,932.0,1.1498973305954825,0.45064377682403434,16.064377682403432,0.218,1.5623333333333334,2025.0,3.0,1.0,0.3,0.9555555555555556,0.29411764705882354,0.9411764705882353,0.0,0.0,,
280,Oil & Gas,Ministry of Petroleum & Natural Gas,617838,Augmentation of CCKPL and IDPL Pipelines capacity along with setting up of Palakkad TOP,1130,1130.0,324.61,49,1449.0,1.6290212183436004,0.4106280193236715,-7.937198067632849,0.2872654867256637,6.4922,2024.0,9.0,5.0,0.3,0.9555555555555556,0.29411764705882354,0.9411764705882353,0.0,0.0,,
281,Oil & Gas,Ministry of Petroleum & Natural Gas,619224,Augmentation of DUPL-DPPL Pipeline,844,844.0,1.2,8,1003.0,0.8514715947980835,0.3100697906281156,23.006979062811563,0.0014218009478672985,0.13333333333333333,2025.0,6.0,5.0,0.3,0.9555555555555556,0.29411764705882354,0.9411764705882353,0.0,0.0,,
282,Oil & Gas,Ministry of Petroleum & Natural Gas,709786,"Augmentation/ Revamping of Dimapur Depot, Dimapur",228,227.62,28.03,43,1565.0,2.6995208761122518,0.6300319488817892,20.003194888178918,0.12293859649122807,0.6370454545454546,2023.0,8.0,1.0,0.3,0.9555555555555556,0.29411764705882354,0.9411764705882353,-0.1666666666666647,0.0,,
283,Oil & Gas,Ministry of Petroleum & Natural Gas,709776,Augmentation/Revamping of Facilities at existing Guwahati Terminal at Betkuchi,277,323.09,236.16,84,1638.0,4.0657084188911705,0.9065934065934066,6.659340659340657,0.8525631768953068,2.7783529411764705,2022.0,4.0,1.0,0.28888888888888886,0.9555555555555556,0.28431372549019607,0.9411764705882353,16.63898916967508,1.0,,
284,Oil & Gas,Ministry of Petroleum & Natural Gas,701324,Barauni Refinery Capacity Expansion from 6.0 to 9.0 MMTPA,14810,16724.0,13089.8,92,1186.0,6.247775496235455,1.924114671163575,100.4114671163575,0.8838487508440243,140.7505376344086,2020.0,1.0,9.0,0.28888888888888886,0.9545454545454546,0.28431372549019607,0.94,12.923700202565833,1.0,44.053876478318,1.0
285,Oil & Gas,Ministry of Petroleum & Natural Gas,709850,Borholla GGS Life Extension Project [BLEP],199,198.7,110.99,64,971.0,2.614647501711157,0.9835221421215242,34.35221421215242,0.5577386934673366,1.7075384615384614,2023.0,9.0,0.0,0.3,0.9545454545454546,0.29411764705882354,0.94,-0.1507537688442268,0.0,10.4796320630749,1.0
286,Oil & Gas,Ministry of Petroleum & Natural Gas,619312,Bulk Loading Hub- Kanpur,186,186.0,104.24,62,734.0,0.5913757700205339,0.29427792915531337,-32.57220708446866,0.5604301075268817,1.6546031746031746,2025.0,9.0,0.0,0.3,0.9555555555555556,0.29411764705882354,0.9411764705882353,0.0,0.0,,
287,Oil & Gas,Ministry of Petroleum & Natural Gas,617830,C2/C3 Vijaipur Pata Pipeline,1792,1792.0,541.2,73,974.0,1.9548254620123204,0.7330595482546202,0.3059548254620097,0.3020089285714286,7.313513513513514,2024.0,5.0,6.0,0.3,0.9555555555555556,0.29411764705882354,0.9411764705882353,0.0,0.0,,
288,Oil & Gas,Ministry of Petroleum & Natural Gas,709779,Capacity Expansion of Digboi Refinery from 0.65 to 1.0 MMTPA,768,740.0,250.84,60,1349.0,3.838466803559206,1.039288361749444,43.928836174944394,0.3266145833333333,4.112131147540984,2022.0,6.0,4.0,0.3,0.9545454545454546,0.29411764705882354,0.94,-3.6458333333333335,0.0,16.754270696452036,1.0
289,Oil & Gas,Ministry of Petroleum & Natural Gas,701289,Capacity Expansion of Panipat Refinery from 15 to 25 MMTPA,34627,36225.0,28007.3,94,1312.0,5.171800136892539,1.4397865853658536,49.97865853658536,0.8088283709244232,294.81368421052633,2021.0,2.0,9.0,0.3,0.9545454545454546,0.29411764705882354,0.94,4.61489589049008,0.0,27.003942181340342,1.0
290,Oil & Gas,Ministry of Petroleum & Natural Gas,604795,CBR 9 MMTPA Project,31580,36354.0,1615.38,10,1368.0,4.654346338124572,1.2426900584795322,114.26900584795322,0.05115199493350222,146.8527272727273,2021.0,9.0,9.0,0.28888888888888886,0.9555555555555556,0.28431372549019607,0.9411764705882353,15.117162761241293,1.0,,
291,Oil & Gas,Ministry of Petroleum & Natural Gas,619196,Change of service of existing Mundra-Panipat Pipeline [Panipat - Churwa section] from Crude oil to Product,359,359.0,52.55,43,700.0,0.917180013689254,0.4785714285714286,4.857142857142861,0.14637883008356545,1.1943181818181818,2025.0,5.0,2.0,0.3,0.9555555555555556,0.29411764705882354,0.9411764705882353,0.0,0.0,,
292,Oil & Gas,Ministry of Petroleum & Natural Gas,617818,"City Gas Distribution [CGD] Project in Gajapati, Kandhamal, Boudh, & Sonepur GA",515,514.91,25.77,6,3593.0,4.167008898015058,0.4236014472585583,36.36014472585583,0.05003883495145631,3.6814285714285715,2022.0,2.0,3.0,0.3,0.9555555555555556,0.29411764705882354,0.9411764705882353,-0.01747572815534599,0.0,,
293,Oil & Gas,Ministry of Petroleum & Natural Gas,617819,"City Gas Distribution [CGD] Project in Kondagaon, Bastar, Sukma, Narayanpur, Bijapur & Dantewada GA",557,557.04,11.63,2,2921.0,3.8795345653661877,0.48510783978089694,46.51078397808969,0.02087971274685817,3.876666666666667,2022.0,6.0,4.0,0.3,0.9555555555555556,0.29411764705882354,0.9411764705882353,0.0071813285457744385,0.0,,
294,Oil & Gas,Ministry of Petroleum & Natural Gas,701338,City Gas Distribution Maharashtra Natural Gas Limited,5535,5535.0,4481.93,47,9277.0,20.292950034223136,0.7989651827099278,32.89651827099277,0.809743450767841,93.37354166666667,2006.0,1.0,8.0,0.3,0.9555555555555556,0.29411764705882354,0.9411764705882353,0.0,0.0,,
295,Oil & Gas,Ministry of Petroleum & Natural Gas,709771,"City Gas Distribution Project at Beed, Jalgaon and Jalna Districts",865,865.0,89.23,3,3486.0,4.125941136208077,0.4323006310958118,40.23006310958118,0.10315606936416186,22.3075,2022.0,3.0,5.0,0.3,0.9555555555555556,0.29411764705882354,0.9411764705882353,0.0,0.0,,
296,Oil & Gas,Ministry of Petroleum & Natural Gas,709772,"City Gas Distribution Project at East Mednipore, West Mednipore & Jhargram Districts",609,609.0,64.44,3,3386.0,4.1040383299110195,0.4427052569403426,41.270525694034255,0.1058128078817734,16.11,2022.0,3.0,4.0,0.3,0.9555555555555556,0.29411764705882354,0.9411764705882353,0.0,0.0,,
297,Oil & Gas,Ministry of Petroleum & Natural Gas,709773,"City Gas Distribution Project at Jammu, Udhampur, Reasi, Samba and Kathua Districts",538,538.0,4.45,1,4582.0,4.125941136208077,0.32889567874290704,31.889567874290705,0.008271375464684014,2.225,2022.0,3.0,3.0,0.3,0.9555555555555556,0.29411764705882354,0.9411764705882353,0.0,0.0,,
298,Oil & Gas,Ministry of Petroleum & Natural Gas,709770,City Gas Distribution Project at Pathankot District,151,151.0,9.02,2,4203.0,4.087611225188227,0.3552224601475137,33.52224601475137,0.05973509933774834,3.0066666666666664,2022.0,3.0,0.0,0.3,0.9555555555555556,0.29411764705882354,0.9411764705882353,0.0,0.0,,
299,Oil & Gas,Ministry of Petroleum & Natural Gas,709791,City Gas Distribution Projects at Alipurduar and Cooch Behar,1017,1017.0,238.41,44,2657.0,3.356605065023956,0.4614226571321039,2.142265713210392,0.23442477876106194,5.298,2022.0,12.0,5.0,0.3,0.9555555555555556,0.29411764705882354,0.9411764705882353,0.0,0.0,,
300,Oil & Gas,Ministry of Petroleum & Natural Gas,709792,"City Gas Distribution Projects at Darbhanga, Madhubani, Supaul, Sitamarhi and Sheohar districts",3638,3638.0,493.91,34,2657.0,3.356605065023956,0.4614226571321039,12.142265713210392,0.13576415612974163,14.111714285714287,2022.0,12.0,7.0,0.3,0.9555555555555556,0.29411764705882354,0.9411764705882353,0.0,0.0,,
301,Oil & Gas,Ministry of Petroleum & Natural Gas,709794,"City Gas Distribution Projects at Fazilka [except area already authorized], Ganganagar and Hanumangarh districts",3207,3207.0,429.3,31,2748.0,3.356605065023956,0.44614264919941776,13.614264919941775,0.13386342376052385,13.415625,2022.0,12.0,7.0,0.3,0.9555555555555556,0.29411764705882354,0.9411764705882353,0.0,0.0,,
302,Oil & Gas,Ministry of Petroleum & Natural Gas,709793,"City Gas Distribution Projects at Gopalganj, Siwan, West Champaran, East Champaran and Deoria districts",3919,3919.0,527.15,30,2748.0,3.356605065023956,0.44614264919941776,14.614264919941775,0.13451135493748403,17.00483870967742,2022.0,12.0,7.0,0.3,0.9555555555555556,0.29411764705882354,0.9411764705882353,0.0,0.0,,
303,Oil & Gas,Ministry of Petroleum & Natural Gas,709795,"City Gas Distribution Projects at Lakhimpur Kheri , Sitapur, Bahraich, Shravasti,Balrampur, Siddharth Nagar & Maharajganj districts",16654,16654.0,754.7,20,2748.0,3.356605065023956,0.44614264919941776,24.614264919941775,0.04531644049477603,35.938095238095244,2022.0,12.0,9.0,0.3,0.9555555555555556,0.29411764705882354,0.9411764705882353,0.0,0.0,,
304,Oil & Gas,Ministry of Petroleum & Natural Gas,709796,City Gas Distribution Projects at the Nilgiris and Erode districts,3685,3685.0,303.1,26,2657.0,3.356605065023956,0.4614226571321039,20.142265713210392,0.08225237449118047,11.225925925925926,2022.0,12.0,7.0,0.3,0.9555555555555556,0.29411764705882354,0.9411764705882353,0.0,0.0,,
305,Oil & Gas,Ministry of Petroleum & Natural Gas,617836,Coke Drum Structure Package,635,635.28,464.46,72,1107.0,3.359342915811088,1.10840108401084,38.84010840108401,0.7314330708661417,6.362465753424657,2022.0,12.0,4.0,0.3,0.9555555555555556,0.29411764705882354,0.9411764705882353,0.04409448818897208,0.0,,
306,Oil & Gas,Ministry of Petroleum & Natural Gas,709838,Commercial Polymer Flooding Project in Bechraji field,621,739.02,280.45,50,1044.0,4.271047227926078,1.4942528735632183,99.42528735632183,0.451610305958132,5.499019607843137,2022.0,1.0,4.0,0.28888888888888886,0.9545454545454546,0.28431372549019607,0.94,19.004830917874393,1.0,29.96057818659658,1.0
307,Oil & Gas,Ministry of Petroleum & Natural Gas,709780,Construction of Additional Tankages and Allied Facilities at JNPT Terminal,341,436.14,305.01,73,1595.0,4.030116358658453,0.922884012539185,19.288401253918494,0.8944574780058651,4.121756756756756,2022.0,4.0,2.0,0.28888888888888886,0.9555555555555556,0.28431372549019607,0.9411764705882353,27.90029325513196,1.0,,
308,Oil & Gas,Ministry of Petroleum & Natural Gas,616858,"Construction of Field Gas Gathering Station at Baghjan area for collection, processing & transportation of natural Gas to be produced from Baghjan Field",431,430.76,348.65,96,1188.0,5.333333333333333,1.6397306397306397,67.97306397306397,0.8089327146171693,3.594329896907216,2020.0,12.0,3.0,0.3,0.9545454545454546,0.29411764705882354,0.94,-0.055684454756382624,0.0,31.99737187910644,1.0
309,Oil & Gas,Ministry of Petroleum & Natural Gas,709837,"Creation of Gas Dehydration Facilities, Tripura Asset",209,131.51,81.31,71,815.0,4.145106091718001,1.8576687116564417,114.76687116564418,0.38904306220095697,1.1293055555555556,2022.0,3.0,0.0,0.3,0.9545454545454546,0.29411764705882354,0.94,-37.076555023923454,0.0,29.00788436268068,1.0
310,Oil & Gas,Ministry of Petroleum & Natural Gas,709800,"CUF POL Depot at Sadashibpur [Meramundali], Odisha",394,393.54,233.3,86,1805.0,5.023956194387406,1.0166204986149585,15.662049861495845,0.5921319796954315,2.681609195402299,2021.0,4.0,2.0,0.3,0.9545454545454546,0.29411764705882354,0.94,-0.11675126903552781,0.0,6.011826544021025,1.0
311,Oil & Gas,Ministry of Petroleum & Natural Gas,709839,Daman Upside Development Project,4144,6406.9,6302.5,93,1220.0,3.8357289527720737,1.1483606557377048,21.836065573770483,1.5208735521235521,67.04787234042553,2022.0,6.0,7.0,0.28888888888888886,0.9545454545454546,0.28431372549019607,0.94,54.60666023166022,1.0,13.994743758212877,1.0
312,Oil & Gas,Ministry of Petroleum & Natural Gas,709864,DCU Revamp Project,370,370.0,310.38,80,1077.0,4.733744010951403,1.6053853296193128,80.53853296193128,0.8388648648648649,3.8318518518518516,2021.0,8.0,2.0,0.3,0.9545454545454546,0.29411764705882354,0.94,0.0,0.0,32.42444152431012,1.0
313,Oil & Gas,Ministry of Petroleum & Natural Gas,616879,Demo Bio-ATF Project,364,364.0,91.39,55,1030.0,2.105407255304586,0.7466019417475728,19.66019417475728,0.25107142857142856,1.6319642857142858,2024.0,3.0,2.0,0.3,0.9555555555555556,0.29411764705882354,0.9411764705882353,0.0,0.0,,
314,Oil & Gas,Ministry of Petroleum & Natural Gas,610984,Development of Jharia CBM Block [Phase-1],431,431.0,267.74,66,1522.0,6.439425051334703,1.545335085413929,88.5335085413929,0.6212064965197216,3.996119402985075,2019.0,11.0,3.0,0.3,0.9545454545454546,0.29411764705882354,0.94,0.0,0.0,32.29303547963206,1.0
315,Oil & Gas,Ministry of Petroleum & Natural Gas,604863,Development of Surface Facilities for production and evacuation of Crude Oil and Natural Gas from Nadua and East Khagorija,683,726.93,601.12,94,780.0,8.301163586584531,3.887179487179487,294.71794871794873,0.8801171303074671,6.327578947368421,2018.0,1.0,4.0,0.28888888888888886,0.9545454545454546,0.28431372549019607,0.94,6.431918008784766,1.0,82.03022339027595,1.0
316,Oil & Gas,Ministry of Petroleum & Natural Gas,701344,Dhamra Haldia Pipeline Project,1031,1125.0,927.4,94,979.0,6.157426420260096,2.297242083758938,135.72420837589377,0.8995150339476237,9.762105263157894,2020.0,3.0,5.0,0.28888888888888886,0.9545454545454546,0.28431372549019607,0.94,9.117361784675072,1.0,46.747700394218136,1.0
317,Oil & Gas,Ministry of Petroleum & Natural Gas,617302,Durgapur - Haldia Pipeline [Section-3B of JHBDPL Project],1740,2583.0,2380.8,96,1401.0,9.163586584531142,2.3890078515346183,142.9007851534618,1.3682758620689657,24.544329896907218,2017.0,3.0,6.0,0.28888888888888886,0.9545454545454546,0.28431372549019607,0.94,48.44827586206897,1.0,68.95532194480946,1.0
318,Oil & Gas,Ministry of Petroleum & Natural Gas,709798,Ethylene Cracker Project at Bina Refinery including downstream Petrochemical Plants and expansion of Refinery,43367,43367.0,6104.0,34,1843.0,2.9596167008898013,0.5865436787845903,24.654367878459034,0.14075218484100813,174.4,2023.0,5.0,9.0,0.3,0.9555555555555556,0.29411764705882354,0.9411764705882353,0.0,0.0,,
319,Oil & Gas,Ministry of Petroleum & Natural Gas,619316,"Group Gathering Station, Lakwagaon",496,495.59,20.04,8,744.0,0.5557837097878165,0.2728494623655914,19.284946236559136,0.04040322580645161,2.2266666666666666,2025.0,10.0,3.0,0.3,0.9555555555555556,0.29411764705882354,0.9411764705882353,-0.08266129032258568,0.0,,
320,Oil & Gas,Ministry of Petroleum & Natural Gas,612853,Gurdaspur Jammu Pipeline,522,521.9,326.4,91,1095.0,2.8008213552361396,0.9342465753424658,2.4246575342465775,0.6252873563218391,3.5478260869565217,2023.0,7.0,3.0,0.3,0.9555555555555556,0.29411764705882354,0.9411764705882353,-0.01915708812260972,0.0,,
321,Oil & Gas,Ministry of Petroleum & Natural Gas,709753,Haldia Panagarh Pipeline Project,1010,1107.0,884.2,98,1095.0,3.4715947980835042,1.1579908675799087,17.799086757990864,0.8754455445544554,8.931313131313132,2022.0,11.0,5.0,0.28888888888888886,0.9545454545454546,0.28431372549019607,0.94,9.603960396039604,1.0,9.724047306176084,1.0
322,Oil & Gas,Ministry of Petroleum & Natural Gas,709752,HP-COAT [Crude to Olefins and Aromatics Technology] demo unit at Visakh Refinery,160,220.0,158.94,94,1011.0,4.59958932238193,1.6617210682492582,72.17210682492583,0.993375,1.6730526315789473,2021.0,9.0,0.0,0.28888888888888886,0.9545454545454546,0.28431372549019607,0.94,37.5,1.0,31.964520367936924,1.0
323,Oil & Gas,Ministry of Petroleum & Natural Gas,604853,"Indian Oil Technology Development and Deployment Centre at R&D Campus-II, Faridabad",2282,3200.0,1922.03,65,1283.0,6.841889117043121,1.9477786438035853,129.77786438035852,0.8422567922874671,29.121666666666666,2019.0,6.0,6.0,0.28888888888888886,0.9545454545454546,0.28431372549019607,0.94,40.22787028921998,1.0,54.96057818659658,1.0
324,Oil & Gas,Ministry of Petroleum & Natural Gas,709777,Installation of Bitumen Manufacturing Unit along with allied facilities at Barauni Refinery,389,410.3,124.57,66,1185.0,4.243668720054757,1.3080168776371308,64.80168776371309,0.3202313624678663,1.8592537313432835,2022.0,1.0,2.0,0.28888888888888886,0.9545454545454546,0.28431372549019607,0.94,5.475578406169668,1.0,25.985545335085412,1.0
325,Oil & Gas,Ministry of Petroleum & Natural Gas,619225,Installation of Compression facility at GAIL Usar,260,260.2,0.0,0,729.0,1.056810403832991,0.5294924554183813,52.94924554183813,0.0,0.0,2025.0,4.0,1.0,0.3,0.9555555555555556,0.29411764705882354,0.9411764705882353,0.07692307692307256,0.0,,
326,Oil & Gas,Ministry of Petroleum & Natural Gas,709783,"Installation of Multiple Effect Evaporator [MEE] for ETP-1, 2 & 4 of Panipat Refinery and Petrochemical Complex.",165,247.69,193.38,92,920.0,5.352498288843258,2.125,120.5,1.172,2.079354838709677,2020.0,12.0,0.0,0.28888888888888886,0.9545454545454546,0.28431372549019607,0.94,50.11515151515151,1.0,40.04599211563732,1.0
327,Oil & Gas,Ministry of Petroleum & Natural Gas,709778,Installation of new Biturox Unit along with allied facilities at Gujarat Refinery,328,344.36,218.17,88,1285.0,4.243668720054757,1.206225680933852,32.62256809338521,0.6651524390243903,2.4513483146067414,2022.0,1.0,2.0,0.3,0.9545454545454546,0.29411764705882354,0.94,4.9878048780487845,0.0,16.754270696452036,1.0
328,Oil & Gas,Ministry of Petroleum & Natural Gas,709851,Integrated Development of 4 Contract Areas under DSF-II,6184,6183.79,2053.0,47,1435.0,2.9295003422313486,0.7456445993031359,27.56445993031359,0.33198576972833116,42.770833333333336,2023.0,5.0,8.0,0.3,0.9555555555555556,0.29411764705882354,0.9411764705882353,-0.0033958602846060216,0.0,,
329,Oil & Gas,Ministry of Petroleum & Natural Gas,604859,Integrated Para Xylene [PX] and Purified Terephthalic Acid [PTA] Project at Paradip Refinery,13805,11783.0,8870.29,95,1279.0,5.746748802190281,1.6411258795934325,69.11258795934324,0.6425418326693227,92.39885416666668,2020.0,7.0,9.0,0.3,0.9545454545454546,0.29411764705882354,0.94,-14.646867077145961,0.0,30.97897503285151,1.0
330,Oil & Gas,Ministry of Petroleum & Natural Gas,709842,"Kalol Redevelopment Project, Ahmedabad Asset",1487,1487.41,946.45,66,1674.0,3.6659822039698837,0.7998805256869773,13.988052568697725,0.6364828513786147,14.126119402985076,2022.0,8.0,6.0,0.3,0.9555555555555556,0.29411764705882354,0.9411764705882353,0.027572293207806447,0.0,,
331,Oil & Gas,Ministry of Petroleum & Natural Gas,619191,Kanpur LPG Bottling Plant,202,202.0,132.75,62,734.0,0.5913757700205339,0.29427792915531337,-32.57220708446866,0.6571782178217822,2.107142857142857,2025.0,9.0,0.0,0.3,0.9555555555555556,0.29411764705882354,0.9411764705882353,0.0,0.0,,
332,Oil & Gas,Ministry of Petroleum & Natural Gas,400120,KG-DWN-98/2 Cluster - II Development Project - NELP Block,34012,34012.0,33192.0,97,1555.0,10.088980150581794,2.369774919614148,139.97749196141478,0.9758908620486887,338.6938775510204,2016.0,3.0,9.0,0.3,0.9545454545454546,0.29411764705882354,0.94,0.0,0.0,75.0,1.0
333,Oil & Gas,Ministry of Petroleum & Natural Gas,701228,Kochi - Koottanad - Bangalore - Mangalore Pipeline Phase-II,2915,5909.0,4881.8,97,1288.0,16.854209445585216,4.779503105590062,380.9503105590062,1.6747169811320755,49.81428571428572,2009.0,6.0,7.0,0.28888888888888886,0.9545454545454546,0.28431372549019607,0.94,102.71012006861065,1.0,164.94743758212877,1.0
334,Oil & Gas,Ministry of Petroleum & Natural Gas,709785,Laying of Natural Gas Pipeline from Hazaribagh to Ranchi [HRPL],202,202.07,65.98,58,1095.0,3.2197125256673513,1.073972602739726,49.397260273972606,0.32663366336633665,1.1183050847457627,2023.0,2.0,0.0,0.3,0.9545454545454546,0.29411764705882354,0.94,0.03465346534653128,0.0,13.66622864651774,1.0
335,Oil & Gas,Ministry of Petroleum & Natural Gas,709750,Laying of new 28 inch Desal Water Pipeline and 10 inch Reject Water Pipeline between CPCL Manali Refinery and CPCL Desalination plant at Ennore,205,205.0,117.88,77,608.0,2.269678302532512,1.363486842105263,59.3486842105263,0.5750243902439024,1.5112820512820513,2024.0,1.0,0.0,0.3,0.9545454545454546,0.29411764705882354,0.94,0.0,0.0,15.308804204993429,1.0
336,Oil & Gas,Ministry of Petroleum & Natural Gas,400119,Life Extension of 48 well platforms of Mumbai High & Heera Fields,3191,3375.9,3123.2,90,860.0,10.354551676933607,4.397674418604651,349.76744186046506,0.9787527420871199,34.32087912087912,2015.0,12.0,7.0,0.28888888888888886,0.9545454545454546,0.28431372549019607,0.94,5.794421811344409,1.0,102.03679369250985,1.0
337,Oil & Gas,Ministry of Petroleum & Natural Gas,616933,Lube Modernization & Bottom Upgradation Project at Mumbai Refinery,4679,6008.0,314.9,14,1186.0,1.3689253935660506,0.42158516020236086,28.158516020236085,0.06730070527890575,20.993333333333332,2024.0,12.0,8.0,0.28888888888888886,0.9545454545454546,0.28431372549019607,0.94,28.403505022440694,1.0,17.509855453350852,1.0
338,Oil & Gas,Ministry of Petroleum & Natural Gas,701330,Mehsana-Bhatinda & Bhatinda-Jammu Natural Gas Pipeline,7392,7392.0,6360.86,90,4742.0,14.8145106091718,1.141079713201181,24.107971320118097,0.8605059523809523,69.89956043956043,2011.0,7.0,8.0,0.3,0.9555555555555556,0.29411764705882354,0.9411764705882353,0.0,0.0,,
339,Oil & Gas,Ministry of Petroleum & Natural Gas,709848,MHN TCPP PGC BGC Project [MTPBP],2329,2354.23,1930.25,96,1420.0,3.8357289527720737,0.9866197183098592,2.6619718309859195,0.8287891799055389,19.899484536082475,2022.0,6.0,6.0,0.3,0.9545454545454546,0.29411764705882354,0.94,1.0832975525976822,0.0,7.424441524310118,1.0
340,Oil & Gas,Ministry of Petroleum & Natural Gas,701346,North East Gas Grid,9265,9265.0,7008.0,88,1460.0,6.078028747433265,1.5205479452054795,64.05479452054794,0.7563950350782515,78.74157303370787,2020.0,4.0,8.0,0.3,0.9545454545454546,0.29411764705882354,0.94,0.0,0.0,47.99605781865966,1.0
341,Oil & Gas,Ministry of Petroleum & Natural Gas,604791,Numaligarh Refinery Expansion Project,12366,25313.0,20411.2,87,1461.0,5.757700205338809,1.4394250513347022,56.942505133470235,1.650590328319586,231.94545454545457,2020.0,7.0,8.0,0.28888888888888886,0.9545454545454546,0.28431372549019607,0.94,104.6983664887595,1.0,32.09592641261498,1.0
342,Oil & Gas,Ministry of Petroleum & Natural Gas,709841,Old Pipe Line Replacement [OPRP] Group-A,173,169.84,168.22,95,1478.0,4.829568788501026,1.1935047361299054,24.35047361299054,0.9723699421965318,1.7522916666666666,2021.0,7.0,0.0,0.3,0.9545454545454546,0.29411764705882354,0.94,-1.8265895953757205,0.0,15.965834428383705,1.0
343,Oil & Gas,Ministry of Petroleum & Natural Gas,619328,ONGC-BP Redevelopment Phase-1 Scheme of Mumbai High Field,3713,3908.0,2304.68,56,491.0,0.4271047227926078,0.31771894093686354,-24.228105906313647,0.6207056288715324,40.43298245614035,2025.0,11.0,7.0,0.28888888888888886,0.9555555555555556,0.28431372549019607,0.9411764705882353,5.251817936978185,1.0,,
344,Oil & Gas,Ministry of Petroleum & Natural Gas,619223,Petro Resid Fluidized Catalytic Cracking [PRFCC] Unit and its associated facilities at Mumbai Refinery,13626,13626.0,93.6,7,1584.0,0.917180013689254,0.21148989898989898,14.148989898989896,0.0068692206076618224,11.7,2025.0,5.0,9.0,0.3,0.9555555555555556,0.29411764705882354,0.9411764705882353,0.0,0.0,,
345,Oil & Gas,Ministry of Petroleum & Natural Gas,701329,Petrochemical and Lube Integration Project at Gujarat Refinery,18936,17825.0,13901.1,90,1440.0,5.604380561259411,1.4215277777777777,52.15277777777777,0.7341096324461344,152.75934065934067,2020.0,9.0,9.0,0.3,0.9545454545454546,0.29411764705882354,0.94,-5.867131389945078,0.0,26.971090670170828,1.0
346,Oil & Gas,Ministry of Petroleum & Natural Gas,709847,Pipeline Network Project Rudrasagar,481,481.03,238.83,55,1186.0,3.2553045859000687,1.0025295109612142,45.25295109612142,0.4965280665280666,4.2648214285714285,2023.0,1.0,3.0,0.3,0.9545454545454546,0.29411764705882354,0.94,0.006237006237000565,0.0,12.089356110381077,1.0
347,Oil & Gas,Ministry of Petroleum & Natural Gas,617827,"Pipeline Rehabilitation Project, Phase-II",680,680.0,13.53,29,1825.0,1.3634496919917864,0.27287671232876715,-1.7123287671232852,0.01989705882352941,0.45099999999999996,2024.0,12.0,4.0,0.3,0.9555555555555556,0.29411764705882354,0.9411764705882353,0.0,0.0,,
348,Oil & Gas,Ministry of Petroleum & Natural Gas,619314,Pipeline Replacement Project- PRP-IX,6684,6175.0,979.47,24,632.0,0.6899383983572895,0.3987341772151899,15.87341772151899,0.1465394973070018,39.1788,2025.0,8.0,8.0,0.3,0.9555555555555556,0.29411764705882354,0.9411764705882353,-7.615200478755237,0.0,,
349,Oil & Gas,Ministry of Petroleum & Natural Gas,709797,POL & LOBS Installations with Receipt Pipelines at Rasayani,2585,2585.0,1507.62,87,1112.0,2.9596167008898013,0.9721223021582733,10.212230215827333,0.5832185686653771,17.13204545454545,2023.0,5.0,7.0,0.3,0.9555555555555556,0.29411764705882354,0.9411764705882353,0.0,0.0,,
350,Oil & Gas,Ministry of Petroleum & Natural Gas,611917,Poly Butadiene Rubber plant at Panipat,1459,2531.44,1560.24,90,1111.0,4.123203285420945,1.3555355535553555,45.553555355535536,1.0693899931459905,17.145494505494504,2022.0,3.0,6.0,0.28888888888888886,0.9545454545454546,0.28431372549019607,0.94,73.50514050719671,1.0,21.02496714848883,1.0
351,Oil & Gas,Ministry of Petroleum & Natural Gas,709865,Power Recovery Turbine [PRT] in PFCCU unit as an Energy Conservation Scheme,294,293.5,81.84,99,629.0,3.049965776865161,1.7710651828298887,78.10651828298887,0.2783673469387755,0.8184,2023.0,4.0,1.0,0.3,0.9545454545454546,0.29411764705882354,0.94,-0.17006802721088435,0.0,23.98160315374507,1.0
352,Oil & Gas,Ministry of Petroleum & Natural Gas,612790,Power System Upgradation Project,385,385.0,271.36,90,749.0,2.4996577686516086,1.218958611481976,31.895861148197596,0.7048311688311689,2.9819780219780223,2023.0,10.0,2.0,0.3,0.9545454545454546,0.29411764705882354,0.94,0.0,0.0,10.413929040735873,1.0
353,Oil & Gas,Ministry of Petroleum & Natural Gas,619226,Provision of four bitumen tanks with capacity of 5 TMT each at Visakh Refinery,258,258.34,8.67,20,912.0,0.5968514715947981,0.23903508771929824,3.9035087719298254,0.0336046511627907,0.41285714285714287,2025.0,9.0,1.0,0.3,0.9555555555555556,0.29411764705882354,0.9411764705882353,0.1317829457364244,0.0,,
354,Oil & Gas,Ministry of Petroleum & Natural Gas,616950,PRP-VIII [Group-A],1589,1486.4,629.46,60,541.0,1.648186173853525,1.11275415896488,51.275415896488,0.3961359345500315,10.319016393442624,2024.0,9.0,6.0,0.3,0.9555555555555556,0.29411764705882354,0.9411764705882353,-6.456891126494645,0.0,,
355,Oil & Gas,Ministry of Petroleum & Natural Gas,709849,PRP-VIII Group B [NH & BS Asset],2547,3348.6,3003.9,99,618.0,1.8590006844626967,1.098705501618123,10.870550161812304,1.1793875147232038,30.039,2024.0,6.0,7.0,0.28888888888888886,0.9545454545454546,0.28431372549019607,0.94,31.472320376914016,1.0,10.052562417871222,1.0
356,Oil & Gas,Ministry of Petroleum & Natural Gas,400169,Redevelopment of Linch Field,631,845.42,622.24,94,1438.0,5.018480492813142,1.2746870653685674,33.46870653685673,0.9861172741679873,6.549894736842106,2021.0,4.0,4.0,0.28888888888888886,0.9545454545454546,0.28431372549019607,0.94,33.9809825673534,1.0,19.021024967148488,1.0
357,Oil & Gas,Ministry of Petroleum & Natural Gas,400167,Redevelopment of Santhal Field [Onshore-Mehsana Asset],1163,1162.56,1127.73,97,3323.0,9.180013689253936,1.0090279867589527,3.9027986758952693,0.9696732588134136,11.507448979591837,2017.0,2.0,5.0,0.3,0.9545454545454546,0.29411764705882354,0.94,-0.03783319002580005,0.0,9.034165571616294,1.0
358,Oil & Gas,Ministry of Petroleum & Natural Gas,400087,Redevelopment of Sobhasan Complex,886,1347.61,1062.32,96,2056.0,4.7118412046543465,0.8370622568093385,-12.293774319066145,1.1990067720090292,10.951752577319587,2021.0,8.0,5.0,0.28888888888888886,0.9555555555555556,0.28431372549019607,0.9411764705882353,52.10045146726861,1.0,,
359,Oil & Gas,Ministry of Petroleum & Natural Gas,709840,"Restoration of Gas Terminal, Phase-I [Part-A], Hazira",249,249.43,219.56,98,990.0,3.9260780287474333,1.4484848484848485,46.848484848484844,0.8817670682730924,2.2177777777777776,2022.0,5.0,1.0,0.3,0.9555555555555556,0.29411764705882354,0.9411764705882353,0.1726907630522116,0.0,,
360,Oil & Gas,Ministry of Petroleum & Natural Gas,709781,Revamping / Augmentation of Facilities at Mathura Bitumen Plant,260,260.12,23.58,57,1898.0,4.030116358658453,0.7755532139093783,20.55532139093782,0.09069230769230768,0.406551724137931,2022.0,4.0,1.0,0.3,0.9772727272727273,0.29411764705882354,0.96,0.046153846153847905,0.0,-5.946123521681997,0.0
361,Oil & Gas,Ministry of Petroleum & Natural Gas,709845,"Revamping of SV Stations, Gas Terminal & Kribhco Terminal",837,1119.86,469.99,71,1370.0,3.4140999315537304,0.9102189781021898,20.021897810218974,0.5615173237753883,6.527638888888889,2022.0,11.0,4.0,0.28888888888888886,0.9555555555555556,0.28431372549019607,0.9411764705882353,33.79450418160094,1.0,,
362,Oil & Gas,Ministry of Petroleum & Natural Gas,709774,Revamping/ Augmentation of facilities at existing port terminal at Mangalore,463,500.62,327.65,86,1430.0,4.243668720054757,1.083916083916084,22.3916083916084,0.7076673866090712,3.7660919540229885,2022.0,1.0,3.0,0.28888888888888886,0.9545454545454546,0.28431372549019607,0.94,8.125269978401729,1.0,17.936925098554532,1.0
363,Oil & Gas,Ministry of Petroleum & Natural Gas,617304,"Setting up of LPG Plant with Rail Unloading Facility at Hathua, Dist. Gopalganj, Bihar",340,340.15,186.21,56,1221.0,2.507871321013005,0.7502047502047502,19.02047502047502,0.5476764705882353,3.266842105263158,2023.0,10.0,2.0,0.3,0.9555555555555556,0.29411764705882354,0.9411764705882353,0.04411764705881684,0.0,,
364,Oil & Gas,Ministry of Petroleum & Natural Gas,709799,Setting up Polypropylene Unit at Kochi Refinery,4460,4850.0,1026.0,45,1412.0,2.3627652292950034,0.6111898016997167,16.11898016997167,0.23004484304932735,22.304347826086957,2023.0,12.0,8.0,0.28888888888888886,0.9555555555555556,0.28431372549019607,0.9411764705882353,8.74439461883408,1.0,,
365,Oil & Gas,Ministry of Petroleum & Natural Gas,617837,Siliguri Marketing Terminal [SMT] Capacity Augmentation Project,484,484.0,319.32,89,1514.0,4.473648186173854,1.0792602377807134,18.92602377807134,0.6597520661157025,3.548,2021.0,11.0,3.0,0.3,0.9545454545454546,0.29411764705882354,0.94,0.0,0.0,9.986859395532194,1.0
366,Oil & Gas,Ministry of Petroleum & Natural Gas,617828,Siliguri-Jhapa Pipeline Project,267,267.0,3.19,16,1796.0,1.5797399041752225,0.3212694877505568,16.12694877505568,0.011947565543071161,0.18764705882352942,2024.0,9.0,1.0,0.3,0.9772727272727273,0.29411764705882354,0.96,0.0,0.0,0.0,0.0
367,Oil & Gas,Ministry of Petroleum & Natural Gas,616254,Visakh Raipur Pipeline Project,2212,2212.0,570.0,38,1094.0,1.6317590691307324,0.5447897623400365,16.478976234003653,0.2576853526220615,14.615384615384615,2024.0,9.0,6.0,0.3,0.9555555555555556,0.29411764705882354,0.9411764705882353,0.0,0.0,,
368,Railways,Ministry of Coal,400203,Dharamjaigarh-Korba,1686,2438.53,792.73,44,3145.0,7.939767282683094,0.9220985691573926,48.209856915739266,0.4701838671411625,17.616222222222223,2018.0,5.0,6.0,0.5838926174496645,0.6351351351351351,0.16666666666666666,1.0,44.63404507710559,1.0,-4.0078843626806835,0.0
369,Railways,Ministry of Coal,400416,Shivpur-Kathautia New Rail [BG] Line [49 km] [Package II of Tori-Shivpur-Kathautia line],1800,2564.34,1784.77,72,2680.0,8.16974674880219,1.1134328358208956,39.343283582089555,0.9915388888888889,24.44890410958904,2018.0,2.0,7.0,0.5838926174496645,0.6283783783783784,0.16666666666666666,0.9705882352941176,42.46333333333334,1.0,23.98160315374507,1.0
370,Railways,Ministry of Railways,616697,3rd & 4 th line Vadlapudi-Gate Jn. incl. tie line between Gangavaram Port-Visakhapatnam Steel Plant12.04 km PB73/2023-24/NR,154,,89.67,87,1176.0,3.052703627652293,0.9481292517006803,7.812925170068027,0.5822727272727273,1.0189772727272728,2023.0,4.0,0.0,0.5866666666666667,0.6308724832214765,0.581081081081081,0.6326530612244898,,,,
371,Railways,Ministry of Railways,709819,3rd & 4th line - Saragbundia & Madwarani 12.2 km PB72/NR/2022-23,168,,28.44,10,1571.0,3.6303901437371664,0.8440483768300445,74.40483768300446,0.1692857142857143,2.5854545454545454,2022.0,9.0,0.0,0.5866666666666667,0.6351351351351351,0.581081081081081,0.636986301369863,,,0.0,0.0
372,Railways,Ministry of Railways,612834,3rd & 4th line between Sarla - Sason 8 km PB73/2023-24/NR,252,,169.6,88,984.0,3.030800821355236,1.125,24.5,0.673015873015873,1.90561797752809,2023.0,4.0,1.0,0.5866666666666667,0.6308724832214765,0.581081081081081,0.6326530612244898,,,,
373,Railways,Ministry of Railways,616227,3rd line between Chandil - Anara- Damodar section 121.26 km,1932,1932.01,9.07,0,1847.0,1.6372347707049966,0.3237682728749323,32.376827287493235,0.004694616977225673,9.07,2024.0,9.0,7.0,0.5906040268456376,0.6308724832214765,0.5850340136054422,0.6326530612244898,0.0005175983436848295,0.0,,
374,Railways,Ministry of Railways,705506,3rd Line Manmad - Jalgaon [160 Kilometres],1035,1870.0,1843.54,100,2772.0,8.917180013689254,1.174963924963925,17.496392496392502,1.7811980676328503,18.252871287128713,2017.0,5.0,5.0,0.5838926174496645,0.6283783783783784,0.5782312925170068,0.6301369863013698,80.67632850241546,1.0,10.775295663600525,1.0
375,Railways,Ministry of Railways,709815,4th line - Bhatapara-Hathband 8.8 km PB72/NR/2022-23,177,177.03,21.08,3,1584.0,3.5811088295687883,0.8257575757575758,79.57575757575758,0.1190960451977401,5.27,2022.0,9.0,0.0,0.5906040268456376,0.6283783783783784,0.5850340136054422,0.6301369863013698,0.016949152542373523,0.0,10.972404730617608,1.0
376,Railways,Ministry of Railways,709816,4th line - Bhilai-Bhilai nagar 8.8 km PB72/NR/2022-23,177,177.34,35.21,3,1612.0,3.5811088295687883,0.8114143920595533,78.14143920595534,0.19892655367231638,8.8025,2022.0,9.0,0.0,0.5906040268456376,0.6351351351351351,0.5850340136054422,0.636986301369863,0.1920903954802279,0.0,0.0,0.0
377,Railways,Ministry of Railways,709817,4th line - Dadhapara-Belha 9.2 km PB72/NR/2022-23,169,169.06,65.43,10,1537.0,3.62217659137577,0.8607677293428757,76.07677293428758,0.3871597633136095,5.948181818181819,2022.0,9.0,0.0,0.5906040268456376,0.6351351351351351,0.5850340136054422,0.636986301369863,0.035502958579883,0.0,-0.1314060446780552,0.0
378,Railways,Ministry of Railways,709818,4th line - Rajnandgaon-Dongarhgarh 31.2 km PB72/NR/2022-23,328,328.34,98.21,5,1602.0,3.6303901437371664,0.8277153558052435,77.77153558052434,0.29942073170731703,16.368333333333332,2022.0,9.0,1.0,0.5906040268456376,0.6351351351351351,0.5850340136054422,0.636986301369863,0.10365853658535823,0.0,0.0,0.0
379,Railways,Ministry of Railways,705919,Agra Fort-Bandikui Doubling Line Project,1390,1390.0,529.92,56,1855.0,3.912388774811773,0.7703504043126684,21.03504043126685,0.3812374100719424,9.296842105263158,2022.0,6.0,6.0,0.5906040268456376,0.6351351351351351,0.5850340136054422,0.636986301369863,0.0,0.0,-0.09855453350854139,0.0
380,Railways,Ministry of Railways,705356,Ahmednagar - Beed - Parli - Vaijnath New Broad Gauge Line Railway Project [261.3 km],2539,5942.48,5054.69,93,10905.0,29.1854893908282,0.9775332416322787,4.753324163227873,1.9908192201654193,53.77329787234042,1997.0,2.0,8.0,0.5838926174496645,0.6351351351351351,0.5782312925170068,0.636986301369863,134.04805041354862,1.0,-9.034165571616294,0.0
381,Railways,Ministry of Railways,616843,Ajmer-Chanderiya section 178.28 km Umbrella work PB57/2019-20/NR,1635,1634.79,560.17,23,1227.0,2.193018480492813,0.6528117359413202,42.28117359413203,0.342611620795107,23.340416666666666,2024.0,2.0,6.0,0.5906040268456376,0.6283783783783784,0.5850340136054422,0.6301369863013698,-0.012844036697249933,0.0,9.034165571616294,1.0
382,Railways,Ministry of Railways,705774,Aligarh-Daud Khan - 3rd line 6.9 km & construction of flyover at Daud Khan,758,779.49,395.24,87,2132.0,7.080082135523614,1.2129455909943714,34.29455909943714,0.521424802110818,4.491363636363636,2019.0,4.0,4.0,0.5906040268456376,0.6283783783783784,0.5850340136054422,0.6301369863013698,2.8350923482849613,0.0,25.919842312746386,1.0
383,Railways,Ministry of Railways,617252,Anand Nagar - Ghughuli via Maharajganj 53.37 km,958,1501.1,888.5,12,1670.0,2.6803559206023273,0.5862275449101796,46.62275449101796,0.9274530271398748,68.34615384615384,2023.0,8.0,4.0,0.5838926174496645,0.6308724832214765,0.5782312925170068,0.6326530612244898,56.691022964509386,1.0,,
384,Railways,Ministry of Railways,705583,Anand Vihar-Tilak Bridge - 3rd & 4th line 9.77 km,667,701.88,393.68,23,3950.0,13.897330595482547,1.2850632911392406,105.50632911392407,0.5902248875562219,16.403333333333332,2012.0,6.0,3.0,0.5838926174496645,0.6283783783783784,0.5782312925170068,0.6301369863013698,5.229385307346327,1.0,57.03022339027595,1.0
385,Railways,Ministry of Railways,705368,Araria-Supaul 92 km,1605,2621.05,2140.8,40,5337.0,16.692676249144423,1.1424020985572418,74.24020985572419,1.3338317757009346,52.21463414634147,2009.0,8.0,6.0,0.5838926174496645,0.6283783783783784,0.5782312925170068,0.6301369863013698,63.305295950155774,1.0,34.03416557161629,1.0
386,Railways,Ministry of Railways,611751,Aurangabad-Ankai 98.25 km,961,,381.13,0,951.0,2.9322381930184807,1.1261829652996846,112.61829652996846,0.39659729448491154,381.13,2023.0,5.0,4.0,0.5866666666666667,0.6308724832214765,0.581081081081081,0.6326530612244898,,,,
387,Railways,Ministry of Railways,705495,Bagalkot-Kudachi 142 km,1378,1710.44,797.37,35,6250.0,16.194387405886378,0.9464,59.64,0.5786429608127721,22.149166666666666,2010.0,2.0,6.0,0.5838926174496645,0.6351351351351351,0.5782312925170068,0.636986301369863,24.12481857764877,1.0,-1.938239159001314,0.0
388,Railways,Ministry of Railways,400204,"Bahraich - Khalilabad via Bhinga, Shravasti, Balrampur, Utraula, Domriyaganj, Mehdawal, Bansi 240.26 km",4940,4939.78,1671.24,15,4382.0,7.496235455167693,0.6248288452761296,47.48288452761296,0.3383076923076923,104.4525,2018.0,10.0,9.0,0.5906040268456376,0.6351351351351351,0.5850340136054422,0.636986301369863,-0.004453441295551714,0.0,0.0328515111695138,0.0
389,Railways,Ministry of Railways,703586,Baiyyappanahalli-Hosur 48 km,499,1160.0,700.64,85,2101.0,7.080082135523614,1.230842455973346,38.0842455973346,1.4040881763527053,8.146976744186047,2019.0,4.0,2.0,0.5838926174496645,0.6283783783783784,0.5782312925170068,0.6301369863013698,132.46492985971946,1.0,13.009198423127463,1.0
390,Railways,Ministry of Railways,705941,Bangalore Suburban Railway Project,15767,,3277.99,20,2262.0,5.522245037645448,0.8916887709991158,69.16887709991158,0.20790194710471235,156.0947619047619,2020.0,10.0,9.0,0.5866666666666667,0.6283783783783784,0.581081081081081,0.6301369863013698,,,38.96189224704336,1.0
391,Railways,Ministry of Railways,705663,Bangalore-Whitefield-Bangalore City-Krishnarajapuram 23.08 km - Quadrupling,493,717.54,459.94,70,2902.0,8.112251882272416,1.0210199862164024,32.10199862164025,0.9329411764705883,6.478028169014085,2018.0,3.0,2.0,0.5838926174496645,0.6351351351351351,0.5782312925170068,0.636986301369863,45.54563894523326,1.0,0.0,0.0
392,Railways,Ministry of Railways,616586,Bangriposi - Gorumahisani 85.60 km PB9/SECR/2023-24,2269,,7.31,2,1960.0,1.6947296372347707,0.31581632653061226,29.581632653061227,0.003221683561040106,2.4366666666666665,2024.0,8.0,7.0,0.5866666666666667,0.6308724832214765,0.581081081081081,0.6326530612244898,,,,
393,Railways,Ministry of Railways,705782,Barabanki-Malhaur - 3rd & 4th Line 32.84 km,407,480.13,444.11,77,2251.0,7.24435318275154,1.1754775655264327,40.547756552643264,1.0911793611793612,5.693717948717949,2019.0,1.0,1.0,0.5838926174496645,0.6283783783783784,0.5782312925170068,0.6301369863013698,17.968058968058966,1.0,17.017082785808146,1.0
394,Railways,Ministry of Railways,705357,Baramati - Lonand 54 km,138,1790.5,1132.25,60,10282.0,27.23340177960301,0.967418790118654,36.74187901186539,8.204710144927537,18.561475409836067,1999.0,2.0,0.0,0.5838926174496645,0.6351351351351351,0.5782312925170068,0.636986301369863,1197.463768115942,1.0,0.0,0.0
395,Railways,Ministry of Railways,706860,Barauni-Bachwara 16 km - 3rd & 4th line incl Barauni yard remodelling 32 km Umbrella work PB57/2019-20/NR,645,485.58,228.43,38,1029.0,3.561943874058864,1.2643343051506317,88.43343051506318,0.35415503875968996,5.857179487179487,2022.0,10.0,3.0,0.5906040268456376,0.6283783783783784,0.5850340136054422,0.6301369863013698,-24.716279069767445,0.0,14.98028909329829,1.0
396,Railways,Ministry of Railways,612072,Barejadi Nandej Geratpur - Sanand - 4th line 38.20 km,962,961.67,548.14,23,1517.0,3.2361396303901437,0.7791694133157547,54.91694133157547,0.5697920997920998,22.839166666666667,2023.0,2.0,4.0,0.5906040268456376,0.6283783783783784,0.5850340136054422,0.6301369863013698,-0.03430353430353856,0.0,16.031537450722734,1.0
397,Railways,Ministry of Railways,705510,Bhadrak-Nergundi - 3rd line 80 km,1284,1600.0,1395.78,87,4652.0,14.149212867898699,1.110920034393809,24.092003439380903,1.0870560747663551,15.861136363636364,2012.0,3.0,5.0,0.5838926174496645,0.6283783783783784,0.5782312925170068,0.6301369863013698,24.610591900311526,1.0,14.027595269382392,1.0
398,Railways,Ministry of Railways,705777,Bhandai - Flyover for Etawah bound down trains 10 km,250,250.18,146.85,11,2525.0,7.080082135523614,1.0241584158415842,91.41584158415841,0.5873999999999999,12.237499999999999,2019.0,4.0,0.0,0.5906040268456376,0.6283783783783784,0.5850340136054422,0.6301369863013698,0.07200000000000273,0.0,11.990801576872535,1.0
399,Railways,Ministry of Railways,705780,Bhatni - Aunrihar with electrification 125 km excl Indara - Mau 116.95 km,2529,2529.46,2295.3,94,2222.0,8.164271047227926,1.342034203420342,40.20342034203421,0.9075919335705813,24.16105263157895,2018.0,3.0,8.0,0.5906040268456376,0.6283783783783784,0.5850340136054422,0.6301369863013698,0.01818900751285237,0.0,26.971090670170828,1.0
400,Railways,Ministry of Railways,705628,Bondamunda - Ranchi 158.50 km,3029,3029.04,2696.32,95,3378.0,10.080766598220396,1.0899940793368856,13.999407933688559,0.8901683724001321,28.08666666666667,2016.0,3.0,8.0,0.5906040268456376,0.6283783783783784,0.5850340136054422,0.6301369863013698,0.0013205678441717934,0.0,11.990801576872535,1.0
401,Railways,Ministry of Railways,706854,Boridand-Ambikapur 118.81 km Umbrella work PB57/2019-20/NR,1376,1576.72,499.37,38,2944.0,3.893223819301848,0.4830163043478261,10.30163043478261,0.3629142441860465,12.804358974358975,2022.0,6.0,5.0,0.5838926174496645,0.6351351351351351,0.5782312925170068,0.636986301369863,14.587209302325583,1.0,0.0,0.0
402,Railways,Ministry of Railways,400232,Brundamal - Jharsuguda - Fly-over connection for joining down line 6.6 km,297,296.51,46.39,55,4718.0,12.24640657084189,0.9480712166172107,39.80712166172107,0.1561952861952862,0.8283928571428572,2014.0,1.0,1.0,0.5906040268456376,0.6351351351351351,0.5850340136054422,0.636986301369863,-0.16498316498316803,0.0,-0.164257555847569,0.0
403,Railways,Ministry of Railways,705515,Budhapank-Salegaon via Rajatgarh - 3rd & 4th line 85 85 km,1173,3034.8,2213.72,86,3766.0,10.392881587953456,1.0079660116834839,14.796601168348388,1.8872293265132138,25.445057471264366,2015.0,12.0,5.0,0.5838926174496645,0.6351351351351351,0.5782312925170068,0.636986301369863,158.7212276214834,1.0,0.0,0.0
404,Railways,Ministry of Railways,616588,Buramara - Chakulia 59.96 km PB9/SECR/2023-24,1459,,11.7,2,1960.0,1.6947296372347707,0.31581632653061226,29.581632653061227,0.008019191226867717,3.9,2024.0,8.0,6.0,0.5866666666666667,0.6308724832214765,0.581081081081081,0.6326530612244898,,,,
405,Railways,Ministry of Railways,705567,Burhwal - Gonda - 3rd line 61.72 km,1016,1307.62,777.21,100,2692.0,8.46817248459959,1.1489598811292718,14.895988112927185,0.764970472440945,7.6951485148514855,2017.0,11.0,5.0,0.5838926174496645,0.6283783783783784,0.5782312925170068,0.6301369863013698,28.7027559055118,1.0,14.159001314060447,1.0
406,Railways,Ministry of Railways,617364,Central Railway - Double chord line between Nilaje and Kopar 4.495 km PB34/CR/2023-24,338,205.0,57.54,15,1826.0,2.759753593429158,0.552026286966046,40.202628696604606,0.17023668639053255,3.59625,2023.0,7.0,1.0,0.5906040268456376,0.6308724832214765,0.5850340136054422,0.6326530612244898,-39.349112426035504,0.0,,
407,Railways,Ministry of Railways,705424,Chandigarh-Baddi 33.23 km,1540,1942.17,1101.73,47,3241.0,8.202600958247775,0.9244060475161987,45.44060475161987,0.7154090909090909,22.952708333333334,2018.0,2.0,6.0,0.5838926174496645,0.6351351351351351,0.5782312925170068,0.636986301369863,26.114935064935068,1.0,0.0,0.0
408,Railways,Ministry of Railways,706865,Chandorgaon-Cansaulim rail flyover 16 km Umbrella work PB57/2019-20/NR,1892,1892.0,0.0,0,,,,,0.0,0.0,,,7.0,0.5906040268456376,0.6308724832214765,0.5850340136054422,0.6326530612244898,0.0,0.0,,
409,Railways,Ministry of Railways,705562,Chhapra-Ballia - Patch doubling 65 km,963,1010.84,1000.05,95,4379.0,13.163586584531142,1.097967572505138,14.796757250513807,1.0384735202492212,10.417187499999999,2013.0,3.0,4.0,0.5906040268456376,0.6283783783783784,0.5850340136054422,0.6301369863013698,4.967808930425756,0.0,15.078843626806833,1.0
410,Railways,Ministry of Railways,705454,Chhota Udepur-Dhar 157 km,1794,1993.65,1855.01,58,6883.0,19.184120465434635,1.0180154002615138,43.801540026151386,1.0340078037904126,31.440847457627118,2007.0,2.0,7.0,0.5838926174496645,0.6351351351351351,0.5782312925170068,0.636986301369863,11.128762541806026,1.0,0.0,0.0
411,Railways,Ministry of Railways,705244,Coach Production Factory Upgradation Project,520,,192.25,0,1487.0,8.399726214921287,2.063214525891056,206.3214525891056,0.3697115384615385,192.25,2017.0,12.0,2.0,0.5866666666666667,0.6308724832214765,0.581081081081081,0.6326530612244898,,,,
412,Railways,Ministry of Railways,612096,Construction of Balurghat-Hilli new BG Line,1209,1181.57,518.15,18,5936.0,15.3347022587269,0.9435646900269542,76.35646900269542,0.42857733664185277,27.271052631578947,2010.0,12.0,5.0,0.5906040268456376,0.6351351351351351,0.5850340136054422,0.636986301369863,-2.268817204301081,0.0,0.0,0.0
413,Railways,Ministry of Railways,400023,Construction of New BG line between Hassan to Belur [27 Km],749,,3.43,0,3348.0,7.1649555099247095,0.7816606929510155,78.16606929510155,0.004579439252336449,3.43,2019.0,3.0,4.0,0.5866666666666667,0.6283783783783784,0.581081081081081,0.6301369863013698,,,22.963206307490143,1.0
414,Railways,Ministry of Railways,616695,Construction of Paradeep- Badabandha 3rd & 4th line 18.51 km PB34/ECOR/2023-24,300,,21.5,7,1918.0,2.6639288158795345,0.5072992700729927,43.72992700729927,0.07166666666666667,2.6875,2023.0,8.0,1.0,0.5866666666666667,0.6308724832214765,0.581081081081081,0.6326530612244898,,,,
415,Railways,Ministry of Railways,617333,Construction of surface traingle between Bhadaura and new crossing station Karma Dildarnagar-Taraghat line 11.1 km PB72/NR/2022-23,200,,64.04,0,1606.0,3.564681724845996,0.8107098381070984,81.07098381070983,0.32020000000000004,64.04,2022.0,10.0,0.0,0.5866666666666667,0.6308724832214765,0.581081081081081,0.6326530612244898,,,,
416,Railways,Ministry of Railways,705453,"Dahod-Indore via Sardarpur, Jhabua & Dhar 200.97 km incl. material modification for change in alignment via Amjhera 4.82 km",456,9217.23,4509.3,57,5367.0,13.86173853524983,0.9433575554313397,37.33575554313397,9.888815789473684,77.74655172413793,2012.0,6.0,2.0,0.5838926174496645,0.6351351351351351,0.5782312925170068,0.636986301369863,1921.3223684210525,1.0,0.0,0.0
417,Railways,Ministry of Railways,705433,Dallirajhra- Rowghat New Railway Line - Phase I [95 km],1628,1628.0,1440.85,82,5921.0,16.791238877481177,1.035804762709002,21.580476270900192,0.8850429975429975,17.359638554216865,2009.0,7.0,6.0,0.5906040268456376,0.6283783783783784,0.5850340136054422,0.6301369863013698,0.0,0.0,3.0223390275952693,1.0
418,Railways,Ministry of Railways,705504,Daund - Manmad 247.50 km,2081,3554.74,3191.56,95,2980.0,8.569472963723477,1.0503355704697988,10.03355704697988,1.5336665064872657,33.245416666666664,2017.0,10.0,7.0,0.5838926174496645,0.6283783783783784,0.5782312925170068,0.6301369863013698,70.81883709754925,1.0,3.9421813403416555,1.0
419,Railways,Ministry of Railways,706836,Dedicatedtest track for RDSO Phase-2 34 km Umbrella work PB22/2019-20/NR,466,619.19,586.33,98,1838.0,4.446269678302532,0.8835690968443961,-9.643090315560386,1.2582188841201718,5.9225252525252525,2021.0,11.0,2.0,0.5838926174496645,0.6308724832214765,0.5782312925170068,0.6326530612244898,32.87339055793993,1.0,,
420,Railways,Ministry of Railways,705392,Dimapur-Kohima 88 km,6663,15310.2,6719.53,45,6691.0,19.41409993155373,1.0597817964429832,60.97817964429832,1.0084841662914603,146.0767391304348,2006.0,11.0,9.0,0.5838926174496645,0.6283783783783784,0.5782312925170068,0.6301369863013698,129.77937865826206,1.0,57.19448094612352,1.0
421,Railways,Ministry of Railways,611884,Doubling between Bhiwani - Dobh Bahali PB73/2023-24/NR,471,471.0,342.36,77,1584.0,3.1704312114989732,0.7310606060606061,-3.893939393939391,0.7268789808917198,4.389230769230769,2023.0,2.0,2.0,0.5906040268456376,0.6283783783783784,0.5850340136054422,0.6301369863013698,0.0,0.0,7.982917214191852,1.0
422,Railways,Ministry of Railways,611752,Doubling between Gooty-Pendakallu 29.225 km PB73/2023-24/NR,352,351.83,149.34,0,1469.0,3.1047227926078027,0.7719537100068073,77.19537100068074,0.42426136363636363,149.34,2023.0,3.0,1.0,0.5906040268456376,0.6351351351351351,0.5850340136054422,0.636986301369863,-0.04829545454545907,0.0,-0.1314060446780552,0.0
423,Railways,Ministry of Railways,617370,Doubling between Jaunpur Jn - Zaffarabad 6.28 km PB73/2023-24/NR,181,237.38,78.47,22,1404.0,3.0882956878850103,0.8034188034188035,58.34188034188034,0.43353591160220994,3.4117391304347824,2023.0,3.0,0.0,0.5838926174496645,0.6308724832214765,0.5782312925170068,0.6326530612244898,31.149171270718227,1.0,,
424,Railways,Ministry of Railways,616857,Doubling between Motumari Vishnupuram 88.81 km and Rail over Rail RoR at Motumari 10.877 Km,1596,,327.62,22,1867.0,2.193018480492813,0.42903053026245314,20.903053026245317,0.20527568922305764,14.244347826086956,2024.0,2.0,6.0,0.5866666666666667,0.6308724832214765,0.581081081081081,0.6326530612244898,,,,
425,Railways,Ministry of Railways,617215,Doubling between Parbhani-Parli Vaijnath stations 64.71 km PB34/CR/2023-24,770,,174.3,1,1567.0,2.3709787816563996,0.5526483726866624,54.26483726866624,0.22636363636363638,87.15,2023.0,12.0,4.0,0.5866666666666667,0.6308724832214765,0.581081081081081,0.6326530612244898,,,,
426,Railways,Ministry of Railways,400048,Doubling of lines connecting the loading spurs in Talcher Yard.,186,,105.07,88,841.0,3.6303901437371664,1.5766944114149821,69.66944114149823,0.5648924731182795,1.180561797752809,2022.0,9.0,0.0,0.5866666666666667,0.6283783783783784,0.581081081081081,0.6301369863013698,,,29.927726675427067,1.0
427,Railways,Ministry of Railways,400047,Doubling of Lingaraj SILO connectivity of NTPC line and augmentation of NTPC exchange yard and NTPC Block Cabin.,210,,41.17,53,865.0,3.696098562628337,1.560693641618497,103.0693641618497,0.19604761904761905,0.7624074074074074,2022.0,8.0,0.0,0.5866666666666667,0.6283783783783784,0.581081081081081,0.6301369863013698,,,23.98160315374507,1.0
428,Railways,Ministry of Railways,617231,East Central Railway - Construction of Bulb line at Nabinagar Ankorah 17.49Km PB45/ECoR/2024-25.,612,,0.0,0,1484.0,1.894592744695414,0.46630727762803237,46.63072776280324,0.0,0.0,2024.0,6.0,3.0,0.5866666666666667,0.6308724832214765,0.581081081081081,0.6326530612244898,,,,
429,Railways,Ministry of Railways,705639,Ernakulam-Kumbalam - Patch doubling 7.71 km,601,827.5,312.63,25,1824.0,3.07460643394935,0.6156798245614035,36.56798245614035,0.5201830282861897,12.024230769230769,2023.0,4.0,3.0,0.5838926174496645,0.6351351351351351,0.5782312925170068,0.636986301369863,37.68718801996672,1.0,-13.042049934296976,0.0
430,Railways,Ministry of Railways,705373,Fatuah-Islampur incl. material modification for extension of new line from Neora to Daniawan Daniawan to Biharsharif Biharsharif to Barbigha Barbigha to Sheikhpura,1473,3259.35,3041.78,95,7529.0,23.696098562628336,1.1495550537920043,19.95550537920043,2.0650237610319078,31.685208333333335,2002.0,8.0,6.0,0.5838926174496645,0.6283783783783784,0.5782312925170068,0.6301369863013698,121.27291242362526,1.0,29.040735873850196,1.0
431,Railways,Ministry of Railways,612827,Flyover between Pendurthi-Simhachalam North to avoid surface crossing at Simhachalam 7.135 km PB73/2023-24/NR,184,,25.44,21,1480.0,3.052703627652293,0.7533783783783784,54.33783783783784,0.1382608695652174,1.1563636363636365,2023.0,4.0,0.0,0.5866666666666667,0.6308724832214765,0.581081081081081,0.6326530612244898,,,,
432,Railways,Ministry of Railways,616694,Flyover between Siju & Paradeep coaching yard 7 km PB73/2023-24/NR,201,,55.91,0,1930.0,3.030800821355236,0.5735751295336787,57.35751295336787,0.27815920398009947,55.91,2023.0,4.0,0.0,0.5866666666666667,0.6308724832214765,0.581081081081081,0.6326530612244898,,,,
433,Railways,Ministry of Railways,705490,Gadag - Wadi 252 km,2842,3668.17,2252.04,35,5112.0,13.078713210130047,0.9344679186228482,58.44679186228481,0.7924137931034483,62.556666666666665,2013.0,4.0,8.0,0.5838926174496645,0.6283783783783784,0.5782312925170068,0.6301369863013698,29.070021111893034,1.0,9.034165571616294,1.0
434,Railways,Ministry of Railways,602792,Gauge Conversion of Kendri-Dhamtari including Abhanpur - Rajim Branch line 67.20 Kms - 2nd Material Modification to Raipur Titlagarh doubling.,1171,1171.0,448.77,100,4991.0,14.830937713894592,1.0853536365457823,8.535363654578234,0.38323654995730144,4.443267326732673,2011.0,7.0,5.0,0.5906040268456376,0.6283783783783784,0.5850340136054422,0.6301369863013698,0.0,0.0,15.99868593955322,1.0
435,Railways,Ministry of Railways,705444,Gevra Road-Pendra Road New Railway Line [135 km],4970,7448.52,5327.55,83,2917.0,12.068446269678303,1.511141583818992,68.11415838189922,1.0719416498993963,63.42321428571429,2014.0,4.0,9.0,0.5838926174496645,0.6283783783783784,0.5782312925170068,0.6301369863013698,49.869617706237435,1.0,57.03022339027595,1.0
436,Railways,Ministry of Railways,705765,Gomoh - Flyover for down trains 20 km,686,686.03,531.63,65,2978.0,8.24914442162902,1.011752854264607,36.175285426460704,0.7749708454810496,8.055,2018.0,1.0,3.0,0.5906040268456376,0.6351351351351351,0.5850340136054422,0.636986301369863,0.00437317784256162,0.0,0.0,0.0
437,Railways,Ministry of Railways,617224,Gorakhpur-Valmikinagar Doubling project,1120,,442.7,32,1588.0,2.6803559206023273,0.6164987405541562,29.649874055415623,0.3952678571428571,13.415151515151514,2023.0,8.0,5.0,0.5866666666666667,0.6308724832214765,0.581081081081081,0.6326530612244898,,,,
438,Railways,Ministry of Railways,705752,Gudha-Thathana Mithri - Construction of dedicated test track for testing and trial of rolling stocks and infrastructure components umbrella work PB23/2018-19/NR,819,540.0,326.2,95,2800.0,7.080082135523614,0.9235714285714286,-2.642857142857139,0.39829059829059826,3.3979166666666667,2019.0,4.0,4.0,0.5906040268456376,0.6351351351351351,0.5850340136054422,0.636986301369863,-34.065934065934066,0.0,0.0,0.0
439,Railways,Ministry of Railways,616839,Gunupur - Therubali new line 73.62 km,1166,1165.73,1.95,0,1960.0,1.6947296372347707,0.31581632653061226,31.581632653061227,0.0016723842195540308,1.95,2024.0,8.0,5.0,0.5906040268456376,0.6308724832214765,0.5850340136054422,0.6326530612244898,-0.023156089193823483,0.0,,
440,Railways,Ministry of Railways,705419,Gwalior-Sheorpurkalan with extension to Kota 284 km,2913,3947.0,3068.75,91,5519.0,16.191649555099247,1.0715709367639066,16.15709367639066,1.053467215928596,33.35597826086956,2010.0,2.0,8.0,0.5838926174496645,0.6283783783783784,0.5782312925170068,0.6301369863013698,35.49605217988328,1.0,10.972404730617608,1.0
441,Railways,Ministry of Railways,705366,Hajipur-Sagauli via Vaishali 148.3 km,2067,3991.33,2843.39,74,4561.0,18.56810403832991,1.4869546152159614,74.69546152159614,1.3756119980648283,37.91186666666667,2007.0,10.0,7.0,0.5838926174496645,0.6283783783783784,0.5782312925170068,0.6301369863013698,93.09772617319787,1.0,86.95795006570302,1.0
442,Railways,Ministry of Railways,705493,Hubli-Ankola 167 km,5174,533.32,186.31,10,2281.0,27.326488706365502,4.375712406839106,427.57124068391056,0.036008890606880554,16.937272727272727,1999.0,1.0,9.0,0.5906040268456376,0.6283783783783784,0.5850340136054422,0.6301369863013698,-89.6923076923077,0.0,299.96714848883045,1.0
443,Railways,Ministry of Railways,705507,Itarsi-Nagpur bal. 280 km,2450,2509.24,2290.12,55,3862.0,9.656399726214921,0.9132573795960642,36.32573795960643,0.9347428571428571,40.894999999999996,2016.0,9.0,8.0,0.5906040268456376,0.6283783783783784,0.5850340136054422,0.6301369863013698,2.4179591836734606,0.0,9.034165571616294,1.0
444,Railways,Ministry of Railways,705511,Jagdalpur-Koraput 110.22 km,1547,1547.38,1382.17,90,3040.0,10.403832991101986,1.25,35.0,0.8934518422753718,15.18868131868132,2015.0,12.0,6.0,0.5906040268456376,0.6283783783783784,0.5850340136054422,0.6301369863013698,0.024563671622502208,0.0,33.01576872536137,1.0
445,Railways,Ministry of Railways,705588,Janghai - Pratapgarh - Amethi 87 km,722,1528.83,1216.52,80,2698.0,8.46817248459959,1.1464047442550036,34.64047442550036,1.6849307479224376,15.018765432098766,2017.0,11.0,3.0,0.5838926174496645,0.6283783783783784,0.5782312925170068,0.6301369863013698,111.74930747922436,1.0,11.990801576872535,1.0
446,Railways,Ministry of Railways,705514,Jarapaada-Budhapank with flyover at Talcher Road - 3rd & 4th line 47 44 km,1000,928.54,758.57,25,1091.0,10.447638603696099,3.4977085242896426,324.77085242896425,0.7585700000000001,29.175769230769234,2015.0,11.0,5.0,0.5906040268456376,0.6283783783783784,0.5850340136054422,0.6301369863013698,-7.1460000000000035,0.0,112.54927726675426,1.0
447,Railways,Ministry of Railways,705742,Jeypore - Malkangiri 130 km,2344,2343.64,736.58,6,5642.0,8.19438740588638,0.5304856433888692,47.04856433888692,0.314240614334471,105.22571428571429,2018.0,2.0,7.0,0.5906040268456376,0.6351351351351351,0.5850340136054422,0.636986301369863,-0.01535836177474946,0.0,0.0,0.0
448,Railways,Ministry of Railways,705741,Jeypore - Navarangpur 38 km,748,747.91,15.93,1,4045.0,8.821355236139631,0.7965389369592089,78.65389369592089,0.021296791443850268,7.965,2017.0,7.0,3.0,0.5906040268456376,0.6283783783783784,0.5850340136054422,0.6301369863013698,-0.012032085561501583,0.0,17.017082785808146,1.0
449,Railways,Ministry of Railways,900874,Jhajha - Batia 20 km Umbrella work PB23/2018-19/NR,588,588.18,26.52,0,3332.0,7.2032854209445585,0.7896158463385354,78.96158463385355,0.04510204081632653,26.52,2019.0,2.0,3.0,0.5906040268456376,0.6283783783783784,0.5850340136054422,0.6301369863013698,0.030612244897950676,0.0,22.010512483574242,1.0
450,Railways,Ministry of Railways,705598,Jhansi-Bina - 3rd line 152.57 km,2002,2001.63,1943.61,98,2030.0,9.639972621492129,1.7344827586206897,75.44827586206895,0.9708341658341658,19.632424242424243,2016.0,9.0,7.0,0.5906040268456376,0.6283783783783784,0.5850340136054422,0.6301369863013698,-0.01848151848151303,0.0,47.99605781865966,1.0
451,Railways,Ministry of Railways,705608,Jhansi-Khairar-Manikpur & Khirar-Bhimsen,4330,4330.0,3102.72,73,2952.0,8.164271047227926,1.0101626016260163,28.01626016260164,0.7165635103926097,41.92864864864865,2018.0,3.0,9.0,0.5906040268456376,0.6351351351351351,0.5850340136054422,0.636986301369863,0.0,0.0,0.0,0.0
452,Railways,Ministry of Railways,705616,Jharsuguda - Bilaspur - 4th line 206 km,2140,2978.55,2540.98,88,2975.0,9.639972621492129,1.183529411764706,30.352941176470594,1.187373831775701,28.550337078651687,2016.0,9.0,7.0,0.5838926174496645,0.6283783783783784,0.5782312925170068,0.6301369863013698,39.184579439252346,1.0,16.95137976346912,1.0
453,Railways,Ministry of Railways,400006,Jharsuguda-Barpali-Sardega Ph II Works- Rail Connectivity for Coal Loading Bulb at Barpali.,809,,743.46,44,1487.0,4.566735112936345,1.1217215870880968,68.17215870880968,0.9189864029666255,16.521333333333335,2021.0,10.0,4.0,0.5866666666666667,0.6283783783783784,0.581081081081081,0.6301369863013698,,,13.994743758212877,1.0
454,Railways,Ministry of Railways,705391,Jiribam-Imphal 110 km,14323,21886.0,16931.5,78,8478.0,22.54072553045859,0.971101674923331,19.110167492333105,1.1821196676673882,214.3227848101266,2003.0,10.0,9.0,0.5838926174496645,0.6283783783783784,0.5782312925170068,0.6301369863013698,52.80318369056762,1.0,29.96057818659658,1.0
455,Railways,Ministry of Railways,705450,Jogbani-Biratnagar New Rail Line project,402,486.0,369.48,86,4294.0,15.838466803559205,1.347228691197019,48.7228691197019,0.9191044776119404,4.246896551724138,2010.0,6.0,1.0,0.5838926174496645,0.6283783783783784,0.5782312925170068,0.6301369863013698,20.8955223880597,1.0,57.03022339027595,1.0
456,Railways,Ministry of Railways,705492,Kadur-Chickmagalur-Sakleshpur 93 km,825,1043.15,790.72,83,4172.0,12.254620123203285,1.0728667305848514,24.286673058485135,0.9584484848484849,9.413333333333334,2014.0,1.0,4.0,0.5838926174496645,0.6283783783783784,0.5782312925170068,0.6301369863013698,26.442424242424256,1.0,6.044678055190539,1.0
457,Railways,Ministry of Railways,400247,"Kalinarayanpur-Krishnanagar with Krishnanagar-Shantipur-Nabadwipghat - GC, Krishnanagar-Chartala, MM for Krishnanagar-Chapra-NL, Naihati-Ranaghat-3rd line, Nabadwipghat-Nabadwipdham upto BB loop 9.58 km, Ranaghat-Lalgola-strengthening bridge No.2",1000,2153.91,925.7,49,4233.0,10.757015742642025,0.9281833215213796,43.818332152137955,0.9257000000000001,18.514,2015.0,7.0,5.0,0.5838926174496645,0.6283783783783784,0.5782312925170068,0.6301369863013698,115.39099999999998,1.0,13.042049934296976,1.0
458,Railways,Ministry of Railways,705498,Kalyan-Kasara - 3rd line 67.62 km,793,1395.5,1159.82,73,4126.0,10.625598904859686,0.9406204556471158,21.062045564711582,1.4625725094577553,15.673243243243242,2015.0,9.0,4.0,0.5838926174496645,0.6351351351351351,0.5782312925170068,0.636986301369863,75.97730138713746,1.0,0.0,0.0
459,Railways,Ministry of Railways,617245,Katihar-Kumedpur & Katihar-Mukuria 64.5 km Umbrella work PB57/2019-20/NR,943,1961.0,952.95,65,1831.0,3.676933607118412,0.7334789732386674,8.347897323866746,1.0105514316012725,14.438636363636364,2022.0,8.0,4.0,0.5838926174496645,0.6351351351351351,0.5782312925170068,0.636986301369863,107.95334040296925,1.0,-6.044678055190539,0.0
460,Railways,Ministry of Railways,705661,Katni - Grade separator / bypass 21.50 km,1248,2300.0,1839.46,84,2978.0,9.73305954825462,1.1937541974479517,35.37541974479518,1.4739262820512822,21.640705882352943,2016.0,8.0,5.0,0.5838926174496645,0.6283783783783784,0.5782312925170068,0.6301369863013698,84.2948717948718,1.0,23.98160315374507,1.0
461,Railways,Ministry of Railways,705668,Kharagpur-Adityapur - 3rd line 132 km,3250,3450.0,3297.43,98,3129.0,9.648186173853524,1.1262384148290188,14.62384148290188,1.0145938461538462,33.30737373737374,2016.0,9.0,8.0,0.5838926174496645,0.6283783783783784,0.5782312925170068,0.6301369863013698,6.153846153846154,1.0,14.98028909329829,1.0
462,Railways,Ministry of Railways,400220,Kharsia-Dharamjaygarh with Spur line [East Corridor-Phase 1],3055,3798.06,2790.19,95,939.0,10.151950718685832,3.94888178913738,299.888178913738,0.9133191489361703,29.06447916666667,2016.0,3.0,8.0,0.5838926174496645,0.6283783783783784,0.5782312925170068,0.6301369863013698,24.322749590834693,1.0,99.01445466491458,1.0
463,Railways,Ministry of Railways,705358,Khurda Road-Bolangir 301 km,3792,6221.98,4825.28,93,11963.0,32.082135523613964,0.9795201872440024,4.952018724400233,1.2724894514767933,51.3327659574468,1994.0,3.0,9.0,0.5838926174496645,0.6351351351351351,0.5782312925170068,0.636986301369863,64.0817510548523,1.0,0.0,0.0
464,Railways,Ministry of Railways,400291,Kirandul-Jagdalpur 150 km,1589,1798.0,1369.01,89,2596.0,13.188227241615332,1.855546995377504,96.5546995377504,0.8615544367526746,15.211222222222222,2013.0,2.0,6.0,0.5838926174496645,0.6283783783783784,0.5782312925170068,0.6301369863013698,13.152926368785401,1.0,84.95400788436268,1.0
465,Railways,Ministry of Railways,617832,Koderma-Barkakana Arigada 133 Km,2887,,0.85,0,1651.0,0.8487337440109514,0.18776499091459722,18.776499091459723,0.00029442327675788016,0.85,2025.0,6.0,8.0,0.5866666666666667,0.6308724832214765,0.581081081081081,0.6326530612244898,,,,
466,Railways,Ministry of Railways,705375,Koderma-Tilaiya 68 km,1626,2433.13,2269.03,90,7421.0,21.4839151266256,1.0574046624444144,15.74046624444145,1.395467404674047,24.934395604395608,2004.0,11.0,6.0,0.5838926174496645,0.6283783783783784,0.5782312925170068,0.6301369863013698,49.638991389913905,1.0,11.990801576872535,1.0
467,Railways,Ministry of Railways,705513,Koraput-Singapur Road 164.56 km,2362,2462.17,2093.47,56,4376.0,10.392881587953456,0.8674588665447898,30.74588665447898,0.8863124470787468,36.72754385964912,2015.0,12.0,7.0,0.5906040268456376,0.6283783783783784,0.5850340136054422,0.6301369863013698,4.240897544453856,0.0,3.9421813403416555,1.0
468,Railways,Ministry of Railways,616983,Kosamba Umarpada GC PROJECT,468,,70.54,16,1447.0,2.7953456536618755,0.7055977885279889,54.5597788527989,0.15072649572649574,4.149411764705882,2023.0,7.0,2.0,0.5866666666666667,0.6308724832214765,0.581081081081081,0.6326530612244898,,,,
469,Railways,Ministry of Railways,611918,Kosamba- Umarpada 69.70 Km PB32/WR/2023-24,468,,146.38,31,1355.0,2.7953456536618755,0.7535055350553506,44.35055350553506,0.31277777777777777,4.574375,2023.0,7.0,2.0,0.5866666666666667,0.6308724832214765,0.581081081081081,0.6326530612244898,,,,
470,Railways,Ministry of Railways,705512,Kottavalasa-Koraput 189.278 km,2500,3580.41,2300.04,74,2305.0,10.392881587953456,1.6468546637744035,90.68546637744035,0.920016,30.6672,2015.0,12.0,8.0,0.5838926174496645,0.6283783783783784,0.5782312925170068,0.6301369863013698,43.21639999999999,1.0,72.01051248357425,1.0
471,Railways,Ministry of Railways,705638,Kumbalam-Turavur - Patch doubling 15.59 km,813,1171.46,395.03,30,1458.0,3.07460643394935,0.7702331961591221,47.023319615912214,0.4858917589175891,12.742903225806451,2023.0,4.0,4.0,0.5838926174496645,0.6351351351351351,0.5782312925170068,0.636986301369863,44.0910209102091,1.0,0.0,0.0
472,Railways,Ministry of Railways,611927,Kurnool - Setting up facilities for coach midlife rehabilitation workshop,561,,276.66,65,3651.0,12.32580424366872,1.233086825527253,58.30868255272529,0.4931550802139038,4.191818181818182,2014.0,1.0,3.0,0.5866666666666667,0.6308724832214765,0.581081081081081,0.6326530612244898,,,,
473,Railways,Ministry of Railways,705253,Kurnool Coach Midlife Rehabilitation Project,563,560.72,959.27,75,1660.0,9.95482546201232,2.1903614457831324,144.03614457831324,1.703854351687389,12.621973684210525,2016.0,5.0,3.0,0.5906040268456376,0.6283783783783784,0.5850340136054422,0.6301369863013698,-0.404973357015981,0.0,72.96320630749014,1.0
474,Railways,Ministry of Railways,705766,Lalitpur - Birari with flyover at Lalitpur 15.80 km,304,356.1,287.11,85,2841.0,9.10609171800137,1.1707145371348118,32.071453713481176,0.9444407894736843,3.3384883720930234,2017.0,3.0,1.0,0.5838926174496645,0.6283783783783784,0.5782312925170068,0.6301369863013698,17.13815789473685,1.0,13.009198423127463,1.0
475,Railways,Ministry of Railways,705480,"Lalitpur-Satna, Rewa-Singrauli & Mahoba-Khajuraho 541 km",8914,8913.94,6622.82,73,7371.0,19.263518138261464,0.9545516212182878,22.455162121828778,0.7429683643706528,89.49756756756756,2007.0,1.0,9.0,0.5906040268456376,0.6283783783783784,0.5850340136054422,0.6301369863013698,-0.0006730984967409769,0.0,9.034165571616294,1.0
476,Railways,Ministry of Railways,705785,Lodhma-Piska - Link line bypassing Hatia / Ranchi with Y connection 17.2 km,473,472.5,344.5,14,1768.0,4.673511293634497,0.9654977375565611,82.5497737556561,0.7283298097251586,22.966666666666665,2021.0,8.0,2.0,0.5906040268456376,0.6283783783783784,0.5850340136054422,0.6301369863013698,-0.10570824524312897,0.0,11.005256241787121,1.0
477,Railways,Ministry of Railways,607653,Ludhiana Mullanpur 21Km Doubling Railway project,235,,61.39,99,,,,,0.2612340425531915,0.6139,,,0.0,0.5866666666666667,0.6283783783783784,0.581081081081081,0.6301369863013698,,,31.537450722733244,1.0
478,Railways,Ministry of Railways,705783,Ludhiana-Kila Raipur 19 km with freight line at Gill station,238,260.33,108.49,70,2222.0,7.1649555099247095,1.1777677767776777,47.77677767776777,0.45584033613445374,1.5280281690140844,2019.0,3.0,0.0,0.5838926174496645,0.6283783783783784,0.5782312925170068,0.6301369863013698,9.382352941176464,1.0,22.963206307490143,1.0
479,Railways,Ministry of Railways,616701,Lumding-Furkating section 140 km Umbrella work PB57/2019-20/NR,2124,2123.7,200.23,1,1471.0,2.193018480492813,0.5445275322909585,53.452753229095855,0.09427024482109228,100.115,2024.0,2.0,7.0,0.5906040268456376,0.6308724832214765,0.5850340136054422,0.6326530612244898,-0.014124293785319297,0.0,,
480,Railways,Ministry of Railways,616842,LUNI- SAMDARI- BHILDI DOUBLING,3086,,962.77,36,1258.0,2.193018480492813,0.636724960254372,27.672496025437198,0.3119799092676604,26.02081081081081,2024.0,2.0,8.0,0.5866666666666667,0.6308724832214765,0.581081081081081,0.6326530612244898,,,,
481,Railways,Ministry of Railways,705489,Madurai-Tuticorin via Aruppukkottai 143.5 km,601,2053.39,351.21,14,3774.0,15.080082135523615,1.4594594594594594,131.94594594594594,0.5843760399334442,23.413999999999998,2011.0,4.0,3.0,0.5838926174496645,0.6283783783783784,0.5782312925170068,0.6301369863013698,241.66222961730446,1.0,114.02759526938239,1.0
482,Railways,Ministry of Railways,611929,Maintenance cum workshop depot for Vande Bharat Sleeper Trains as per conditions under WTA 527,167,,0.0,0,839.0,3.6303901437371664,1.5804529201430275,158.04529201430276,0.0,0.0,2022.0,9.0,0.0,0.5866666666666667,0.6308724832214765,0.581081081081081,0.6326530612244898,,,,
483,Railways,Ministry of Railways,705491,Marikuppam-Kuppam 23.7 km,297,502.13,145.72,20,5368.0,14.529774127310061,0.9886363636363636,78.86363636363636,0.49063973063973065,6.939047619047619,2011.0,10.0,1.0,0.5838926174496645,0.6351351351351351,0.5782312925170068,0.636986301369863,69.06734006734007,1.0,0.0,0.0
484,Railways,Ministry of Railways,705667,Mathura-Jhansi - 3rd line 273.80 km,5961,5960.76,5725.22,94,2670.0,9.639972621492129,1.3187265917602997,37.87265917602997,0.9604462338533803,60.26547368421053,2016.0,9.0,9.0,0.5906040268456376,0.6283783783783784,0.5850340136054422,0.6301369863013698,-0.004026170105683303,0.0,36.00525624178712,1.0
485,Railways,Ministry of Railways,705458,Miyagam-Karjan-Dabhoi-Samlaya 96.46 km- Gauge conversion with electrification,484,1015.07,816.25,34,3629.0,9.281314168377824,0.9341416368145494,59.41416368145494,1.6864669421487604,23.321428571428573,2017.0,1.0,2.0,0.5838926174496645,0.6351351351351351,0.5782312925170068,0.636986301369863,109.72520661157026,1.0,0.19710906701708278,0.0
486,Railways,Ministry of Railways,705772,Mughalsarai - Allahabad - 3rd line 150 km,2649,2649.44,2027.64,77,2708.0,6.743326488706366,0.9095273264401772,13.952732644017715,0.765436013590034,25.995384615384616,2019.0,8.0,8.0,0.5906040268456376,0.6351351351351351,0.5850340136054422,0.636986301369863,0.01661004152510587,0.0,2.9566360052562417,0.0
487,Railways,Ministry of Railways,616699,Multi tracking of Son Nagar-Andal 374.53 rkm & 814.38 tkm PB34/ECOR/2023-24,12334,,1152.79,3,1680.0,2.6803559206023273,0.5827380952380953,55.273809523809526,0.09346440732933355,288.1975,2023.0,8.0,9.0,0.5866666666666667,0.6308724832214765,0.581081081081081,0.6326530612244898,,,,
488,Railways,Ministry of Railways,705728,Mumbai-Ahmedabad High Speed Rail Project- 508 km,108000,108000.0,90966.9,62,4536.0,11.082819986310746,0.892416225749559,27.241622574955898,0.8422861111111111,1443.9190476190474,2015.0,3.0,9.0,0.5906040268456376,0.6283783783783784,0.5850340136054422,0.6301369863013698,0.0,0.0,28.02233902759527,1.0
489,Railways,Ministry of Railways,705401,Murkongselek-Pasighat 26.15 km,435,1334.45,1057.21,67,5164.0,15.219712525667351,1.0764910921766073,40.64910921766074,2.430367816091954,15.54720588235294,2011.0,2.0,2.0,0.5838926174496645,0.6283783783783784,0.5782312925170068,0.6301369863013698,206.77011494252872,1.0,21.02496714848883,1.0
490,Railways,Ministry of Railways,705528,Muzaffarpur - Sagauli 100.6 km,1586,1744.84,1554.88,99,2313.0,8.164271047227926,1.2892347600518808,29.923476005188064,0.9803783102143758,15.548800000000002,2018.0,3.0,6.0,0.5838926174496645,0.6283783783783784,0.5782312925170068,0.6301369863013698,10.015132408575028,1.0,23.98160315374507,1.0
491,Railways,Ministry of Railways,709812,Nadiad-Petlad 37.26 km,462,461.91,142.21,30,2966.0,3.9534565366187544,0.4868509777478085,18.68509777478085,0.3078138528138528,4.58741935483871,2022.0,5.0,2.0,0.5906040268456376,0.6351351351351351,0.5850340136054422,0.636986301369863,-0.019480519480514068,0.0,0.0,0.0
492,Railways,Ministry of Railways,400298,Nadikude-Srikalahasti 308.7 km,2312,5906.03,2535.68,2,5539.0,14.080766598220396,0.9285069507131252,90.85069507131251,1.0967474048442907,845.2266666666666,2012.0,3.0,7.0,0.5838926174496645,0.6283783783783784,0.5782312925170068,0.6301369863013698,155.45112456747404,1.0,10.019710906701707,1.0
493,Railways,Ministry of Railways,705410,Nangal Dam-Talwara 83.74 km - New broad gauge line & taking over siding Mukerian-Talwara 29.16 km,2018,4076.15,2934.27,84,15616.0,43.082819986310746,1.0076844262295082,16.768442622950815,1.4540485629335975,34.520823529411764,1983.0,3.0,7.0,0.5838926174496645,0.6283783783783784,0.5782312925170068,0.6301369863013698,101.98959365708622,1.0,23.98160315374507,1.0
494,Railways,Ministry of Railways,705629,Narayangarh - Bhadrak - 3rd line 155 km,2400,3425.32,2886.02,84,2491.0,7.148528405201916,1.0481734243275793,20.817342432757926,1.2025083333333333,33.95317647058823,2019.0,3.0,8.0,0.5838926174496645,0.6283783783783784,0.5782312925170068,0.6301369863013698,42.72166666666667,1.0,13.009198423127463,1.0
495,Railways,Ministry of Railways,617239,Narkatiaganj-Raxaul-Sitamarhi-Darbhanga & Sitamarhi-Muzaffarpur Sections doubling 256 km Umbrella work PB57/2019-20/NR,4080,4079.96,18.9,0,1826.0,1.4811772758384667,0.296276013143483,29.6276013143483,0.00463235294117647,18.9,2024.0,11.0,9.0,0.5906040268456376,0.6283783783783784,0.5850340136054422,0.6301369863013698,-0.0009803921568618534,0.0,4.7963206307490145,1.0
496,Railways,Ministry of Railways,611855,Nathdwara Mavli - Devgarh Madariya 82.542 km,969,1100.0,816.16,75,1955.0,3.263518138261465,0.6097186700767263,-14.028132992327372,0.8422703818369452,10.738947368421051,2023.0,1.0,4.0,0.5838926174496645,0.6308724832214765,0.5782312925170068,0.6326530612244898,13.519091847265221,1.0,,
497,Railways,Ministry of Railways,611669,NER Provision of Automatic Block Signalling on Gorakhpur Cantt[Excl] Chhapra Gramin & Burhwal Jn [Excl] Sitapur Jn section of high density routes,380,,258.65,25,1776.0,3.9452429842573578,0.8113738738738738,56.13738738738738,0.680657894736842,9.948076923076922,2022.0,5.0,1.0,0.5866666666666667,0.6283783783783784,0.581081081081081,0.6301369863013698,,,12.02365308804205,1.0
498,Railways,Ministry of Railways,611943,New BG line between Naliya - Jakhau Port 24.88 Km,410,410.26,11.86,5,1804.0,3.184120465434634,0.6446784922394678,59.467849223946786,0.02892682926829268,1.9766666666666666,2023.0,2.0,2.0,0.5906040268456376,0.6351351351351351,0.5850340136054422,0.636986301369863,0.06341463414633924,0.0,0.9198423127463863,0.0
499,Railways,Ministry of Railways,709813,New BG line intersection 5 nos between Geratpur-Sanand & Botad-Ahmedabad 16.51 km PB29/NR/2022-23,437,463.95,463.96,22,1840.0,3.5345653661875427,0.7016304347826087,48.16304347826086,1.0616933638443935,20.172173913043476,2022.0,10.0,2.0,0.5838926174496645,0.6351351351351351,0.5782312925170068,0.636986301369863,6.167048054919906,1.0,-0.1314060446780552,0.0
500,Railways,Ministry of Railways,705572,New Bongaigaon - Goalpara - Guwahati Kamakhya 176 km,4060,4983.94,3821.96,91,3497.0,9.656399726214921,1.0085787818129825,9.857878181298261,0.9413694581280788,41.54304347826087,2016.0,9.0,9.0,0.5838926174496645,0.6351351351351351,0.5782312925170068,0.636986301369863,22.75714285714285,1.0,0.0,0.0
501,Railways,Ministry of Railways,705764,Nimach-Badi Sadri NL Project 48 km,495,895.67,577.16,60,2735.0,7.57015742642026,1.0109689213893966,41.096892138939666,1.165979797979798,9.461639344262295,2018.0,10.0,2.0,0.5838926174496645,0.6351351351351351,0.5782312925170068,0.636986301369863,80.94343434343433,1.0,2.9894875164257555,0.0
502,Railways,Ministry of Railways,705933,Nimach-Ratlam 133 km,1096,1770.58,1488.18,100,2215.0,4.561259411362081,0.7521444695259594,-24.785553047404065,1.3578284671532848,14.734455445544555,2021.0,10.0,5.0,0.5838926174496645,0.6351351351351351,0.5782312925170068,0.636986301369863,61.54927007299269,1.0,0.0,0.0
503,Railways,Ministry of Railways,612815,Nipania-Bhatapra 14.4 km 4th line PB72/NR/2022-23,170,,12.12,3,1574.0,3.3921971252566734,0.7871664548919949,75.7166454891995,0.07129411764705881,3.03,2022.0,12.0,0.0,0.5866666666666667,0.6308724832214765,0.581081081081081,0.6326530612244898,,,,
504,Railways,Ministry of Railways,705298,North Region Video Surveillance Project,274,,0.0,48,1399.0,5.9110198494182065,1.5432451751250893,106.32451751250892,0.0,0.0,2020.0,6.0,1.0,0.5866666666666667,0.6308724832214765,0.581081081081081,0.6326530612244898,,,,
505,Railways,Ministry of Railways,617404,North Western Railway - New line between Ramdevra and Pokhran via Bhairav Gufa - Kailash Tekri 13.38 Km PB30/NR/2025-26,189,,57.31,3,1088.0,1.0595482546201231,0.3556985294117647,32.56985294117647,0.30322751322751323,14.3275,2025.0,4.0,0.0,0.5866666666666667,0.6308724832214765,0.581081081081081,0.6326530612244898,,,,
506,Railways,Ministry of Railways,612845,Pachora-Jamner with extension upto Malkapur-Narrow gauge to broad gauge 84 km,955,2093.82,294.53,10,1831.0,3.676933607118412,0.7334789732386674,63.347897323866746,0.30840837696335077,26.775454545454544,2022.0,8.0,4.0,0.5838926174496645,0.6308724832214765,0.5782312925170068,0.6326530612244898,119.24816753926703,1.0,,
507,Railways,Ministry of Railways,611945,Petlad-Bhadran 22.5 km,307,307.12,114.73,32,2936.0,3.9534565366187544,0.49182561307901906,17.182561307901906,0.37371335504885994,3.4766666666666666,2022.0,5.0,1.0,0.5906040268456376,0.6351351351351351,0.5850340136054422,0.636986301369863,0.03908794788273764,0.0,-0.0328515111695138,0.0
508,Railways,Ministry of Railways,400280,Phase II extension of MRTS from Velachery to St Thomas Mount,734,734.01,486.53,100,6461.0,18.455852156057496,1.0433369447453955,4.333694474539556,0.6628474114441416,4.817128712871287,2007.0,11.0,3.0,0.5906040268456376,0.6351351351351351,0.5850340136054422,0.636986301369863,0.0013623978201622487,0.0,2.2339027595269383,0.0
509,Railways,Ministry of Railways,705385,Pirpainti - Jasidih 97 km,2555,2700.43,1775.66,40,5114.0,12.082135523613964,0.8629253030895581,46.292530308955804,0.6949745596868885,43.30878048780488,2014.0,3.0,8.0,0.5838926174496645,0.6351351351351351,0.5782312925170068,0.636986301369863,5.691976516634044,1.0,0.0,0.0
510,Railways,Ministry of Railways,706837,Pradhan Kuntha Jn Line Doubling Project,349,349.22,145.57,72,1835.0,3.4387405886379194,0.6844686648501362,-3.5531335149863708,0.41710601719197704,1.9941095890410958,2022.0,11.0,1.0,0.5906040268456376,0.6351351351351351,0.5850340136054422,0.636986301369863,0.06303724928367543,0.0,-0.09855453350854139,0.0
511,Railways,Ministry of Railways,617372,Pradhankhunta Jn-Patherdih Bazar-Bhojudih 17.1 km Umbrella work PB57/2019-20/NR,349,349.22,162.92,60,1835.0,3.4387405886379194,0.6844686648501362,8.44686648501363,0.46681948424068764,2.6708196721311475,2022.0,11.0,1.0,0.5906040268456376,0.6351351351351351,0.5850340136054422,0.636986301369863,0.06303724928367543,0.0,-20.006570302233904,0.0
512,Railways,Ministry of Railways,400045,Proposed 6 nos Road Over Bridge [ROB] at different locations under MCL Talcher Under Deposit Scheme.,168,,69.85,82,966.0,3.7262149212867897,1.4089026915113871,58.89026915113871,0.4157738095238095,0.8415662650602409,2022.0,8.0,0.0,0.5866666666666667,0.6351351351351351,0.581081081081081,0.636986301369863,,,-1.938239159001314,0.0
513,Railways,Ministry of Railways,616841,Pushkar - Merta Katyasani 51.346 km,800,799.64,242.08,7,1052.0,2.209445585215606,0.7671102661596958,69.71102661596959,0.30260000000000004,30.26,2024.0,2.0,4.0,0.5906040268456376,0.6283783783783784,0.5850340136054422,0.6301369863013698,-0.045000000000001705,0.0,24.014454664914584,1.0
514,Railways,Ministry of Railways,617409,Railway Manufacturing Unit,521,,492.12,91,3835.0,9.828884325804244,0.9361147327249022,2.6114732724902154,0.9445681381957773,5.349130434782609,2016.0,7.0,3.0,0.5866666666666667,0.6351351351351351,0.581081081081081,0.636986301369863,,,-9.034165571616294,0.0
515,Railways,Ministry of Railways,705793,Raising of speed to 160 kmph/200 kmph on existing New Delhi-Mumbai route incl. Vadodara-Ahmedabad,6806,8095.12,9480.86,66,1673.0,6.661190965092403,1.4542737597130904,79.42737597130903,1.393014986776374,141.50537313432838,2019.0,9.0,9.0,0.5838926174496645,0.6283783783783784,0.5782312925170068,0.6301369863013698,18.940934469585656,1.0,23.98160315374507,1.0
516,Railways,Ministry of Railways,706763,Rajkot-Kanalus 111.20 km,1081,1205.18,1107.75,90,1850.0,4.561259411362081,0.9005405405405406,0.05405405405404906,1.024745605920444,12.173076923076923,2021.0,10.0,5.0,0.5838926174496645,0.6351351351351351,0.5782312925170068,0.636986301369863,11.487511563367258,1.0,-4.040735873850197,0.0
517,Railways,Ministry of Railways,705617,Rajnandgaon-Nagpur - 3rd line 228 km,3545,3544.92,3143.54,95,3036.0,9.639972621492129,1.1597496706192358,20.97496706192358,0.8867531734837799,32.74520833333333,2016.0,9.0,9.0,0.5906040268456376,0.6283783783783784,0.5850340136054422,0.6301369863013698,-0.002256699576866777,0.0,17.936925098554532,1.0
518,Railways,Ministry of Railways,705481,Ramganj Mandi-Bhopal 262 km,3032,5074.76,4498.51,86,9438.0,26.184804928131417,1.0133502860775587,15.335028607755874,1.4836774406332454,51.707011494252875,2000.0,2.0,8.0,0.5838926174496645,0.6283783783783784,0.5782312925170068,0.6301369863013698,67.37335092348286,1.0,24.178712220762154,1.0
519,Railways,Ministry of Railways,706759,Rampur Dumra-Tal-Rajendrapul - Addl bridge and doubling 14 km,2374,2535.13,2028.18,95,3194.0,10.154688569472963,1.1612398246712585,21.123982467125856,0.8543302443133951,21.126875000000002,2016.0,3.0,8.0,0.5838926174496645,0.6283783783783784,0.5782312925170068,0.6301369863013698,6.787278854254428,1.0,12.976346911957949,1.0
520,Railways,Ministry of Railways,705457,Ratlam-Mhow-Khandwa-Akola 472.64 km including material modification for Fatehabad-Chandrawati Ganj-Ujjain 22.96 km and Rau-DADN doubling 9.40 km,1656,13314.5,5045.54,75,7013.0,18.28336755646817,0.9522315699415371,20.22315699415371,3.0468236714975845,66.38868421052632,2008.0,1.0,6.0,0.5838926174496645,0.6283783783783784,0.5782312925170068,0.6301369863013698,704.0157004830918,1.0,18.035479632063073,1.0
521,Railways,Ministry of Railways,705494,Rayadurg-Tumkur via Kalyandurg 213 km,2496,4612.0,1906.63,65,3142.0,19.184120465434635,2.230108211330363,158.0108211330363,0.7638741987179488,28.888333333333335,2007.0,2.0,8.0,0.5838926174496645,0.6283783783783784,0.5782312925170068,0.6301369863013698,84.77564102564102,1.0,148.98160315374506,1.0
522,Railways,Ministry of Railways,613002,Redevelopment of Chennai Egmore Station,842,,340.0,0,1406.0,3.9315537303216974,1.0213371266002844,102.13371266002844,0.40380047505938244,340.0,2022.0,5.0,4.0,0.5866666666666667,0.6308724832214765,0.581081081081081,0.6326530612244898,,,,
523,Railways,Ministry of Railways,613015,Redevelopment of Chhatrapati Shivaji Maharaj Terminus [CSMT] and construction of associated infrastructure,1813,,873.99,25,1433.0,3.0061601642710474,0.7662247034193999,51.62247034193999,0.48206839492553777,33.615,2023.0,4.0,7.0,0.5866666666666667,0.6308724832214765,0.581081081081081,0.6326530612244898,,,,
524,Railways,Ministry of Railways,705610,"Renigunta 9.60 km, Wadi 7.60 km & Gooty 3.8 km - Bypass",302,850.74,421.36,50,3540.0,10.020533880903491,1.0338983050847457,53.389830508474574,1.3952317880794702,8.261960784313725,2016.0,4.0,1.0,0.5838926174496645,0.6351351351351351,0.5782312925170068,0.636986301369863,181.7019867549669,1.0,2.9566360052562417,0.0
525,Railways,Ministry of Railways,615915,Rourkela-Bondamunda A-Cabin 5th line 10 km Umbrella work PB57/2019-20/NR,245,244.99,155.23,45,735.0,3.592060232717317,1.7850340136054421,133.50340136054422,0.6335918367346939,3.374565217391304,2022.0,9.0,0.0,0.5906040268456376,0.6283783783783784,0.5850340136054422,0.6301369863013698,-0.0040816326530575125,0.0,25.985545335085412,1.0
526,Railways,Ministry of Railways,617403,SADULPUR - CHURU DOUBLING PROJECT,469,,197.84,95,888.0,2.2642026009582477,0.9313063063063063,-1.869369369369366,0.42183368869936033,2.0608333333333335,2024.0,1.0,2.0,0.5866666666666667,0.6308724832214765,0.581081081081081,0.6326530612244898,,,,
527,Railways,Ministry of Railways,705527,Sagauli - Valmikinagar 109.7 km,1216,1558.77,1460.42,91,2855.0,8.164271047227926,1.0444833625218914,13.44833625218915,1.2010032894736842,15.874130434782609,2018.0,3.0,5.0,0.5838926174496645,0.6351351351351351,0.5782312925170068,0.636986301369863,28.188322368421055,1.0,0.0328515111695138,0.0
528,Railways,Ministry of Railways,400205,Sahjanwa - Dohrighat 81.17 km,1320,1319.75,728.08,1,3529.0,6.743326488706366,0.6979314253329555,68.79314253329555,0.5515757575757576,364.04,2019.0,8.0,5.0,0.5906040268456376,0.6351351351351351,0.5850340136054422,0.636986301369863,-0.01893939393939394,0.0,0.0,0.0
529,Railways,Ministry of Railways,602797,"Sainthia, Sitarampur, Mughalsarai, Allahabad & Etawah - Bypass 35 km",462,797.94,185.23,15,3520.0,8.720054757015742,0.9048295454545454,75.48295454545455,0.4009307359307359,11.576875,2017.0,8.0,2.0,0.5838926174496645,0.6351351351351351,0.5782312925170068,0.636986301369863,72.71428571428574,1.0,-0.1314060446780552,0.0
530,Railways,Ministry of Railways,400254,Sakri-Hasanpur 79 km,735,802.45,615.69,80,382.0,2.3737166324435317,2.269633507853403,146.9633507853403,0.8376734693877552,7.601111111111112,2023.0,12.0,3.0,0.5838926174496645,0.6283783783783784,0.5782312925170068,0.6301369863013698,9.176870748299326,1.0,26.938239159001313,1.0
531,Railways,Ministry of Railways,705526,Samastipur-Darbhanga 38 km,519,973.56,746.81,92,3421.0,10.447638603696099,1.115463314820228,19.546331482022794,1.4389402697495182,8.03021505376344,2015.0,11.0,2.0,0.5838926174496645,0.6283783783783784,0.5782312925170068,0.6301369863013698,87.58381502890172,1.0,7.030223390275952,1.0
532,Railways,Ministry of Railways,611970,Samlaya-Timba Road 53.53 km,670,670.17,195.1,25,2613.0,3.2361396303901437,0.452353616532721,20.2353616532721,0.29119402985074627,7.503846153846154,2023.0,2.0,3.0,0.5906040268456376,0.6351351351351351,0.5850340136054422,0.636986301369863,0.0253731343283521,0.0,-0.0328515111695138,0.0
533,Railways,Ministry of Railways,611971,Samni-Jambusar 24.08 km,350,349.93,188.23,40,2875.0,3.9534565366187544,0.5022608695652174,10.22608695652174,0.5378,4.590975609756097,2022.0,5.0,1.0,0.5906040268456376,0.6351351351351351,0.5850340136054422,0.636986301369863,-0.01999999999999805,0.0,-0.0328515111695138,0.0
534,Railways,Ministry of Railways,705659,Satna - Rewa 50 km,500,646.1,618.19,88,3786.0,10.447638603696099,1.0079239302694136,12.792393026941369,1.23638,6.945955056179776,2015.0,11.0,2.0,0.5838926174496645,0.6351351351351351,0.5782312925170068,0.636986301369863,29.220000000000006,1.0,0.0,0.0
535,Railways,Ministry of Railways,706866,Sawaimadhopur - Bypass line 6.98 km Umbrella work PB57/2019-20/NR,304,239.0,188.07,72,1208.0,3.3894592744695413,1.0248344370860927,30.483443708609272,0.6186513157894736,2.5763013698630135,2022.0,12.0,1.0,0.5906040268456376,0.6283783783783784,0.5850340136054422,0.6301369863013698,-21.38157894736842,0.0,13.863337713534822,1.0
536,Railways,Ministry of Railways,705761,Shimoga-Shikaripura-Ranebennur 103 km umbrella work PB23/2018-19/NR,1454,455.86,106.18,14,2995.0,6.611909650924025,0.8063439065108514,66.63439065108514,0.07302613480055022,7.078666666666667,2019.0,9.0,6.0,0.5906040268456376,0.6283783783783784,0.5850340136054422,0.6301369863013698,-68.64786795048144,0.0,6.964520367936925,1.0
537,Railways,Ministry of Railways,705432,Sivok-Rangpo New Rail Line,7877,11775.0,11090.5,80,2039.0,16.49828884325804,2.9553702795487986,215.53702795487987,1.4079598832042657,136.91975308641975,2009.0,10.0,9.0,0.5838926174496645,0.6283783783783784,0.5782312925170068,0.6301369863013698,49.48584486479624,1.0,151.01839684625492,1.0
538,Railways,Ministry of Railways,705735,Solapur-Osmanabad - New line via Tuljapur 84.44 km umbrella work PB23/2018-19/NR,905,1647.87,1202.73,22,3004.0,7.307323750855578,0.8884820239680427,66.84820239680427,1.3289834254143646,52.29260869565218,2019.0,1.0,4.0,0.5838926174496645,0.6283783783783784,0.5782312925170068,0.6301369863013698,82.08508287292815,1.0,11.925098554533507,1.0
539,Railways,Ministry of Railways,611754,South Central Railway - Rail road over double line between Guntakal West-Mallapa Gate 9.64 km PB34/CR/2023-24,293,,91.42,0,1100.0,2.759753593429158,0.9163636363636364,91.63636363636364,0.3120136518771331,91.42,2023.0,7.0,1.0,0.5866666666666667,0.6308724832214765,0.581081081081081,0.6326530612244898,,,,
540,Railways,Ministry of Railways,617216,South Central Railway- 3rd line between Gudur-Renigunta stations 83.17 km PB34/CR/2023-24,877,,53.46,0,909.0,1.571526351813826,0.6314631463146315,63.14631463146315,0.06095781071835804,53.46,2024.0,10.0,4.0,0.5866666666666667,0.6308724832214765,0.581081081081081,0.6326530612244898,,,,
541,Railways,Ministry of Railways,617214,"South Central Railway- Rail connectivity to Amaravati, Capital of Andhra Pradesh Errupalem- Amaravati- Namburu New line 57 km PB7/WR/2023-24",2047,,155.0,0,873.0,1.4729637234770705,0.6162657502863689,61.626575028636886,0.07572056668295066,155.0,2024.0,11.0,7.0,0.5866666666666667,0.6308724832214765,0.581081081081081,0.6326530612244898,,,,
542,Railways,Ministry of Railways,705359,Talcher-Bimlagarh 154 km,1928,4546.84,2164.01,56,7670.0,22.080766598220396,1.0514993481095176,49.14993481095176,1.1224118257261413,37.965087719298246,2004.0,3.0,7.0,0.5838926174496645,0.6283783783783784,0.5782312925170068,0.6301369863013698,135.83195020746888,1.0,47.99605781865966,1.0
543,Railways,Ministry of Railways,400273,"Tarakeswar-Bishnupur with extension upto Dhaniakhali, Arambagh-Irphala, Irphala-Ghatal 11.2 km, Arambagh-Champadanga 23.3 km & Bishnupur-Uparsol 31.8 km and new material modification for Mynapur-Kamarpukur via Birsha 19 km",1189,1878.82,1607.64,75,6574.0,25.08145106091718,1.3935199269850929,64.35199269850929,1.3520941968040372,21.153157894736843,2001.0,3.0,5.0,0.5838926174496645,0.6283783783783784,0.5782312925170068,0.6301369863013698,58.01682085786375,1.0,82.98291721419184,1.0
544,Railways,Ministry of Railways,400022,Taranga Hill-Abu Road via Ambaji 116.65 km,2798,3198.16,1953.58,48,2932.0,3.7754962354551678,0.47032742155525237,-0.9672578444747657,0.6982058613295211,39.868979591836734,2022.0,7.0,8.0,0.5838926174496645,0.6351351351351351,0.5782312925170068,0.636986301369863,14.30164403145103,1.0,0.0,0.0
545,Railways,Ministry of Railways,705394,Teteliya-Byrnihat 21.5 km,1305,1432.14,1272.35,87,1826.0,19.41409993155373,3.883351588170865,301.3351588170865,0.9749808429118774,14.458522727272726,2006.0,11.0,5.0,0.5838926174496645,0.6283783783783784,0.5782312925170068,0.6301369863013698,9.742528735632192,1.0,186.95795006570302,1.0
546,Railways,Ministry of Railways,400275,Tindivanam-Nagari 179.2 km,3631,3631.34,1175.82,16,2993.0,17.7741273100616,2.169061142666221,200.90611426662213,0.32382814651611125,69.16588235294117,2008.0,7.0,9.0,0.5906040268456376,0.6283783783783784,0.5850340136054422,0.6301369863013698,0.009363811622146669,0.0,137.97634691195793,1.0
547,Railways,Ministry of Railways,400223,Tiruchchirappalli-Nagore-Karaikal with extension of Nagapattinam-Velankani-Tiruthiraipundi incl. new material modification of Karaikal - Peralam 23 km new line,713,1748.55,1267.74,80,10722.0,30.43668720054757,1.0368401417645963,23.684014176459627,1.7780364656381487,15.651111111111112,1995.0,11.0,3.0,0.5838926174496645,0.6283783783783784,0.5782312925170068,0.6301369863013698,145.2384291725105,1.0,36.00525624178712,1.0
548,Railways,Ministry of Railways,617210,Tirupati-Pakala-Katpadi Doubling 104.39 Km Item83/NR/2024-25,1216,,0.0,0,1474.0,1.0349075975359343,0.2564450474898236,25.64450474898236,0.0,0.0,2025.0,4.0,5.0,0.5866666666666667,0.6308724832214765,0.581081081081081,0.6326530612244898,,,,
549,Railways,Ministry of Railways,705635,Trivandrum- Kanyakumari,1432,3785.45,3258.97,59,2765.0,8.670773442847365,1.145388788426763,55.53887884267631,2.275817039106145,54.31616666666666,2017.0,8.0,6.0,0.5838926174496645,0.6283783783783784,0.5782312925170068,0.6301369863013698,164.34706703910612,1.0,39.22470433639947,1.0
550,Railways,Ministry of Railways,705496,Tumkur-Chitradurg-Davangere 199.7 km,1876,1801.01,676.71,22,2950.0,15.159479808350445,1.876949152542373,165.6949152542373,0.36071961620469084,29.42217391304348,2011.0,3.0,7.0,0.5906040268456376,0.6283783783783784,0.5850340136054422,0.6301369863013698,-3.9973347547974414,0.0,105.0262812089356,1.0
551,Railways,Ministry of Railways,617213,"Varanasi- Pt. Deen Dayal Upadhyaya - Multitracking 15 km, including construction of a new Rail- cum- Road Bridge across Ganga River",2464,2464.46,109.93,5,1832.0,1.514031485284052,0.3018558951965066,25.18558951965066,0.04461444805194806,18.32166666666667,2024.0,10.0,8.0,0.5906040268456376,0.6308724832214765,0.5850340136054422,0.6326530612244898,0.018668831168832646,0.0,,
552,Railways,Ministry of Railways,705632,Vijayawada19.50 km & Kazipet10.65 km -Byepass line,647,827.46,705.66,90,3187.0,10.020533880903491,1.14841543771572,24.841543771572006,1.0906646058732612,7.754505494505494,2016.0,4.0,3.0,0.5838926174496645,0.6283783783783784,0.5782312925170068,0.6301369863013698,27.8918083462133,1.0,11.59658344283837,1.0
553,Railways,Ministry of Railways,705479,Wadsa-Gadchiroli 49.5 km,1886,1880.61,1015.46,69,3605.0,8.952772073921972,0.9070735090152566,21.707350901525658,0.5384199363732768,14.506571428571428,2017.0,5.0,7.0,0.5906040268456376,0.6351351351351351,0.5850340136054422,0.636986301369863,-0.28579003181336693,0.0,0.0,0.0
554,Railways,Ministry of Railways,705497,Wardha - Yavatmal Nanded Railway Line Project,3445,4030.69,4053.03,47,6893.0,18.20123203285421,0.964456695198027,49.445669519802706,1.1764963715529755,84.438125,2008.0,2.0,9.0,0.5838926174496645,0.6308724832214765,0.5782312925170068,0.6326530612244898,17.001161103047895,1.0,,
555,Railways,Ministry of Railways,705500,Wardha Sevagram-Nagpur - 3rd line 76.3 km,540,899.52,836.27,88,3771.0,10.652977412731007,1.0318217979315831,15.182179793158312,1.5486481481481482,9.39629213483146,2015.0,9.0,3.0,0.5838926174496645,0.6283783783783784,0.5782312925170068,0.6301369863013698,66.57777777777777,1.0,9.986859395532194,1.0
556,Railways,Ministry of Railways,705502,Wardha-Balharshah - 3rd line 132 km,1385,2603.11,1894.7,86,3586.0,10.146475017111568,1.0334634690462912,17.346346904629115,1.368014440433213,21.77816091954023,2016.0,3.0,6.0,0.5838926174496645,0.6351351351351351,0.5782312925170068,0.636986301369863,87.95018050541518,1.0,1.938239159001314,0.0
557,Railways,Ministry of Railways,705505,Wardha-Nagpur - 4th line 78.70 km,638,1194.59,1090.49,88,3177.0,9.026694045174539,1.0377714825306894,15.777148253068944,1.70923197492163,12.252696629213483,2017.0,4.0,3.0,0.5838926174496645,0.6283783783783784,0.5782312925170068,0.6301369863013698,87.23981191222569,1.0,9.986859395532194,1.0
558,Railways,Ministry of Railways,705237,Western Dedicated Freight Corridor,51101,124005.0,124623.0,96,5145.0,18.168377823408623,1.2897959183673469,32.9795918367347,2.438758537014931,1284.7731958762886,2008.0,2.0,9.0,0.5838926174496645,0.6283783783783784,0.5782312925170068,0.6301369863013698,142.6664840218391,1.0,45.039421813403415,1.0
559,Railways,Ministry of Railways,611974,Western Railway- Samakhiali-Gandhidham Quadrupiling 53 km PB34/CR/2023-24,1430,,748.46,50,1223.0,2.6803559206023273,0.8004905968928864,30.04905968928864,0.5233986013986014,14.675686274509804,2023.0,8.0,6.0,0.5866666666666667,0.6283783783783784,0.581081081081081,0.6301369863013698,,,12.02365308804205,1.0
560,Real Estate,Department for Promotion of Industry & Internal Trade,701661,Development of IMC Khurpia Farms under AKIC Project,1265,,0.0,3,1494.0,1.6700889801505818,0.40829986613119146,37.82998661311915,0.0,0.0,2024.0,8.0,3.0,0.6666666666666666,0.8,0.4309978768577495,1.0,,,,
561,Real Estate,Department for Promotion of Industry & Internal Trade,603210,Development of Jodhpur Pali Marwar Industrial Area JPMIA in Rajasthan,922,,0.0,6,1429.0,1.6700889801505818,0.4268719384184745,36.687193841847446,0.0,0.0,2024.0,8.0,2.0,0.6666666666666666,0.8,0.4309978768577495,1.0,,,,
562,Real Estate,Department for Promotion of Industry & Internal Trade,701668,Development of Palakkad Node under extension of CBIC to Kochi,3805,,57.93,5,1698.0,1.6700889801505818,0.35924617196702,30.924617196702002,0.015224704336399475,9.655,2024.0,8.0,9.0,0.6666666666666666,0.8,0.4309978768577495,1.0,,,,
563,Real Estate,Department for Promotion of Industry & Internal Trade,601812,Development of Zaheerabad Node under Hyderabad Nagpur Industrial Corridor,2360,,42.89,5,1622.0,1.6700889801505818,0.376078914919852,32.6078914919852,0.01817372881355932,7.148333333333333,2024.0,8.0,7.0,0.6666666666666666,0.8,0.4309978768577495,1.0,,,,
564,Real Estate,Department for Promotion of Industry & Internal Trade,707420,Gaya Integrated Manufacturing Cluster IMC in Bihar,1339,,0.0,5,1680.0,1.6700889801505818,0.3630952380952381,31.30952380952381,0.0,0.0,2024.0,8.0,4.0,0.6666666666666666,0.8,0.4309978768577495,1.0,,,,
565,Real Estate,Department for Promotion of Industry & Internal Trade,707419,IMC at Prayagraj,658,,75.63,28,1024.0,1.6700889801505818,0.595703125,31.5703125,0.11493920972644377,2.6079310344827586,2024.0,8.0,2.0,0.6666666666666666,0.8,0.4309978768577495,1.0,,,,
566,Real Estate,Department for Promotion of Industry & Internal Trade,701662,IMC Rajpura - Patiala Development Project,1368,,0.0,3,1470.0,1.6700889801505818,0.41496598639455784,38.49659863945578,0.0,0.0,2024.0,8.0,4.0,0.6666666666666666,0.8,0.4309978768577495,1.0,,,,
567,Real Estate,Department for Promotion of Industry & Internal Trade,617729,Kopparthy Industrial Area,2136,,39.75,5,1524.0,1.6700889801505818,0.400262467191601,35.0262467191601,0.018609550561797753,6.625,2024.0,8.0,6.0,0.6666666666666666,0.8,0.4309978768577495,1.0,,,,
568,Real Estate,Department for Promotion of Industry & Internal Trade,701658,Krishnapatnam Node - Phase 1 - Roads and Services Development,2139,,984.13,48,2236.0,5.330595482546201,0.8707513416815742,39.07513416815742,0.4600888265544647,20.084285714285713,2020.0,12.0,7.0,0.6666666666666666,0.8,0.4309978768577495,1.0,,,,
569,Real Estate,Department for Promotion of Industry & Internal Trade,617727,Orvakal Industrial Area,2786,,356.05,16,1524.0,1.6700889801505818,0.400262467191601,24.0262467191601,0.1277997128499641,20.944117647058825,2024.0,8.0,8.0,0.6666666666666666,0.8,0.4309978768577495,1.0,,,,
570,Real Estate,Department for Promotion of Industry & Internal Trade,701657,Tumakuru Node - Phase 1 - Roads and Services Development,1702,,337.56,27,2091.0,5.330595482546201,0.9311334289813487,66.11334289813486,0.19833137485311397,12.055714285714286,2020.0,12.0,5.0,0.6666666666666666,0.75,0.4309978768577495,1.0,,,11.990801576872535,1.0
571,Real Estate,Ministry of Housing & Urban Affairs,701766,Green Building Development Project,151,206.0,59.51,40,1477.0,6.477754962354552,1.6018957345971565,120.18957345971566,0.39410596026490063,1.4514634146341463,2019.0,11.0,0.0,0.5,0.75,0.6666666666666666,0.9,36.423841059602644,1.0,37.253613666228645,1.0
572,Real Estate,Ministry of Housing & Urban Affairs,707229,"Integrated Command control Center [ICCC] - Construction and Development of Integrated Command Control Center with Security, Surveillance, ITMS, Connecting Port, Ship Service, Smart Solid Waste Management, Smart Public Transport System",210,230.0,37.35,97,681.0,4.780287474332649,2.563876651982379,159.38766519823787,0.17785714285714285,0.38112244897959185,2021.0,7.0,0.0,0.5,0.75,0.6666666666666666,0.9,9.523809523809524,1.0,29.040735873850196,1.0
573,Real Estate,Ministry of Housing & Urban Affairs,400188,Redevelopment of Seven General Pool Residential Accommodation [GPRA] Colonies in Delhi,32850,32841.0,14370.5,47,3466.0,9.817932922655714,1.0346220427005193,56.46220427005193,0.4374581430745814,299.3854166666667,2016.0,7.0,9.0,1.0,1.0,0.75,0.9333333333333333,-0.0273972602739726,0.0,0.0,0.0
574,Real Estate,Ministry of Housing & Urban Affairs,701719,Rehablitation in Junavadaj Area Smart City Project,539,,623.44,98,2320.0,10.165639972621491,1.6004310344827586,62.04310344827587,1.1566604823747682,6.2973737373737375,2016.0,2.0,1.0,0.6666666666666666,0.75,0.6923076923076923,0.9,,,48.78449408672799,1.0
575,Roads & Highways,Ministry of Road Transport & Highways,618788,4L Greenfield Jalbhera Shahbad section from km. 0.000 to km. 22.850 of NH-152G,927,1173.66,550.65,87,1157.0,4.082135523613963,1.2886776145203112,41.86776145203112,0.5940129449838187,6.257386363636363,2022.0,3.0,5.0,0.35978835978835977,0.7318840579710145,0.35978835978835977,0.7318840579710145,26.608414239482208,1.0,15.013140604467806,1.0
576,Roads & Highways,Ministry of Road Transport & Highways,619095,Balance works of 4L Panvel Indapur section of NH66 old NH17 from km 42.300 kasu to km 84.600 Indapur,546,472.1,420.83,97,702.0,3.8740588637919235,2.0156695156695155,104.56695156695156,0.7707509157509157,4.294183673469387,2022.0,6.0,3.0,0.36155202821869487,0.7318840579710145,0.36155202821869487,0.7318840579710145,-13.534798534798531,0.0,27.463863337713533,1.0
577,Roads & Highways,Ministry of Road Transport & Highways,618452,"2-laning of Zorinpui - Longmasu section of NH-502A from km 0.000 to km 28.244 in the State of Mizoram on EPC mode under NHO-NE, stretch of IMBR",782,,48.26,5,1389.0,3.2005475701574264,0.8416126709863211,79.16126709863211,0.061713554987212274,8.043333333333333,2023.0,2.0,5.0,0.3609154929577465,0.7318840579710145,0.3609154929577465,0.7318840579710145,,,6.865965834428383,1.0
578,Roads & Highways,Ministry of Road Transport & Highways,618547,2L NH-1 from km 8.660 to km 33.775 Sumbal to Wayul to 4L dual carriageway NH standard as part of Srinagar Ring Road PhaseII [Design Ch. 41.907 to Ch. 66.609],961,643.64,474.55,55,1326.0,3.477070499657769,0.9577677224736049,40.77677224736048,0.4938085327783559,8.474107142857143,2022.0,11.0,5.0,0.36155202821869487,0.7318840579710145,0.36155202821869487,0.7318840579710145,-33.02393340270552,0.0,11.662286465177397,1.0
579,Roads & Highways,Ministry of Road Transport & Highways,618842,"2L PS Greenfield bypass lalganj ajhara, mohanganj and Raniganj on Raebareli - Jaunpur Section Design km 0.00 to Km 53177 of NH-31",1281,,199.56,0,1295.0,1.379876796714579,0.3891891891891892,38.91891891891892,0.15578454332552694,199.56,2024.0,12.0,7.0,0.3609154929577465,0.7329192546583851,0.3609154929577465,0.7329192546583851,,,-17.936925098554532,0.0
580,Roads & Highways,Ministry of Road Transport & Highways,618890,2L PS of Hamirpur Bypass from Km 121.175 to Km.138.295 of NH-103&3,739,754.82,369.94,94,1160.0,3.679671457905544,1.1586206896551725,21.862068965517253,0.500595399188092,3.8941052631578947,2022.0,8.0,4.0,0.36155202821869487,0.7318840579710145,0.36155202821869487,0.7318840579710145,2.1407307171853924,0.0,14.09329829172142,1.0
581,Roads & Highways,Ministry of Road Transport & Highways,618751,2L PS of Hinotiya-Mehulwa section of NH-346 from Km. 27.000 to Km 75.700 Vidisha Mehulwa-Talbehat Pkg-II Section of NH- 346,582,592.71,273.7,69,1066.0,3.5482546201232035,1.2157598499061915,52.57598499061915,0.4702749140893471,3.9099999999999997,2022.0,10.0,4.0,0.36155202821869487,0.7318840579710145,0.36155202821869487,0.7318840579710145,1.8402061855670164,0.0,18.561103810775293,1.0
582,Roads & Highways,Ministry of Road Transport & Highways,618909,2L PS of JH / WB Border km. 70.524 - Purulia km.84.400 & Purulia km. 94.30 - Chandil Junction with NH-33 km. 153.705 of Old NH-32,1652,1771.88,1652.04,98,1607.0,8.131416837782341,1.848164281269446,86.8164281269446,1.0000242130750605,16.687272727272727,2018.0,3.0,8.0,0.35978835978835977,0.7318840579710145,0.35978835978835977,0.7318840579710145,7.256658595641653,1.0,50.82128777923784,1.0
583,Roads & Highways,Ministry of Road Transport & Highways,618955,2L PS of Majhauli to Charout section from km. 0.00 to km. 63.655,638,1067.51,1096.16,100,1381.0,8.265571526351813,2.1860970311368573,118.60970311368573,1.7181191222570533,10.853069306930694,2018.0,1.0,4.0,0.35978835978835977,0.7318840579710145,0.35978835978835977,0.7318840579710145,67.32131661442006,1.0,57.85151116951379,1.0
584,Roads & Highways,Ministry of Road Transport & Highways,618924,2L PS of Najibabad Kotdwar section from 112.575 to Km. 138.635 of NH 119,189,99.2,51.17,56,1433.0,4.566735112936345,1.1639916259595255,60.39916259595256,0.2707407407407407,0.897719298245614,2021.0,10.0,0.0,0.36155202821869487,0.7318840579710145,0.36155202821869487,0.7318840579710145,-47.51322751322751,0.0,13.403416557161629,1.0
585,Roads & Highways,Ministry of Road Transport & Highways,618655,2L PS of Roshni to Ashapur Section of NH-347B from Design KM Ch. 89.900 to 114.000 KM Package III of Betul Khandwa,201,120.75,126.72,99,895.0,2.1409993155373033,0.8737430167597765,-11.625698324022352,0.6304477611940299,1.2671999999999999,2024.0,3.0,0.0,0.36155202821869487,0.7329192546583851,0.36155202821869487,0.7329192546583851,-39.92537313432835,0.0,0.0,0.0
586,Roads & Highways,Ministry of Road Transport & Highways,618958,2L with ES of Yagyi - Kalewa section from Milepost 40/0 to Milepost 115/5 in Myanmar,1200,1200.14,0.0,52,2000.0,8.388774811772759,1.532,101.19999999999999,0.0,0.0,2017.0,12.0,7.0,0.36155202821869487,0.7318840579710145,0.36155202821869487,0.7318840579710145,0.011666666666675004,0.0,49.96714848883048,1.0
587,Roads & Highways,Ministry of Road Transport & Highways,618907,2L/4L of Hoshiarpur to Una section including Hoshiarpur Bypass of NH 503A,571,481.88,257.79,26,1522.0,3.1129363449691994,0.7470433639947438,48.704336399474386,0.4514711033274957,9.547777777777778,2023.0,3.0,3.0,0.36155202821869487,0.7329192546583851,0.36155202821869487,0.7329192546583851,-15.607705779334502,0.0,0.0,0.0
588,Roads & Highways,Ministry of Road Transport & Highways,618908,3L Major Bridge over River Brahmani at Km. 401.250 Duburi - Chandikhole Section of NH-200 New NH -53,154,103.68,73.76,38,1020.0,4.035592060232717,1.4450980392156862,106.50980392156862,0.478961038961039,1.8912820512820514,2022.0,4.0,0.0,0.36155202821869487,0.7318840579710145,0.36155202821869487,0.7318840579710145,-32.67532467532467,0.0,31.93166885676741,1.0
589,Roads & Highways,Ministry of Road Transport & Highways,618669,4 -Laning of MP/UP Border to Kabarai section of NH-34&35 from km 197.000 to km 242.991 Length 45.991 Km Sagar-Kabrai Package-5 under Bharat Mala Pariyojana EC in MP & UP on HAM,1633,1425.43,574.07,62,1578.0,3.5263518138261465,0.8162230671736375,19.62230671736374,0.3515431720759339,9.112222222222224,2022.0,10.0,8.0,0.36155202821869487,0.7329192546583851,0.36155202821869487,0.7329192546583851,-12.710961420698098,0.0,0.0,0.0
590,Roads & Highways,Ministry of Road Transport & Highways,619102,4 L of China Orampadu-Renigunta section of NH-716 Package-II of Kadapa-Renigunta section,1500,,121.06,2,1927.0,3.40041067761807,0.6445251686559419,62.45251686559419,0.08070666666666666,40.35333333333333,2022.0,12.0,8.0,0.3609154929577465,0.7329192546583851,0.3609154929577465,0.7329192546583851,,,-0.0328515111695138,0.0
591,Roads & Highways,Ministry of Road Transport & Highways,618961,4 Lane Inner Ring Road around Allahabad City Pkg-1 Prayagraj Southern Bypass 34.400 43.200,776,498.97,70.02,25,1032.0,1.1909650924024642,0.42151162790697677,17.151162790697676,0.09023195876288659,2.693076923076923,2025.0,2.0,5.0,0.36155202821869487,0.7329192546583851,0.36155202821869487,0.7329192546583851,-35.699742268041234,0.0,0.0,0.0
592,Roads & Highways,Ministry of Road Transport & Highways,618960,4 Lane Inner Ring Road around Allahabad City Pkg-2 Prayagraj Southern Bypass 43.200 - 50.860,1378,1007.62,448.99,45,1026.0,2.6830937713894594,0.9551656920077972,50.51656920077973,0.3258272859216256,9.760652173913044,2023.0,8.0,7.0,0.36155202821869487,0.7318840579710145,0.36155202821869487,0.7318840579710145,-26.878084179970973,0.0,11.957950065703022,1.0
593,Roads & Highways,Ministry of Road Transport & Highways,618641,4 Lane of CG/JH Border-Gumla from km 0.000 to km 32.370 of NH-43 in the State of Jhrkhand,1326,,293.4,10,1294.0,1.7412731006160165,0.49149922720247297,39.1499227202473,0.22126696832579185,26.672727272727272,2024.0,8.0,7.0,0.3609154929577465,0.7329192546583851,0.3609154929577465,0.7329192546583851,,,0.0,0.0
594,Roads & Highways,Ministry of Road Transport & Highways,618892,"4 Lane with Paved Shoulder from Dareota Village to Kalar Bala NH 205, Design Chainage -Km 33185 to Km 41000, Design Length-7.815 Km Package-IIB",993,,5.27,1,1113.0,0.8980150581793293,0.29469901168014373,28.469901168014374,0.005307150050352467,2.635,2025.0,6.0,6.0,0.3609154929577465,0.7329192546583851,0.3609154929577465,0.7329192546583851,,,0.0328515111695138,0.0
595,Roads & Highways,Ministry of Road Transport & Highways,618649,4 Lane with PS from Des. Ch 228.500 to Des. Ch. 273.400 of Belgaum-Hungund-Raichur Section of NH 748 A Package-6,1246,1012.78,399.31,54,1332.0,3.0882956878850103,0.8468468468468469,30.684684684684683,0.32047351524879614,7.2601818181818185,2023.0,3.0,7.0,0.36155202821869487,0.7318840579710145,0.36155202821869487,0.7318840579710145,-18.717495987158912,0.0,7.293035479632063,1.0
596,Roads & Highways,Ministry of Road Transport & Highways,619108,4 Lane with PS from Des. Ch 0.000 to Des. Ch. 43.800 of Belgaum-Hungund-Raichur Section of NH-748A Package-1,1452,1256.55,490.31,40,1221.0,2.212183436002738,0.6617526617526618,26.175266175266174,0.33767906336088155,11.958780487804878,2024.0,2.0,8.0,0.36155202821869487,0.7318840579710145,0.36155202821869487,0.7318840579710145,-13.460743801652896,0.0,3.712220762155059,1.0
597,Roads & Highways,Ministry of Road Transport & Highways,619107,4 Lane with PS from Des. Ch 136.100 to Des. Ch. 182.300 of Belgaum-Hungund-Raichur Section of NH-748A Package-4,1311,1123.35,227.73,15,1329.0,2.2258726899383983,0.6117381489841986,46.17381489841986,0.17370709382151028,14.233125,2024.0,2.0,7.0,0.36155202821869487,0.7318840579710145,0.36155202821869487,0.7318840579710145,-14.313501144164768,0.0,6.668856767411301,1.0
598,Roads & Highways,Ministry of Road Transport & Highways,619106,4 Lane with PS from Des. Ch 182.300 to Des. Ch. 228.500 of Belgaum-Hungund-Raichur Section of NH 748 A Package-5,1142,868.65,255.41,41,1334.0,3.0937713894592744,0.8470764617691154,43.70764617691154,0.22365148861646234,6.081190476190476,2023.0,3.0,6.0,0.36155202821869487,0.7318840579710145,0.36155202821869487,0.7318840579710145,-23.936077057793348,0.0,9.329829172141919,1.0
599,Roads & Highways,Ministry of Road Transport & Highways,618651,4 Lane with PS from Des. Ch 43.800 to Des. Ch. 89.900 of Belgaum-Hungund-Raichur Section of NH-748A Package-2,1428,1293.94,594.55,59,1104.0,2.190280629705681,0.7246376811594203,13.463768115942031,0.41635154061624646,9.909166666666666,2024.0,2.0,7.0,0.36155202821869487,0.7318840579710145,0.36155202821869487,0.7318840579710145,-9.387955182072826,0.0,4.073587385019711,1.0
600,Roads & Highways,Ministry of Road Transport & Highways,618650,4 Lane with PS from Des. Ch 89.900 to Des. Ch. 136.100 of Belgaum-Hungund-Raichur Section of NH-748A Package-3,1364,1219.62,306.09,24,1178.0,2.299794661190965,0.7130730050933786,47.30730050933785,0.22440615835777125,12.243599999999999,2024.0,1.0,7.0,0.36155202821869487,0.7318840579710145,0.36155202821869487,0.7318840579710145,-10.585043988269803,0.0,10.21681997371879,1.0
601,Roads & Highways,Ministry of Road Transport & Highways,618691,4 laning of Aligarh-Palwal Section from Km. 46.390 Design Chainage to Km. 69.110 Terminating at junction EPE Package-II from Kurana- Eastern Peripheral Expressway of NH-334D,939,903.94,250.21,17,1259.0,2.1245722108145104,0.6163621922160445,44.63621922160445,0.2664643237486688,13.900555555555556,2024.0,3.0,5.0,0.36155202821869487,0.7329192546583851,0.36155202821869487,0.7329192546583851,-3.7337593184238496,0.0,0.0328515111695138,0.0
602,Roads & Highways,Ministry of Road Transport & Highways,618823,4 laning of Barasat - Barajaguli Section of NH-12 from Km. 31.000 to Km. 48.679 in the district of North 24 - Parganas,352,346.39,97.88,44,734.0,2.223134839151266,1.106267029972752,66.62670299727519,0.2780681818181818,2.175111111111111,2024.0,2.0,2.0,0.36155202821869487,0.7318840579710145,0.36155202821869487,0.7318840579710145,-1.5937500000000038,0.0,20.59789750328515,1.0
603,Roads & Highways,Ministry of Road Transport & Highways,618957,4 laning of Champa - Korba from km 0.00 to km 38.2,1002,1304.47,944.68,99,1061.0,5.221081451060917,1.7973609802073516,80.73609802073517,0.9427944111776446,9.4468,2021.0,2.0,6.0,0.35978835978835977,0.7318840579710145,0.35978835978835977,0.7318840579710145,30.186626746506988,1.0,31.83311432325887,1.0
604,Roads & Highways,Ministry of Road Transport & Highways,619158,4 Laning of Duburi Chandikhole from km 388.376 to km 428.074 Pkg-III,789,907.61,724.96,86,1663.0,8.276522929500342,1.8177991581479254,95.77991581479253,0.9188339670468948,8.33287356321839,2018.0,1.0,5.0,0.35978835978835977,0.7318840579710145,0.35978835978835977,0.7318840579710145,15.032953105196453,1.0,50.7227332457293,1.0
605,Roads & Highways,Ministry of Road Transport & Highways,618826,4 Laning of NH-544D from Km 0.000 to km 37.000 of Anantapur- Muchukota section Pkg-1,908,905.98,468.12,92,1014.0,3.5509924709103355,1.2790927021696252,35.909270216962526,0.5155506607929515,5.033548387096774,2022.0,10.0,5.0,0.36155202821869487,0.7318840579710145,0.36155202821869487,0.7318840579710145,-0.22246696035242092,0.0,13.337713534822601,1.0
606,Roads & Highways,Ministry of Road Transport & Highways,618827,4 Laning of NH-544D from Km 37.000 to km 69.000 of Muchukota- Bugga section Pkg-2,1098,1055.23,466.9,85,1036.0,3.542778918548939,1.249034749034749,39.903474903474915,0.4252276867030965,5.42906976744186,2022.0,10.0,6.0,0.36155202821869487,0.7318840579710145,0.36155202821869487,0.7318840579710145,-3.8952641165755906,0.0,16.52431011826544,1.0
607,Roads & Highways,Ministry of Road Transport & Highways,619156,4 Laning of Paramakudi to Ramanathapuram Section of NH-87 Old NH-49,1853,,169.53,0,1048.0,0.8295687885010267,0.28912213740458015,28.912213740458014,0.09148947652455477,169.53,2025.0,7.0,8.0,0.3609154929577465,0.7329192546583851,0.3609154929577465,0.7329192546583851,,,0.0,0.0
608,Roads & Highways,Ministry of Road Transport & Highways,618964,4 Laning of Sandalpur to Nasrullaganj Pkg-1 section of NH-146B Length 43.2 Km.,1426,,197.81,12,1015.0,1.0841889117043122,0.3901477832512315,27.014778325123153,0.13871669004207574,15.216153846153846,2025.0,3.0,7.0,0.3609154929577465,0.7329192546583851,0.3609154929577465,0.7329192546583851,,,0.0,0.0
609,Roads & Highways,Ministry of Road Transport & Highways,619157,4 Laning of Talcher to end of Kamakhyanagar Bypass km 8.844 - km 15.725 of NH-149 and km 301.875 - km 335.946 of NH-53 Pkg-I,795,810.71,715.74,99,1313.0,8.290212183436003,2.306169078446306,131.6169078446306,0.9003018867924528,7.1574,2018.0,1.0,5.0,0.36155202821869487,0.7318840579710145,0.36155202821869487,0.7318840579710145,1.976100628930822,0.0,62.3850197109067,1.0
610,Roads & Highways,Ministry of Road Transport & Highways,619167,4 Laning with PS of Pathrapalli-Katghora km 53.3 to km 92.6 Pkg-II of Bilaspur Kathghora,865,1275.26,853.85,93,1082.0,6.368240930869268,2.1497227356746764,121.97227356746765,0.9871098265895955,9.083510638297872,2019.0,12.0,5.0,0.35978835978835977,0.7318840579710145,0.35978835978835977,0.7318840579710145,47.428901734104045,1.0,47.89750328515112,1.0
611,Roads & Highways,Ministry of Road Transport & Highways,618690,"4 lanning of Aligarh Palwal section from km 0.00 to km 46.39 package -1 from khereshwar junction-kurana of NH33D , including khair & jattari bypass in the state of UP on HAM mode",1663,1685.69,590.53,21,1110.0,2.135523613963039,0.7027027027027027,49.270270270270274,0.35509921828021646,26.842272727272725,2024.0,3.0,8.0,0.36155202821869487,0.7329192546583851,0.36155202821869487,0.7329192546583851,1.3644016837041524,0.0,0.0,0.0
612,Roads & Highways,Ministry of Road Transport & Highways,618666,4- Laning of Mohari to Satai Ghat section NH-934 from Km 50300 to Km 89875 Total length 39.575 km Package-2 in the State of Madhya Pradesh on EPC Mode,711,539.08,518.99,100,1476.0,3.7262149212867897,0.9220867208672087,-7.791327913279133,0.729943741209564,5.138514851485149,2022.0,8.0,4.0,0.36155202821869487,0.7329192546583851,0.36155202821869487,0.7329192546583851,-24.18002812939521,0.0,-0.49277266754270693,0.0
613,Roads & Highways,Ministry of Road Transport & Highways,618282,4-L Bilasipara-Guwahati Package-10,1265,,632.99,64,1175.0,3.082819986310746,0.9582978723404255,31.829787234042556,0.5003873517786561,9.738307692307693,2023.0,3.0,7.0,0.3609154929577465,0.7318840579710145,0.3609154929577465,0.7318840579710145,,,9.395532194480946,1.0
614,Roads & Highways,Ministry of Road Transport & Highways,618283,4-L Bilasipara-Guwahati Package-9,1000,,505.47,60,1192.0,3.1485284052019167,0.964765100671141,36.47651006711409,0.50547,8.286393442622952,2023.0,3.0,6.0,0.3609154929577465,0.7318840579710145,0.3609154929577465,0.7318840579710145,,,9.625492772667542,1.0
615,Roads & Highways,Ministry of Road Transport & Highways,618316,4-Laning of Vairengte - Chhimluang section Package-3 of NH-306 from Existing Chainage km 43000 to Km 59700 Design Chainage km 46000 to km 60850 on Silchar - Vairengte- Sairang road in the State of Mizoram under Bharatmala Pariyojna under NHO-NE. Package-1&2 in Assam state,491,,238.01,18,1861.0,4.405201916495551,0.8645889306824288,68.45889306824289,0.48474541751527495,12.526842105263157,2021.0,12.0,3.0,0.3609154929577465,0.7329192546583851,0.3609154929577465,0.7329192546583851,,,-0.2628120893561104,0.0
616,Roads & Highways,Ministry of Road Transport & Highways,617941,4-Laning from End of Zuari approaches to Start of Margao Bypass section of NH-66 from Km 536.800 to Km 543.450,398,,0.28,1,1309.0,1.787816563997262,0.4988540870893812,48.88540870893812,0.0007035175879396985,0.14,2024.0,7.0,2.0,0.3609154929577465,0.7329192546583851,0.3609154929577465,0.7329192546583851,,,0.0,0.0
617,Roads & Highways,Ministry of Road Transport & Highways,618013,4-laning of Puttaparthi-Koduru Section of NH-342,1319,909.19,464.06,90,1116.0,3.5345653661875427,1.156810035842294,25.681003584229387,0.35182714177407126,5.09956043956044,2022.0,10.0,7.0,0.36155202821869487,0.7318840579710145,0.36155202821869487,0.7318840579710145,-31.069749810462465,0.0,9.789750328515112,1.0
618,Roads & Highways,Ministry of Road Transport & Highways,618328,4-Laning of Balance work of Dimapur-Kohima Road from design km 152.490 to km 166.700 Existing km 156.000 to km 172.900 Excluding Dimapur & Kohima Bypass under SARDP-NE Package-III,563,794.75,542.85,84,3468.0,10.080766598220396,1.0617070357554788,22.170703575547876,0.9642095914742451,6.386470588235294,2016.0,3.0,3.0,0.35978835978835977,0.7318840579710145,0.35978835978835977,0.7318840579710145,41.16341030195382,1.0,12.056504599211562,1.0
619,Roads & Highways,Ministry of Road Transport & Highways,618317,4-Laning of chhimluang-Kolasib from section pkg-4 of NH-306 & NH-6 existing chainage km 59700 to km 86000 design chainage km 61000 to km 77500 on Silchar-vairengte-sairang road in the state of Mizoram under Bharatmala Pariyojna on EPC mode Vairengte - Sairang Pkg-4,562,,223.99,17,1844.0,4.358658453114305,0.8633405639913232,69.33405639913232,0.39855871886120997,12.443888888888889,2021.0,12.0,3.0,0.3609154929577465,0.7329192546583851,0.3609154929577465,0.7329192546583851,,,-0.2628120893561104,0.0
620,Roads & Highways,Ministry of Road Transport & Highways,618314,4-Laning of Dhanehari Lailapur / Vairengte section from Existing Chainage km 12920 to km 43000 of NH 306 Design Chainage km 20000 to km 49360 on Silchar - Vairengte Sairang road in the State of Assam under Bharatmala Pariyojna on EPC mode. Project Length 29.360 km under NHO-NE Package-2,1716,,1057.72,82,1232.0,3.082819986310746,0.913961038961039,9.396103896103895,0.6163869463869464,12.743614457831326,2023.0,3.0,8.0,0.3609154929577465,0.7318840579710145,0.3609154929577465,0.7318840579710145,,,7.522996057818659,1.0
621,Roads & Highways,Ministry of Road Transport & Highways,618436,4-Laning of Jamugurihat to end of Biswanath Chariali By-Pass from Km 182.000 to Km 208.000 of NH-52 on EPC mode in state of Assam under SARDP-NE,599,,432.62,100,1541.0,11.082819986310746,2.626865671641791,162.6865671641791,0.722237061769616,4.283366336633663,2015.0,3.0,4.0,0.3609154929577465,0.7318840579710145,0.3609154929577465,0.7318840579710145,,,73.3574244415243,1.0
622,Roads & Highways,Ministry of Road Transport & Highways,618318,4-Laning of Kolasib - Sethawn section Package-5 of NH-6 from Existing Chainage km 86000 to km 107850 Design Chainage km 77500 to km 95500 on silchar - vairengte - sairang road under Bharatmala Pariyojna on EPC mode under NHO-NE Vairengte - Sairang Pkg-5,720,,259.85,12,2058.0,4.4490075290896645,0.7896015549076774,66.96015549076773,0.3609027777777778,19.98846153846154,2021.0,11.0,4.0,0.3609154929577465,0.7329192546583851,0.3609154929577465,0.7329192546583851,,,-0.2956636005256242,0.0
623,Roads & Highways,Ministry of Road Transport & Highways,617943,4-laning of Navelim to Cuncolim Section of NH-66 from Km 554.245 to Km 561.480 on HAM Mode,747,,0.0,0,1401.0,1.3579739904175223,0.35403283369022126,35.40328336902213,0.0,0.0,2024.0,12.0,4.0,0.3609154929577465,0.7329192546583851,0.3609154929577465,0.7329192546583851,,,0.0,0.0
624,Roads & Highways,Ministry of Road Transport & Highways,618438,"4-Laning of NH-37 Section between Demow to End of Moran Bypass From Km. 534.800 to Km. 561.700 including Emergency Landing Facility ELF under SARDP-NE, Phase 'A' in the State of Assam on EPC mode",386,,680.44,100,3110.0,10.291581108829568,1.2086816720257234,20.868167202572337,1.76279792746114,6.737029702970298,2016.0,1.0,2.0,0.3609154929577465,0.7318840579710145,0.3609154929577465,0.7318840579710145,,,12.81208935611038,1.0
625,Roads & Highways,Ministry of Road Transport & Highways,618783,4-laning of Pilibhit - Sitarganj from Km. 32.500 to Km. 70.800 Pkg-2 of NH-30,1471,1471.19,470.11,44,1152.0,3.2854209445585214,1.0416666666666667,60.16666666666667,0.31958531611148877,10.44688888888889,2023.0,1.0,8.0,0.36155202821869487,0.7318840579710145,0.36155202821869487,0.7318840579710145,0.012916383412648167,0.0,19.612352168199735,1.0
626,Roads & Highways,Ministry of Road Transport & Highways,618319,"4-Laning of Sethawn - N. Kawnpui section Package-6 of NH-6 from Existing Chainage km 107850 to km 126315 Design Chainage km 95500 to km 111850 on Silchar-Vairengte- Sairang road, Vairengte - Sairang Pkg-6",596,,189.39,7,1844.0,4.358658453114305,0.8633405639913232,79.33405639913232,0.3177684563758389,23.67375,2021.0,12.0,4.0,0.3609154929577465,0.7329192546583851,0.3609154929577465,0.7329192546583851,,,-0.2628120893561104,0.0
627,Roads & Highways,Ministry of Road Transport & Highways,618315,4-Laning of Silchar - Dhanehari section from Existing Chainage km 263800 of NH 37 to km 12920 of NH 306 Design Chainage km 0000 to km 20000 on Silchar - Vairengte - Sairang road in the State of Assam under Bharatmala Pariyojna on EPC mode Package-1,1257,,632.2,60,1241.0,3.167693360711841,0.9323126510878323,33.231265108783234,0.5029435163086715,10.363934426229509,2023.0,2.0,7.0,0.3609154929577465,0.7318840579710145,0.3609154929577465,0.7318840579710145,,,8.245729303547963,1.0
628,Roads & Highways,Ministry of Road Transport & Highways,618672,4-lanning of Gyaraspur to Rahatgarh section of NH-146 from Design Ch. 88361 to Ch 124470 in the state of MP on HAM mode,903,592.44,169.82,35,1103.0,1.5030800821355237,0.49773345421577514,14.773345421577517,0.18806201550387597,4.717222222222222,2024.0,10.0,5.0,0.36155202821869487,0.7329192546583851,0.36155202821869487,0.7329192546583851,-34.39202657807308,0.0,0.0,0.0
629,Roads & Highways,Ministry of Road Transport & Highways,618671,4-lanning of Rahatgarh to Berkhedi section of NH-146 from Design Ch 124470 to Ch. 134.549,618,342.69,53.19,15,995.0,1.0841889117043122,0.39798994974874374,24.798994974874375,0.08606796116504854,3.324375,2025.0,3.0,4.0,0.36155202821869487,0.7329192546583851,0.36155202821869487,0.7329192546583851,-44.54854368932039,0.0,-0.0328515111695138,0.0
630,Roads & Highways,Ministry of Road Transport & Highways,619103,4/6 Laning of Raipur-Simga Pkg-I from km. 0.00 to km. 48.58,1097,1172.36,905.32,100,923.0,10.55441478439425,4.176598049837486,317.65980498374864,0.8252689152233365,8.963564356435644,2015.0,10.0,6.0,0.35978835978835977,0.7318840579710145,0.35978835978835977,0.7318840579710145,6.86964448495897,1.0,100.36136662286465,1.0
631,Roads & Highways,Ministry of Road Transport & Highways,618495,4/6L Access Control Expressway from Design Chainage Km 515.000 to 528.300 Kunjwani to Sidhra Section of NH-44 and from Design Chainage Km 550.900 to Km 566.520 Domel to Katra Section Phase II-Package XVII,2895,2894.74,1016.96,67,1080.0,3.8357289527720737,1.2972222222222223,62.72222222222223,0.35128151986183076,14.955294117647059,2022.0,6.0,9.0,0.36155202821869487,0.7318840579710145,0.36155202821869487,0.7318840579710145,-0.008981001727123256,0.0,28.843626806833115,1.0
632,Roads & Highways,Ministry of Road Transport & Highways,619318,4/6L Greenfield Ludhiana Rupnagar highway from Jn. with NE-5 village near to ManewalLudhiana to Jn. with NH-205 near Bheora Village Rupnagar from Km. 0.00 to Km. 37.7 including spur to Kharar with Ludhiana bypass of NH-205K Pkg-1,1369,1382.48,533.33,15,1293.0,4.9253935660506505,1.391337973704563,124.1337973704563,0.3895763330898466,33.333125,2021.0,5.0,7.0,0.36155202821869487,0.7318840579710145,0.36155202821869487,0.7318840579710145,0.9846603360116887,0.0,35.972404730617605,1.0
633,Roads & Highways,Ministry of Road Transport & Highways,618785,4/6L Greenfield LudhianaRupnagar highway from Jn. with NE-5 village near to ManewalLudhiana to Jn. with NH-205 near Bheora Village Rupnagar from Km 66.0 to Km 91.0 i/c spur to Kharar from Km 0.0 to Km 19.5 with Ludhiana bypass of NH-205K Pkg-3,1501,1815.13,1162.52,80,1296.0,4.7501711156741955,1.3387345679012346,53.87345679012347,0.7744970019986676,14.352098765432098,2021.0,7.0,8.0,0.35978835978835977,0.7318840579710145,0.35978835978835977,0.7318840579710145,20.92804796802133,1.0,22.470433639947437,1.0
634,Roads & Highways,Ministry of Road Transport & Highways,618969,4/6L of Spur to Haridwar Greenfield from Km. 0.000 to Km. 50.70,2156,2612.3,1543.12,93,1192.0,4.454483230663929,1.3649328859060403,43.49328859060404,0.7157328385899814,16.416170212765955,2021.0,11.0,9.0,0.35978835978835977,0.7318840579710145,0.35978835978835977,0.7318840579710145,21.164192949907243,1.0,19.316688567674113,1.0
635,Roads & Highways,Ministry of Road Transport & Highways,618517,4/6L of Bangalore - Pune Section of bypass connecting Dharwad - Hubli from km. 403.80 to km. 433.20,1135,763.36,744.42,83,1364.0,4.339493497604381,1.1620234604105573,33.20234604105573,0.6558766519823788,8.862142857142857,2021.0,12.0,6.0,0.36155202821869487,0.7318840579710145,0.36155202821869487,0.7318840579710145,-32.74361233480176,0.0,20.269382391590014,1.0
636,Roads & Highways,Ministry of Road Transport & Highways,619132,4/6L of Gurgaon - Pataudi - Rewari from km. 0.00 to km.43.87 of NH-352W,1810,1917.5,1267.55,78,1291.0,5.968514715947981,1.6886134779240898,90.86134779240899,0.7003038674033149,16.04493670886076,2020.0,5.0,8.0,0.35978835978835977,0.7318840579710145,0.35978835978835977,0.7318840579710145,5.939226519337017,1.0,33.24572930354796,1.0
637,Roads & Highways,Ministry of Road Transport & Highways,618567,4/6L of Northern Ayodhya Bypass starting Km. 112.540 and ending Km. 139.928 north of existing NH-27 part-1 and part-2 south of NH-27 from km 0.000 to km 5.000.,2289,1834.25,285.67,34,1252.0,1.7412731006160165,0.5079872204472844,16.798722044728436,0.12480122324159022,8.162,2024.0,8.0,9.0,0.36155202821869487,0.7329192546583851,0.36155202821869487,0.7329192546583851,-19.866754041065967,0.0,0.0328515111695138,0.0
638,Roads & Highways,Ministry of Road Transport & Highways,618568,4/6L Southern Ayodhya Bypass from Km 5.000 to Km 37.172 starting near Km. 112.540 and ending at Km. 153.281 of NH-27,2541,1983.05,318.53,40,1151.0,1.7412731006160165,0.5525629887054735,15.256298870547347,0.12535615899252261,7.769024390243902,2024.0,8.0,9.0,0.36155202821869487,0.7329192546583851,0.36155202821869487,0.7329192546583851,-21.95789059425423,0.0,0.0,0.0
639,Roads & Highways,Ministry of Road Transport & Highways,618741,4L Greenfield Alignment from Kalyanapur to Tal Dashraha of NH-119D Pkg-III,1858,1969.3,957.28,36,1079.0,4.15605749486653,1.4068582020389249,104.68582020389249,0.5152206673842842,25.872432432432433,2022.0,3.0,9.0,0.35978835978835977,0.7318840579710145,0.35978835978835977,0.7318840579710145,5.99031216361679,1.0,37.450722733245726,1.0
640,Roads & Highways,Ministry of Road Transport & Highways,618852,4L Sundar Nagar Bypass from Km.173.900 to Km.179.600 of NH-21,191,192.11,182.6,100,843.0,4.183436002737851,1.8125741399762751,81.25741399762751,0.956020942408377,1.807920792079208,2022.0,2.0,0.0,0.36155202821869487,0.7318840579710145,0.36155202821869487,0.7318840579710145,0.5811518324607402,0.0,26.544021024967147,1.0
641,Roads & Highways,Ministry of Road Transport & Highways,618811,4L Access Controlled Greenfield Highway Section Mancherial Warangal from Pangidipalle village at Design Ch. 72.350 Km to Oorugonda village at Design Ch. 112.240 KmPackage-III,1184,1170.64,209.72,6,1669.0,3.0937713894592744,0.677052127022169,61.7052127022169,0.1771283783783784,29.96,2023.0,3.0,6.0,0.36155202821869487,0.7318840579710145,0.36155202821869487,0.7318840579710145,-1.12837837837837,0.0,3.350854139290407,1.0
642,Roads & Highways,Ministry of Road Transport & Highways,619143,4L Access Controlled Greenfield Highway section on NH-163G Khammam Vijayawada from BrahmanapalliK village at Design Ch. 250.400 Km to Remidicherla village at Design Ch. 280.200 KmPackage-II,826,862.58,175.85,26,1463.0,3.1019849418206706,0.7744360902255639,51.44360902255639,0.21289346246973365,6.512962962962963,2023.0,3.0,5.0,0.36155202821869487,0.7318840579710145,0.36155202821869487,0.7318840579710145,4.428571428571434,0.0,3.1537450722733245,1.0
643,Roads & Highways,Ministry of Road Transport & Highways,618818,4L Access Controlled Greenfield Highway section on NH-163G Khammam Vijayawada from Remidicherla village at Design Ch. 280.200 Km to Jakkampudi village on NH-16 at Design Ch. 309.909 Km Package-III,1183,1225.14,228.68,6,1509.0,3.1129363449691994,0.7534791252485089,69.3479125248509,0.19330515638207946,32.66857142857143,2023.0,3.0,6.0,0.36155202821869487,0.7318840579710145,0.36155202821869487,0.7318840579710145,3.5621301775148018,0.0,7.7858081471747695,1.0
644,Roads & Highways,Ministry of Road Transport & Highways,618817,4L Access Controlled Greenfield Highway section on NH-163G Khammam Vijayawada from V. Venkatayapalem village at Design Ch. 220.480 Km to BrahmanapalliK village at Design Ch. 250.400 Km Package-I.,973,1021.96,271.03,46,1463.0,3.1238877481177276,0.7799043062200957,31.99043062200957,0.27855087358684477,5.766595744680851,2023.0,3.0,6.0,0.35978835978835977,0.7318840579710145,0.35978835978835977,0.7318840579710145,5.031860226104834,1.0,3.416557161629435,1.0
645,Roads & Highways,Ministry of Road Transport & Highways,618816,4L Access Controlled Greenfield Highway section on NH-163G Warangal-Khammam from Thallasenkesa village at Design Ch. 189.650 km to V.Vekatayapalem village in Khammam District at Design Ch. 220.480 KmPackage-III,1105,1098.05,168.28,10,1558.0,3.0910335386721424,0.7246469833119383,62.46469833119383,0.152289592760181,15.298181818181819,2023.0,3.0,6.0,0.36155202821869487,0.7329192546583851,0.36155202821869487,0.7329192546583851,-0.6289592760181036,0.0,0.0,0.0
646,Roads & Highways,Ministry of Road Transport & Highways,618815,4L Access Controlled Greenfield Highway section on NH-163G Warangal-Khammam from Venkatpur village in Warangal District at Design Ch. 150.240 Km to Thallasenkesa village in Mahabubabed District at Design Ch. 189.650 kmPackage-II,1093,1083.11,408.59,78,1117.0,3.0910335386721424,1.0107430617726052,23.074306177260524,0.3738243366880146,5.172025316455696,2023.0,3.0,6.0,0.36155202821869487,0.7318840579710145,0.36155202821869487,0.7318840579710145,-0.9048490393412717,0.0,11.399474375821287,1.0
647,Roads & Highways,Ministry of Road Transport & Highways,618814,4L Access Controlled Greenfield Highway section on NH163G Warangal-Khammam from Oorugonda village in Hanamkonda District at Design Ch. 112.240 Km to Venkatpur village in Warangal District at Design Ch. 150.240 KmPackage-I,1143,1140.82,160.19,0,1536.0,3.0882956878850103,0.734375,73.4375,0.14014873140857392,160.19,2023.0,3.0,6.0,0.36155202821869487,0.7318840579710145,0.36155202821869487,0.7318840579710145,-0.1907261592301018,0.0,11.629434954007884,1.0
648,Roads & Highways,Ministry of Road Transport & Highways,618813,4L Access Controlled Greenfield Section Mancherial Warangal from Narva village at Design Ch. 3.834 Km to Puttapaka village at Design Ch. 35.300 Km Package-I,1128,1104.27,161.67,11,1392.0,3.164955509924709,0.8304597701149425,72.04597701149426,0.14332446808510638,13.472499999999998,2023.0,3.0,6.0,0.36155202821869487,0.7318840579710145,0.36155202821869487,0.7318840579710145,-2.103723404255321,0.0,10.282522996057818,1.0
649,Roads & Highways,Ministry of Road Transport & Highways,618812,4L Access Controlled Greenfield Section Mancherial Warangal from Puttapaka village at Design Ch. 35.300 Km to Pangidipalle village at Design Ch. 72.350 KmPackage-II,1129,1145.41,210.45,9,1605.0,3.274469541409993,0.7451713395638629,65.51713395638629,0.18640389725420725,21.044999999999998,2023.0,1.0,6.0,0.36155202821869487,0.7318840579710145,0.36155202821869487,0.7318840579710145,1.4534986713906184,0.0,6.603153745072273,1.0
650,Roads & Highways,Ministry of Road Transport & Highways,618481,4L Bangalore-Chennai Expressway from Km. 230.000 to Km. 261.705 of Kanchepuram to Sriperumbudur Section Phase-III/Package-IV,3606,3605.73,987.38,90,1230.0,5.174537987679671,1.5365853658536586,63.65853658536585,0.27381586245146977,10.85032967032967,2021.0,2.0,9.0,0.36155202821869487,0.7318840579710145,0.36155202821869487,0.7318840579710145,-0.00748752079866838,0.0,27.726675427069644,1.0
651,Roads & Highways,Ministry of Road Transport & Highways,618923,4L Behsuma at Km 39.250 Ex. Km 39240 To Bijnor at Km 78.810 Ex. Km 86590 Design Length 39.560 Km of NH-119 Pkg-II,2158,2553.12,1234.06,70,1163.0,3.132101300479124,0.9836629406706793,28.366294067067926,0.5718535681186283,17.38112676056338,2023.0,3.0,9.0,0.35978835978835977,0.7318840579710145,0.35978835978835977,0.7318840579710145,18.309545875810933,1.0,7.424441524310118,1.0
652,Roads & Highways,Ministry of Road Transport & Highways,618792,4L Bhiwani-Hansi road section of NH-148B,1330,1144.21,455.86,100,1139.0,3.485284052019165,1.1176470588235294,11.764705882352942,0.34275187969924814,4.5134653465346535,2022.0,11.0,7.0,0.36155202821869487,0.7318840579710145,0.36155202821869487,0.7318840579710145,-13.969172932330826,0.0,8.442838370565045,1.0
653,Roads & Highways,Ministry of Road Transport & Highways,618623,4L Boregaon Buzurg to Shahpur Pkg I of Boregaon Buzurg to Muktainagar of NH 753L,1504,1132.34,556.86,90,1184.0,3.485284052019165,1.0751689189189189,17.516891891891888,0.37025265957446807,6.11934065934066,2022.0,11.0,8.0,0.36155202821869487,0.7318840579710145,0.36155202821869487,0.7318840579710145,-24.71143617021277,0.0,8.245729303547963,1.0
654,Roads & Highways,Ministry of Road Transport & Highways,618914,"4L Elevated Corridor and at-grade improvements from Design Ch0000 to Design Ch 19870 of Danapur Bihta Section, Design Ch0000 to Design Ch0231 connecting the existing RoB near Danapur station ,1.35 Km ramps and at-grade improvements to 4-lane section on Danapur side and Upgradation of existing Two lane carriageway to Four Lane carriageway from Design Ch19870 to Design Ch23500 of Bihta - Koilwar section",4433,2625.4,1578.15,64,1433.0,3.564681724845996,0.9085833914863922,26.858339148639217,0.3560004511617415,24.27923076923077,2022.0,10.0,9.0,0.36155202821869487,0.7318840579710145,0.36155202821869487,0.7318840579710145,-40.77599819535303,0.0,11.727989487516425,1.0
655,Roads & Highways,Ministry of Road Transport & Highways,618736,4L Elevated corridor of Kalimandir-Dimna Chowk-Baliguma Jamshedpur Section of NH-33 New NH-18 from km 241940 to km 251961 Length 10.021 km,936,832.2,328.76,50,1103.0,2.1464750171115674,0.7107887579329103,21.078875793291033,0.35123931623931626,6.446274509803922,2024.0,3.0,5.0,0.36155202821869487,0.7329192546583851,0.36155202821869487,0.7329192546583851,-11.089743589743586,0.0,0.0,0.0
656,Roads & Highways,Ministry of Road Transport & Highways,618841,4L Elevated Section and at-grade improvements at Begusarai town Simaria - Khagaria section from Km. 221.047 to Km. 225.302 of NH-31,491,348.38,354.17,96,1165.0,4.539356605065024,1.423175965665236,46.317596566523605,0.7213238289205703,3.651237113402062,2021.0,10.0,3.0,0.36155202821869487,0.7318840579710145,0.36155202821869487,0.7318840579710145,-29.04684317718941,0.0,20.2365308804205,1.0
657,Roads & Highways,Ministry of Road Transport & Highways,619065,4L Expressway from Km 26.400 to km 53.500 of Malur to Bangarpet section of Bangalore-Chennai Expressway Phase-I Package-II,1745,1729.63,1103.49,100,1005.0,5.363449691991787,1.9492537313432836,94.92537313432837,0.6323724928366762,10.925643564356436,2020.0,12.0,8.0,0.36155202821869487,0.7318840579710145,0.36155202821869487,0.7318840579710145,-0.8808022922636041,0.0,35.873850197109064,1.0
658,Roads & Highways,Ministry of Road Transport & Highways,618868,4L from Devinagar Bypass End Existing Km. 208.000 of NH 530B/Design Km. 66.000 to Kasganj Bypass End Existing Km.150.100 of NH 530B/ Design Km. 123.100 of NH 530B,2290,2223.71,1027.01,77,1173.0,3.1129363449691994,0.969309462915601,19.930946291560105,0.44847598253275106,13.166794871794872,2023.0,3.0,9.0,0.36155202821869487,0.7318840579710145,0.36155202821869487,0.7318840579710145,-2.8947598253275095,0.0,6.340341655716163,1.0
659,Roads & Highways,Ministry of Road Transport & Highways,618661,4L from km 0.000 to 42.040 Bhopal Ratnaigiri Tiraha to Vidisha Morikodi,1032,1038.18,179.87,20,1120.0,1.5304585900068446,0.49910714285714286,29.910714285714285,0.17429263565891473,8.565238095238096,2024.0,10.0,6.0,0.36155202821869487,0.7329192546583851,0.36155202821869487,0.7329192546583851,0.5988372093023318,0.0,0.0,0.0
660,Roads & Highways,Ministry of Road Transport & Highways,618830,4L from Km 147.450 Bhogu to Km 196.870 Sankha on NH-75 Sec-III,1518,1652.09,1131.52,77,1132.0,3.572895277207392,1.1528268551236749,38.28268551236749,0.7454018445322793,14.506666666666666,2022.0,10.0,8.0,0.35978835978835977,0.7318840579710145,0.35978835978835977,0.7318840579710145,8.833333333333329,1.0,16.68856767411301,1.0
661,Roads & Highways,Ministry of Road Transport & Highways,618832,4L from Km 55.00 Kuru to Km 95.400 Udaipura on NH-75 Sec-I,1275,,253.64,11,1426.0,2.206707734428474,0.5652173913043478,45.52173913043478,0.19893333333333332,21.136666666666667,2024.0,2.0,7.0,0.3609154929577465,0.7329192546583851,0.3609154929577465,0.7329192546583851,,,0.0,0.0
662,Roads & Highways,Ministry of Road Transport & Highways,618831,4L from Km 95.400 Udaipura to Km 147.450 Bhogu on NH-75 Sec-II,1437,1301.54,419.62,29,1295.0,3.1019849418206706,0.8749034749034749,58.49034749034749,0.29201113430758524,13.987333333333334,2023.0,3.0,7.0,0.36155202821869487,0.7318840579710145,0.36155202821869487,0.7318840579710145,-9.42658315935978,0.0,5.683311432325887,1.0
663,Roads & Highways,Ministry of Road Transport & Highways,618705,"4L Godibandha to Ballhar Chhak, Ballhar Chhak to Banarpal & Banarpal to Start of Angul bypass at Km.314.130 to Km.321.035 of NH53, at Km.75.200 to Km.84.000 of NH149 & at Km.84.000 to Km.86.100 of NH55",973,,241.06,5,1153.0,1.3388090349075976,0.4241110147441457,37.41110147441457,0.24774922918807812,40.17666666666667,2024.0,12.0,6.0,0.3609154929577465,0.7329192546583851,0.3609154929577465,0.7329192546583851,,,0.0,0.0
664,Roads & Highways,Ministry of Road Transport & Highways,618566,4L Green Field Northern East side Gorakhpur Bypass 26.616 Kms starting from NH-29E Chainage 83.308 and end at NH-28 Chainage 285.100,1974,1244.44,1035.52,74,1039.0,3.167693360711841,1.1135707410972089,37.357074109720884,0.524579533941236,13.806933333333333,2023.0,2.0,9.0,0.36155202821869487,0.7318840579710145,0.36155202821869487,0.7318840579710145,-36.958459979736574,0.0,12.943495400788436,1.0
665,Roads & Highways,Ministry of Road Transport & Highways,618739,4L Greenfield Alignment of Amas to Shivrampur from 0.000 Km. to 55.002 Km. of NH 119 D Pkg-I,1391,1427.43,642.43,55,1152.0,4.240930869267625,1.3446180555555556,79.46180555555557,0.46184759166067574,11.471964285714284,2022.0,2.0,7.0,0.36155202821869487,0.7318840579710145,0.36155202821869487,0.7318840579710145,2.618979151689437,0.0,28.02233902759527,1.0
666,Roads & Highways,Ministry of Road Transport & Highways,618740,4L Greenfield Alignment of Shivrampur to Ramnagar from Km. 55.002 to Km. 109.300 of NH 119 D Pkg-II,1494,1546.07,702.39,51,1247.0,4.238193018480493,1.2413793103448276,73.13793103448276,0.470140562248996,13.5075,2022.0,2.0,8.0,0.36155202821869487,0.7318840579710145,0.36155202821869487,0.7318840579710145,3.485274431057559,0.0,28.90932982917214,1.0
667,Roads & Highways,Ministry of Road Transport & Highways,618807,"4L Greenfield Road connecting North and South industrial cluster of Khandaleru Creek near Krishnapatnam port at Thamminapatnam to Mollur from Km 0.0 to Km 16.046, Part I & 6L extension of dedicated port road of NH-67 Km 18.0 to Km 19.3, Part II",609,559.98,579.22,84,1127.0,3.682409308692676,1.1934338952972494,35.343389529724945,0.9511001642036125,6.8143529411764705,2022.0,8.0,4.0,0.36155202821869487,0.7318840579710145,0.36155202821869487,0.7318840579710145,-8.049261083743838,0.0,16.228646517739815,1.0
668,Roads & Highways,Ministry of Road Transport & Highways,618654,4L Greenfield Rudhi to Deshgaon Pkg V of Betul-Khandwa/Deshgaon,521,469.68,199.48,64,1066.0,3.485284052019165,1.1941838649155723,55.41838649155723,0.38287907869481763,3.0689230769230766,2022.0,11.0,3.0,0.36155202821869487,0.7318840579710145,0.36155202821869487,0.7318840579710145,-9.85028790786948,0.0,22.601839684625492,1.0
669,Roads & Highways,Ministry of Road Transport & Highways,618917,4L Greenfield starting from NH-30 near Saristabad Patna to Nathupur Project end point of Patna-Gaya-Dobhi Section of NH-83,488,419.66,101.06,88,772.0,2.7871321013004793,1.3186528497409327,43.86528497409327,0.20709016393442622,1.135505617977528,2023.0,7.0,3.0,0.36155202821869487,0.7318840579710145,0.36155202821869487,0.7318840579710145,-14.004098360655732,0.0,12.614980289093298,1.0
670,Roads & Highways,Ministry of Road Transport & Highways,618911,4L Greenfield Western Side spur of Rampur-Rudrapur Section from Km 0.000 to Km 13.700 connecting NH-24 to NH-87 bypassing rampur town,646,637.83,369.67,64,1063.0,4.399726214921286,1.5117591721542802,87.17591721542803,0.5722445820433437,5.687230769230769,2021.0,12.0,4.0,0.36155202821869487,0.7318840579710145,0.36155202821869487,0.7318840579710145,-1.264705882352935,0.0,27.8580814717477,1.0
671,Roads & Highways,Ministry of Road Transport & Highways,619093,4L Ismailabad to Ambala Section of NH-152 Lot-4/Package-1,609,454.34,308.0,76,1012.0,3.167693360711841,1.1432806324110671,38.32806324110672,0.5057471264367817,4.0,2023.0,2.0,4.0,0.36155202821869487,0.7318840579710145,0.36155202821869487,0.7318840579710145,-25.395730706075536,0.0,14.750328515111695,1.0
672,Roads & Highways,Ministry of Road Transport & Highways,618867,4L Kasganj-Badaun Section from Km. 123.100 to Km. 179.500 Pkg-III of NH530B,2009,1936.61,590.99,40,1523.0,3.0910335386721424,0.7413000656598818,34.13000656598818,0.2941712294673967,14.414390243902439,2023.0,3.0,9.0,0.36155202821869487,0.7318840579710145,0.36155202821869487,0.7318840579710145,-3.6032852165256397,0.0,7.09592641261498,1.0
673,Roads & Highways,Ministry of Road Transport & Highways,619292,4L Medinipur to Ballupur from Km. 458.65 to Km. 487.65 of NH-07Pkg-2,1093,1072.5,739.13,94,1055.0,4.084873374401095,1.414218009478673,47.4218009478673,0.6762397072278133,7.7803157894736845,2022.0,3.0,6.0,0.36155202821869487,0.7318840579710145,0.36155202821869487,0.7318840579710145,-1.8755718206770355,0.0,17.871222076215506,1.0
674,Roads & Highways,Ministry of Road Transport & Highways,618588,4L Mitigation Measure structures on CH/MH Border to Wainganga Bridge Section of NH-6 New NH-53,540,468.92,464.29,100,1004.0,5.2265571526351815,1.901394422310757,90.13944223107572,0.8597962962962963,4.596930693069307,2021.0,2.0,3.0,0.36155202821869487,0.7318840579710145,0.36155202821869487,0.7318840579710145,-13.16296296296296,0.0,33.77135348226018,1.0
675,Roads & Highways,Ministry of Road Transport & Highways,618735,4L of Chandesara to Khedakhajuriya from Km. 0.000 to - 750 & Km 0.000 to km 41.400 of NH-148NG Pkg-I,910,976.55,587.81,99,886.0,4.339493497604381,1.7889390519187358,79.89390519187359,0.6459450549450548,5.8781,2021.0,12.0,5.0,0.35978835978835977,0.7318840579710145,0.35978835978835977,0.7318840579710145,7.3131868131868085,1.0,27.989487516425754,1.0
676,Roads & Highways,Ministry of Road Transport & Highways,619073,4L of 42.000 to km 80.00 of Dodaballapur Bypass to Hoskote section of NH-648 Old NH-207 [Bangalore Ring Road Pkg 2],1318,1846.52,1367.2,99,1089.0,6.168377823408624,2.068870523415978,107.88705234159781,1.0373292867981792,13.672,2020.0,2.0,7.0,0.35978835978835977,0.7318840579710145,0.35978835978835977,0.7318840579710145,40.10015174506829,1.0,43.26544021024967,1.0
677,Roads & Highways,Ministry of Road Transport & Highways,618702,4L of Addahole Near Gundya to Bantwal Cross section Pkg-02 from Design Km 270.270 to Design km 318.55 including flyover at Kalladka Town including approaches from Km. 311.57 to Km. 313.67 of NH-75 Old NH-48,1660,1318.24,1452.0,94,1064.0,5.349760438056126,1.836466165413534,89.64661654135338,0.8746987951807229,15.284210526315789,2020.0,12.0,8.0,0.36155202821869487,0.7318840579710145,0.36155202821869487,0.7318840579710145,-20.587951807228915,0.0,41.22864651773981,1.0
678,Roads & Highways,Ministry of Road Transport & Highways,618906,4L of Amritsar-Ghoman - Tanda - Una Section from Km 8.270 to Km 54.000 of NH-503A Package-I,858,1443.47,772.91,69,1274.0,5.349760438056126,1.5337519623233908,84.37519623233908,0.9008275058275058,11.041571428571428,2020.0,12.0,5.0,0.35978835978835977,0.7318840579710145,0.35978835978835977,0.7318840579710145,68.23659673659674,1.0,33.3442838370565,1.0
679,Roads & Highways,Ministry of Road Transport & Highways,618941,4L of Bamni - Rajura - Warur - Devada upto M.S. Border of NH - 930D from km 19.000 to km 51.985,968,1187.19,826.96,78,1458.0,4.084873374401095,1.0233196159122084,24.331961591220846,0.854297520661157,10.467848101265822,2022.0,3.0,6.0,0.35978835978835977,0.7318840579710145,0.35978835978835977,0.7318840579710145,22.64359504132232,1.0,9.165571616294349,1.0
680,Roads & Highways,Ministry of Road Transport & Highways,619163,4L of Baramati to Indapur Pkg-II from km. 41.400 to km. 84.550 of NH-965G Saint Tukaram Marg,1471,1297.48,1071.0,86,966.0,5.286789869952088,1.9989648033126295,113.89648033126295,0.7280761386811693,12.310344827586206,2021.0,1.0,8.0,0.36155202821869487,0.7318840579710145,0.36155202821869487,0.7318840579710145,-11.796057104010876,0.0,39.7503285151117,1.0
681,Roads & Highways,Ministry of Road Transport & Highways,618782,4L of Bareilly-Pilibhit-Sitarganj from Km. 0.000 to Km. 32.500 of NH-30 Pkg-1,1394,1394.14,622.58,64,1134.0,3.2361396303901437,1.0423280423280423,40.23280423280423,0.4466140602582497,9.578153846153846,2023.0,2.0,7.0,0.36155202821869487,0.7318840579710145,0.36155202821869487,0.7318840579710145,0.010043041606893833,0.0,12.582128777923783,1.0
682,Roads & Highways,Ministry of Road Transport & Highways,618949,4L of Basukinath- Deoghar Section of NH-114A,1445,1553.76,781.51,91,1192.0,3.646817248459959,1.1174496644295302,20.744966442953015,0.5408373702422146,8.494673913043478,2022.0,9.0,8.0,0.35978835978835977,0.7318840579710145,0.35978835978835977,0.7318840579710145,7.526643598615916,1.0,8.639947437582128,1.0
683,Roads & Highways,Ministry of Road Transport & Highways,618809,4L of Beas-Mehta-Batala-Dera Baba Nanak from intersection with Jalandhar-Amritsar Highway NH-3 near Beas till start of Batala Bypass near Village Acchhal from Km. 0.000 to Km. 31.300 Pkg-1,810,966.99,670.85,68,1405.0,4.70362765229295,1.2227758007117437,54.27758007117437,0.8282098765432099,9.722463768115942,2021.0,8.0,5.0,0.35978835978835977,0.7318840579710145,0.35978835978835977,0.7318840579710145,19.381481481481483,1.0,23.291721419185283,1.0
684,Roads & Highways,Ministry of Road Transport & Highways,618887,4L of Bettadahalli- Shivamogga section from Km.170.415 to km. 226.750 of NH-206 Tumkur- Shivamogga Pkg-IV,2083,2545.11,1645.24,84,1731.0,7.268993839835729,1.533795493934142,69.37954939341421,0.7898415746519443,19.355764705882354,2019.0,1.0,9.0,0.35978835978835977,0.7318840579710145,0.35978835978835977,0.7318840579710145,22.184829572731644,1.0,41.36005256241787,1.0
685,Roads & Highways,Ministry of Road Transport & Highways,618889,"4L of Bhangbar Near Ranital to Kangra Bypass Section of Old NH-88 New NH-303,503 up to Intersection with NH-154 from Km 175.270 to Km 193.400 Pkg-VB",1323,1829.49,1102.58,97,1380.0,5.117043121149897,1.3543478260869566,38.434782608695656,0.8333938019652305,11.250816326530611,2021.0,3.0,7.0,0.35978835978835977,0.7318840579710145,0.35978835978835977,0.7318840579710145,38.28344671201814,1.0,21.090670170827856,1.0
686,Roads & Highways,Ministry of Road Transport & Highways,618639,4L of Bilaspur to Urga km 0.00 to 70.2 of NH-130A,1856,2523.86,1470.78,95,1427.0,6.006844626967831,1.5374912403644008,58.749124036440065,0.7924461206896551,15.320625,2020.0,4.0,9.0,0.35978835978835977,0.7318840579710145,0.35978835978835977,0.7318840579710145,35.983836206896555,1.0,33.24572930354796,1.0
687,Roads & Highways,Ministry of Road Transport & Highways,618962,4L of Budhni to Shahganj Bypass End Package-III of NH-146B from Km. 73.750 to Km. 102.000,1103,770.21,196.68,28,1258.0,2.1464750171115674,0.6232114467408585,34.32114467408585,0.17831368993653673,6.782068965517242,2024.0,3.0,6.0,0.36155202821869487,0.7329192546583851,0.36155202821869487,0.7329192546583851,-30.171350861287394,0.0,0.0,0.0
688,Roads & Highways,Ministry of Road Transport & Highways,619214,4L of Channarayapatna Bypass and Hassan Bypass with structures in Devihalli - Hassan section,688,684.54,600.43,82,994.0,6.0013689253935665,2.2052313883299797,138.52313883299797,0.8727180232558139,7.234096385542168,2020.0,4.0,4.0,0.36155202821869487,0.7318840579710145,0.36155202821869487,0.7318840579710145,-0.5029069767441914,0.0,45.400788436268066,1.0
689,Roads & Highways,Ministry of Road Transport & Highways,618668,4L of Chowka to Kaimaha near MP/UP Border section NH-34 from D. Ch. 145.000 to D. Ch. 197.266 excluding existing Chhatarpur bypass from D. Ch. 160.307 to D. Ch. 168.630 Package-4,996,846.68,312.98,49,1068.0,1.5304585900068446,0.5234082397003745,3.340823970037455,0.3142369477911647,6.259600000000001,2024.0,10.0,6.0,0.36155202821869487,0.7329192546583851,0.36155202821869487,0.7329192546583851,-14.991967871485947,0.0,-13.436268068331144,0.0
690,Roads & Highways,Ministry of Road Transport & Highways,618616,4L of Dhrol bypass section of NH-151A Approx. length 5.7 Km & widening upto 4 laning of missing link of Amran section of NH-151A Approx. length 6.55 Km from existing Ch. 42000 to 48500 of ongoing Dhrol-Bhadra-Pipaliya section of NH-151A,626,455.54,151.99,35,1063.0,2.1492128678986995,0.7384760112888052,38.84760112888053,0.24279552715654953,4.2219444444444445,2024.0,3.0,4.0,0.36155202821869487,0.7329192546583851,0.36155202821869487,0.7329192546583851,-27.230031948881784,0.0,0.0,0.0
691,Roads & Highways,Ministry of Road Transport & Highways,618810,4L of existing Beas Baba Bakala - Dera Baba Nanak Section from start of Batala Bypass till intersection with Ajnala Gurdaspur Highway NH 354 near Dera Baba Nanak from Km. 31.300 to Km. 69.100 with Additional batala Bypass Pkg-II,1003,993.6,800.86,81,1339.0,4.522929500342231,1.2337565347274084,42.37565347274084,0.7984646061814556,9.76658536585366,2021.0,10.0,6.0,0.36155202821869487,0.7318840579710145,0.36155202821869487,0.7318840579710145,-0.9371884346959101,0.0,21.28777923784494,1.0
692,Roads & Highways,Ministry of Road Transport & Highways,618542,4L of existing Wayul Ganderbal Pandach Soura section of old NH-1 as a part of Srinagar Ring Road Phase IIA,828,,265.02,0,1249.0,1.3689253935660506,0.400320256204964,40.0320256204964,0.32007246376811593,265.02,2024.0,12.0,5.0,0.3609154929577465,0.7329192546583851,0.3609154929577465,0.7329192546583851,,,0.0,0.0
693,Roads & Highways,Ministry of Road Transport & Highways,618793,4L of Fazilka to Abohar section of NH-07 including construction of Greenfield Abohar & Fazilka Bypasses,1410,1674.04,913.89,67,1128.0,3.132101300479124,1.0141843971631206,34.418439716312065,0.6481489361702127,13.439558823529412,2023.0,3.0,7.0,0.35978835978835977,0.7318840579710145,0.35978835978835977,0.7318840579710145,18.72624113475177,1.0,16.557161629434955,1.0
694,Roads & Highways,Ministry of Road Transport & Highways,618645,4L of Gola-BokaroJaina More section from Km 53.600 to Km 21.110 of NH-320PKG-1,1008,1030.64,617.85,78,1216.0,4.175222450376454,1.254111842105263,47.4111842105263,0.6129464285714286,7.8208860759493675,2022.0,2.0,6.0,0.36155202821869487,0.7318840579710145,0.36155202821869487,0.7318840579710145,2.246031746031756,0.0,16.1957950065703,1.0
695,Roads & Highways,Ministry of Road Transport & Highways,619127,4L of Greenfield Alignment from Km. 47.000 to Km. 89.210 of Balbhadarpur to Bela Nawda Section of NH-119D,2186,2118.46,764.97,30,1441.0,4.084873374401095,1.0353920888272032,73.53920888272032,0.3499405306495883,24.676451612903225,2022.0,3.0,9.0,0.36155202821869487,0.7318840579710145,0.36155202821869487,0.7318840579710145,-3.0896614821591935,0.0,24.704336399474375,1.0
696,Roads & Highways,Ministry of Road Transport & Highways,618776,4L of Greenfield section from Sirhind to Mohali,1238,1301.15,1391.6,99,1140.0,4.101300479123887,1.3140350877192983,32.403508771929836,1.124071082390953,13.915999999999999,2022.0,3.0,7.0,0.35978835978835977,0.7318840579710145,0.35978835978835977,0.7318840579710145,5.100969305331186,1.0,16.78712220762155,1.0
697,Roads & Highways,Ministry of Road Transport & Highways,619317,4L of Hajipur-Muzaffarpur Section of the existing NH-77 from Km. 0000 Ramashish Chowk to Km. 46300 and new bypass starting at Km. 46300 and connecting NH-28 of E-W Corridor at Km. 515045,2723,2906.78,2160.8,99,909.0,15.715263518138261,6.3146314631463145,532.4631463146314,0.7935365405802425,21.608,2010.0,8.0,9.0,0.35978835978835977,0.7318840579710145,0.35978835978835977,0.7318840579710145,6.749173705471913,1.0,163.73193166885676,1.0
698,Roads & Highways,Ministry of Road Transport & Highways,618875,4L of Haridwar Nagina section Design Ch. LME from km 13.829 to km 17.110 & km 26.077 to km 27.508 and Design Ch. RME from km 13.839 to km 17.120 & km 26.078 to km 27.509 of EUP mitigation measures on NH74,184,142.11,119.67,70,832.0,4.4490075290896645,1.953125,125.3125,0.6503804347826087,1.685492957746479,2021.0,11.0,0.0,0.36155202821869487,0.7318840579710145,0.36155202821869487,0.7318840579710145,-22.76630434782608,0.0,34.06701708278581,1.0
699,Roads & Highways,Ministry of Road Transport & Highways,619217,4L of Haridwar-Nagina section from km. 0.00 to km. 71.614 of NH-74,1659,1622.49,1546.89,100,1695.0,10.412046543463381,2.2436578171091446,124.36578171091446,0.9324231464737794,15.315742574257428,2015.0,12.0,8.0,0.36155202821869487,0.7318840579710145,0.36155202821869487,0.7318840579710145,-2.2007233273056053,0.0,72.76609724047306,1.0
700,Roads & Highways,Ministry of Road Transport & Highways,619153,4L of HP/Punjab Border - Mo from km. 11.00 to km. 42.00 of Old NH-20 New NH-154 Package-IA,1002,1363.04,819.72,69,1148.0,5.0951403148528405,1.6210801393728222,93.10801393728224,0.8180838323353293,11.710285714285714,2021.0,3.0,6.0,0.35978835978835977,0.7318840579710145,0.35978835978835977,0.7318840579710145,36.03193612774451,1.0,31.471747700394218,1.0
701,Roads & Highways,Ministry of Road Transport & Highways,618557,4L of Indora Chowk to Pachpaoli and Agrasen Chowk - Ashoka Chowk,1039,918.53,696.83,84,1198.0,3.1129363449691994,0.9490818030050083,10.908180300500831,0.6706737247353225,8.198,2023.0,3.0,6.0,0.36155202821869487,0.7329192546583851,0.36155202821869487,0.7329192546583851,-11.594802694898943,0.0,2.5295663600525624,0.0
702,Roads & Highways,Ministry of Road Transport & Highways,618622,4L of Indore - Boregaon Pkg-III [Balwara to Dhangaon] from km. 42.260 to km. 82.660 of NH347BG & 753L,1002,888.81,835.15,92,1186.0,5.270362765229295,1.6231028667790894,70.31028667790895,0.8334830339321357,8.98010752688172,2021.0,1.0,6.0,0.36155202821869487,0.7318840579710145,0.36155202821869487,0.7318840579710145,-11.296407185628748,0.0,29.894875164257556,1.0
703,Roads & Highways,Ministry of Road Transport & Highways,619092,4L of Jind-Gohana road Package-1 from km. 0.00 to km. 40.601 of NH-352 A under NHO,994,1606.82,1064.47,100,1275.0,7.260780287474333,2.08,108.0,1.0708953722334005,10.53930693069307,2019.0,1.0,6.0,0.35978835978835977,0.7318840579710145,0.35978835978835977,0.7318840579710145,61.65191146881287,1.0,48.25886990801577,1.0
704,Roads & Highways,Ministry of Road Transport & Highways,618633,4L of Kadapa China Orampadu section of NH-716 Package I of Kadapa-Renigunta section,1733,,106.39,5,1927.0,3.40041067761807,0.6445251686559419,59.45251686559419,0.06139065204847086,17.731666666666666,2022.0,12.0,8.0,0.3609154929577465,0.7329192546583851,0.3609154929577465,0.7329192546583851,,,-0.0328515111695138,0.0
705,Roads & Highways,Ministry of Road Transport & Highways,618765,4L of Karimnagar-Warangal section from km 49.500 to km 117.820 of NH-563,2147,2486.51,1272.62,92,1225.0,4.142368240930869,1.2351020408163265,31.51020408163265,0.5927433628318584,13.684086021505376,2022.0,3.0,9.0,0.35978835978835977,0.7318840579710145,0.35978835978835977,0.7318840579710145,15.813227759664658,1.0,13.501971090670171,1.0
706,Roads & Highways,Ministry of Road Transport & Highways,618838,4L of Karwar Km. 281.980 of NH-62 Nagaur road to Dangiyavas of Jodhpur Ring Road Pkg-II,737,512.77,463.98,100,1006.0,4.424366872005476,1.606361829025845,60.636182902584494,0.6295522388059702,4.593861386138614,2021.0,11.0,4.0,0.36155202821869487,0.7318840579710145,0.36155202821869487,0.7318840579710145,-30.4246947082768,0.0,24.080157687253614,1.0
707,Roads & Highways,Ministry of Road Transport & Highways,618921,4L of Kathlighat to Shakral Village from Km 128.835 to Km 146.300 of NH- 5 Shimla Bypass - Pkg I,1703,2648.8,1182.61,64,1492.0,4.1095140314852845,1.0060321715817695,36.603217158176946,0.6944274809160305,18.194,2022.0,3.0,8.0,0.35978835978835977,0.7318840579710145,0.35978835978835977,0.7318840579710145,55.53728714034059,1.0,14.750328515111695,1.0
708,Roads & Highways,Ministry of Road Transport & Highways,618584,4L of Kishanganj - Bahadurganj section from Km. 0.000 to Km. 23.649 & interchange at Start Point Length - 1.200 Km of NH-27,963,855.56,181.12,20,1056.0,1.2539356605065024,0.4337121212121212,23.371212121212125,0.18807892004153687,8.624761904761906,2025.0,1.0,5.0,0.36155202821869487,0.7329192546583851,0.36155202821869487,0.7329192546583851,-11.156801661474566,0.0,0.0,0.0
709,Roads & Highways,Ministry of Road Transport & Highways,618520,4L of km 0.00 to km 42.00 of Dobbaspet to Doddaballapura Bypass section of NH-648 old NH-207] [Bangalore Ring Road Pkg 1],1439,1786.57,1294.84,99,980.0,5.716632443531828,2.130612244897959,114.0612244897959,0.8998193189715079,12.9484,2020.0,8.0,8.0,0.35978835978835977,0.7318840579710145,0.35978835978835977,0.7318840579710145,24.153578874218205,1.0,41.4257555847569,1.0
710,Roads & Highways,Ministry of Road Transport & Highways,618545,"4L of Km.165.092 to Km.171.855 North Bound and from Km.166.895 to Km.173.638 South Bound, excl. certain reaches of North Bound and South Bound of Ramban to Banihal Pkg-III of Old NH-1A New NH-44",614,444.76,306.05,43,1111.0,4.780287474332649,1.5715571557155716,114.15571557155715,0.4984527687296417,6.9556818181818185,2021.0,7.0,4.0,0.36155202821869487,0.7318840579710145,0.36155202821869487,0.7318840579710145,-27.56351791530945,0.0,34.85545335085414,1.0
711,Roads & Highways,Ministry of Road Transport & Highways,618945,4L of Kodad Design Km 0.00/Existing Km 185.00 of NH-65 to Khammam Design Km 31.800/Existing Km 29.400 of NH-365A,1149,1606.99,871.58,100,1225.0,5.2676249144421625,1.5706122448979591,57.061224489795904,0.7585552654482158,8.62950495049505,2021.0,1.0,6.0,0.35978835978835977,0.7318840579710145,0.35978835978835977,0.7318840579710145,39.859878154917325,1.0,27.003942181340342,1.0
712,Roads & Highways,Ministry of Road Transport & Highways,618608,4L of left-over works including additional structures from Kerala/Tamil Nadu border to Kanyakumari Section from Km 43.0 to Km 96.174 of NH66,1564,1263.42,980.14,82,996.0,3.4715947980835042,1.2730923694779117,45.30923694779118,0.626687979539642,11.808915662650602,2022.0,11.0,8.0,0.36155202821869487,0.7318840579710145,0.36155202821869487,0.7318840579710145,-19.218670076726337,0.0,16.98423127463863,1.0
713,Roads & Highways,Ministry of Road Transport & Highways,618709,4L of Left-Over Works of Hospet-Bellary -Karnataka/AP border from Km.280.080 Dec.Ch. to Km.375450Des.Ch. of NH-63 New-67,1340,992.6,929.02,93,800.0,3.1512662559890487,1.43875,50.875,0.6932985074626865,9.883191489361701,2023.0,3.0,7.0,0.36155202821869487,0.7318840579710145,0.36155202821869487,0.7318840579710145,-25.925373134328357,0.0,34.88830486202365,1.0
714,Roads & Highways,Ministry of Road Transport & Highways,618778,4L of Madanapalle to Pileru Section from Km 0.000 to Km 55.900 of NH-71Package-I,1877,1994.1,1182.65,95,1054.0,4.180698151950718,1.4487666034155597,49.876660341555976,0.6300745871070859,12.319270833333334,2022.0,2.0,9.0,0.35978835978835977,0.7318840579710145,0.35978835978835977,0.7318840579710145,6.238678742674476,1.0,19.579500657030223,1.0
715,Roads & Highways,Ministry of Road Transport & Highways,618894,4L of Madathukulam - Pollachi from km. 74.38 to km. 116.95 of old NH-209 New NH-83,1772,1772.13,1062.67,98,1411.0,7.268993839835729,1.881644223954642,90.16442239546421,0.5997009029345373,10.734040404040405,2019.0,1.0,8.0,0.36155202821869487,0.7318840579710145,0.36155202821869487,0.7318840579710145,0.007336343115130313,0.0,45.893561103810775,1.0
716,Roads & Highways,Ministry of Road Transport & Highways,618563,4L of Madurai Ring Road Phase 1 [Vadipatti-Thamrapatti] from km 0.00 - km 29.960,900,900.05,903.57,99,1195.0,7.397672826830938,2.2610878661087868,127.10878661087867,1.0039666666666667,9.0357,2018.0,12.0,5.0,0.36155202821869487,0.7318840579710145,0.36155202821869487,0.7318840579710145,0.0055555555555505025,0.0,53.022339027595265,1.0
717,Roads & Highways,Ministry of Road Transport & Highways,618929,4L of Moradabad western side spur connecting NH-734 & NH-24 from Km. 0.000 to Km. 33.200 Pkg-I,1842,1843.54,1132.25,83,1050.0,3.490759753593429,1.2142857142857142,38.428571428571416,0.614685124864278,13.479166666666666,2022.0,11.0,8.0,0.36155202821869487,0.7318840579710145,0.36155202821869487,0.7318840579710145,0.08360477741585036,0.0,15.440210249671484,1.0
718,Roads & Highways,Ministry of Road Transport & Highways,618927,4L of Moradabad-Thakurdwara-Kashipur Section from Km. 0.000 to Km. 38.77 of NH-734 Pkg-II,2007,1890.05,981.64,55,1254.0,3.561943874058864,1.0374800637958532,48.74800637958532,0.4891081215744893,17.529285714285713,2022.0,10.0,9.0,0.36155202821869487,0.7318840579710145,0.36155202821869487,0.7318840579710145,-5.82710513203787,0.0,15.538764783180026,1.0
719,Roads & Highways,Ministry of Road Transport & Highways,619307,4L of Munger Mirzachauki section from Km 157350 to Km 193931 Pkg-4,1377,1481.58,893.34,93,1289.0,5.234770704996578,1.4833204034134988,55.33204034134988,0.6487581699346405,9.503617021276597,2021.0,2.0,7.0,0.35978835978835977,0.7318840579710145,0.35978835978835977,0.7318840579710145,7.594771241830061,1.0,24.50722733245729,1.0
720,Roads & Highways,Ministry of Road Transport & Highways,619306,4L of Munger Mirzachauki section from Km 95580 to Km 125000 Pkg-2,1021,1235.65,643.0,96,1124.0,5.215605749486653,1.6948398576512456,73.48398576512454,0.6297747306562194,6.628865979381444,2021.0,2.0,6.0,0.35978835978835977,0.7318840579710145,0.35978835978835977,0.7318840579710145,21.02350636630755,1.0,29.33639947437582,1.0
721,Roads & Highways,Ministry of Road Transport & Highways,619289,4L of Munger Mirzachauki section from Munger to Kharia village junction from Km 69520 to Km 95580 Pkg-1,1660,1696.66,685.48,83,1157.0,5.25119780971937,1.6577355229040622,82.77355229040623,0.4129397590361446,8.16047619047619,2021.0,1.0,8.0,0.36155202821869487,0.7318840579710145,0.36155202821869487,0.7318840579710145,2.208433734939764,0.0,31.044678055190538,1.0
722,Roads & Highways,Ministry of Road Transport & Highways,619305,4L of Munger Mirzachauki section from start of existing Bhagalpur bypass to Rasulpur from Km 125000 to Km 157350 Pkg-3,1770,2024.59,675.5,77,1170.0,5.25119780971937,1.6393162393162393,86.93162393162393,0.38163841807909604,8.66025641025641,2021.0,1.0,8.0,0.35978835978835977,0.7318840579710145,0.35978835978835977,0.7318840579710145,14.383615819209034,1.0,32.6215505913272,1.0
723,Roads & Highways,Ministry of Road Transport & Highways,618937,4L of Nagpur-Katol Section from Km. 13.00 to Km. 62.900 of NH-353J,1167,1432.82,1181.42,82,989.0,5.212867898699521,1.9251769464105157,110.51769464105158,1.01235646958012,14.233975903614459,2021.0,2.0,6.0,0.35978835978835977,0.7318840579710145,0.35978835978835977,0.7318840579710145,22.77806341045415,1.0,41.06438896189225,1.0
724,Roads & Highways,Ministry of Road Transport & Highways,619162,4L of Najibabad Bypass from Km. 105.423 to Km. 118.373 excluding 2.45 Km. of NH-74 Bypass of NH-119,578,566.9,440.93,100,892.0,4.301163586584531,1.7612107623318385,76.12107623318386,0.7628546712802768,4.365643564356436,2022.0,1.0,3.0,0.36155202821869487,0.7318840579710145,0.36155202821869487,0.7318840579710145,-1.920415224913499,0.0,25.821287779237842,1.0
725,Roads & Highways,Ministry of Road Transport & Highways,618667,4L of near Satai Ghat to Chowka section of NH-34 from D. Ch. 89.875 to D. Ch. 145.000 Package-3,1006,882.21,193.4,38,1104.0,1.5304585900068446,0.5063405797101449,12.634057971014492,0.1922465208747515,4.958974358974359,2024.0,10.0,6.0,0.36155202821869487,0.7329192546583851,0.36155202821869487,0.7329192546583851,-12.305168986083496,0.0,-0.0328515111695138,0.0
726,Roads & Highways,Ministry of Road Transport & Highways,618947,4L of NH-80 from km 215.00 to km 260.00 Mirza Chauki to Farkka Pkg-I,1505,1508.21,1038.65,92,1928.0,8.101300479123887,1.5347510373443984,61.47510373443984,0.6901328903654486,11.168279569892475,2018.0,3.0,8.0,0.36155202821869487,0.7318840579710145,0.36155202821869487,0.7318840579710145,0.21328903654485293,0.0,39.91458607095926,1.0
727,Roads & Highways,Ministry of Road Transport & Highways,618948,4L of NH-80 section of Mirza Chauki to Farakka section from existing km 190.00 to design km 200.75 junction at km 3.100 of NH 133 B and from existing km 260.00 to existing km 283.00 design km 274.133 in the state of Jharkhand package - II,782,,224.06,9,1068.0,1.1690622861054072,0.399812734082397,30.9812734082397,0.28652173913043477,22.406,2025.0,2.0,5.0,0.3609154929577465,0.7329192546583851,0.3609154929577465,0.7329192546583851,,,0.0,0.0
728,Roads & Highways,Ministry of Road Transport & Highways,618644,4L of Ormanjhi-Gola section from Km 81.450 to Km 53.600 of NH- 320BPKG-II,1215,1462.19,993.6,87,1208.0,4.167008898015058,1.259933774834437,38.99337748344371,0.8177777777777778,11.290909090909091,2022.0,2.0,7.0,0.35978835978835977,0.7318840579710145,0.35978835978835977,0.7318840579710145,20.344855967078193,1.0,18.363994743758212,1.0
729,Roads & Highways,Ministry of Road Transport & Highways,618642,4L of Palma to Gumla from km. 26.00 to km. 89.170 of NH-23,1883,1895.75,1371.55,100,1488.0,6.154688569472964,1.510752688172043,51.07526881720429,0.7283855549654806,13.57970297029703,2020.0,3.0,9.0,0.36155202821869487,0.7318840579710145,0.36155202821869487,0.7318840579710145,0.6771109930961232,0.0,29.50065703022339,1.0
730,Roads & Highways,Ministry of Road Transport & Highways,618646,4L of Pathalgaon-Kunkuri-CG/JH Border section of NH-43 from Km. 00.000 to Km.104.250,3147,,0.03,0,1708.0,1.7412731006160165,0.37236533957845436,37.23653395784544,9.532888465204957e-06,0.03,2024.0,8.0,9.0,0.3609154929577465,0.7329192546583851,0.3609154929577465,0.7329192546583851,,,0.0,0.0
731,Roads & Highways,Ministry of Road Transport & Highways,618786,4L of Phagwara - Hoshiarpur,1196,1503.79,556.23,20,1602.0,3.4715947980835042,0.7915106117353309,59.151061173533094,0.4650752508361204,26.487142857142857,2022.0,11.0,7.0,0.35978835978835977,0.7318840579710145,0.35978835978835977,0.7318840579710145,25.734949832775918,1.0,4.040735873850197,1.0
732,Roads & Highways,Ministry of Road Transport & Highways,618777,4L of Pileru to Kalur Section from Km 55.900 to Km 92.800 & Km 94.500 to Km 95.717 of NH-71Package-II,1877,592.85,246.42,99,1348.0,4.136892539356605,1.120919881305638,13.091988130563806,0.13128396377197654,2.4642,2022.0,3.0,9.0,0.36155202821869487,0.7318840579710145,0.36155202821869487,0.7318840579710145,-68.41502397442729,0.0,9.395532194480946,1.0
733,Roads & Highways,Ministry of Road Transport & Highways,618837,4L of Ratnagiri - Kolhapur section from km 112.340 to km 145.300 of NH-166 PkgIII,1939,1910.41,1079.17,69,1201.0,4.2217659137577,1.2839300582847626,59.39300582847625,0.5565600825167613,15.416714285714287,2022.0,2.0,9.0,0.36155202821869487,0.7318840579710145,0.36155202821869487,0.7318840579710145,-1.4744713769984485,0.0,19.48094612352168,1.0
734,Roads & Highways,Ministry of Road Transport & Highways,618836,4L of Ratnagiri - Kolhapur section from km 67.140 to km 112.340 of NH-166 Pkg II,1985,1798.0,1239.53,82,1198.0,4.213552361396304,1.2846410684474123,46.464106844741224,0.624448362720403,14.93409638554217,2022.0,2.0,9.0,0.36155202821869487,0.7318840579710145,0.36155202821869487,0.7318840579710145,-9.420654911838792,0.0,19.64520367936925,1.0
735,Roads & Highways,Ministry of Road Transport & Highways,619149,4L of Ratnagiri - Kolhapur section of NH-166 from km 0.000 to km 19.769 and km 31.000 to km 67.140 Pkg I,1774,2108.41,1444.74,97,1011.0,4.205338809034908,1.5192878338278932,54.928783382789334,0.8143968432919955,14.742244897959184,2022.0,2.0,8.0,0.35978835978835977,0.7318840579710145,0.35978835978835977,0.7318840579710145,18.850620067643735,1.0,24.277266754270695,1.0
736,Roads & Highways,Ministry of Road Transport & Highways,618952,4L of Sahibganj - Manihari Ganga Bridge including Manihari Bypass,1955,1978.01,2025.05,87,2940.0,9.544147843942506,1.1857142857142857,31.57142857142857,1.0358312020460358,23.011931818181818,2016.0,10.0,9.0,0.36155202821869487,0.7318840579710145,0.36155202821869487,0.7318840579710145,1.1769820971867004,0.0,35.972404730617605,1.0
737,Roads & Highways,Ministry of Road Transport & Highways,618896,4L of Sannur to Bikarnakatte section from Km 691.350 to Km 736.362 of NH-169 Karkala - Mangalore Package-III,1386,2038.71,1251.68,76,1294.0,5.100616016427105,1.4397217928902628,67.97217928902629,0.9030880230880232,16.255584415584416,2021.0,3.0,7.0,0.35978835978835977,0.7318840579710145,0.35978835978835977,0.7318840579710145,47.0930735930736,1.0,30.683311432325887,1.0
738,Roads & Highways,Ministry of Road Transport & Highways,618922,4L of Shakral Village to Dhalli Section from Km 146.300 to Km 156.560 Shimla Bypass - Pkg II and Shimla connectivity from Km 0.000 to Km 0.725 of NH-5,1956,2880.72,1505.86,60,1791.0,4.0629705681040384,0.8285873813512005,22.85873813512005,0.7698670756646216,24.68622950819672,2022.0,4.0,9.0,0.35978835978835977,0.7318840579710145,0.35978835978835977,0.7318840579710145,47.276073619631894,1.0,9.592641261498029,1.0
739,Roads & Highways,Ministry of Road Transport & Highways,618926,4L of Siwan- Masrakh section of Ram Janki Marg from Km 230.385 to Km 281.391 of NH-227A,1431,1927.04,504.03,11,1549.0,3.685147159479808,0.8689477081988379,75.89477081988379,0.3522222222222222,42.0025,2022.0,8.0,7.0,0.35978835978835977,0.7318840579710145,0.35978835978835977,0.7318840579710145,34.6638714185884,1.0,24.014454664914584,1.0
740,Roads & Highways,Ministry of Road Transport & Highways,618798,4L of Sonauli - Gorakhpur,2556,2275.43,1328.22,89,1167.0,4.347707049965777,1.3607540702656384,47.07540702656385,0.5196478873239436,14.758000000000001,2021.0,12.0,9.0,0.36155202821869487,0.7318840579710145,0.36155202821869487,0.7318840579710145,-10.97691705790298,0.0,18.85676741130092,1.0
741,Roads & Highways,Ministry of Road Transport & Highways,618744,4L of Thirumangalam to Vadugapatti section from km 0.000 to km 36.000 of NH-744,1077,791.6,685.52,96,1085.0,4.15605749486653,1.3990783410138248,43.90783410138249,0.6365088207985143,7.06721649484536,2022.0,3.0,6.0,0.36155202821869487,0.7318840579710145,0.36155202821869487,0.7318840579710145,-26.499535747446608,0.0,18.265440210249672,1.0
742,Roads & Highways,Ministry of Road Transport & Highways,619219,4L of Tumkur-Shimoga Pkg-II from Km 65.195 Karadi to Km 121.900 Banawara of NH-206,1506,1989.89,1298.78,100,1325.0,8.16974674880219,2.252075471698113,125.2075471698113,0.8624037184594954,12.859207920792079,2018.0,2.0,8.0,0.35978835978835977,0.7318840579710145,0.35978835978835977,0.7318840579710145,32.13081009296149,1.0,62.54927726675427,1.0
743,Roads & Highways,Ministry of Road Transport & Highways,618543,4L of twin tube tunnel configuration including approaches from Marog to Digdol from Km.154.210 to Km.158.650 North Bound and from Km.155.940 to Km.160.260 South Bound of Ramban to Banihal Pkg-I of Old NH-1A New NH-44,1912,1034.3,406.09,30,1491.0,4.7967145790554415,1.1750503018108651,87.50503018108651,0.21239016736401672,13.099677419354839,2021.0,7.0,9.0,0.36155202821869487,0.7318840579710145,0.36155202821869487,0.7318840579710145,-45.90481171548117,0.0,28.613666228646515,1.0
744,Roads & Highways,Ministry of Road Transport & Highways,618640,4L of Urga - Pathalgaon from Km. 70.200 to km. 157.745 of NH-130A,2261,2860.36,1120.45,82,1592.0,4.084873374401095,0.9371859296482412,11.718592964824126,0.49555506413091555,13.499397590361447,2022.0,3.0,9.0,0.35978835978835977,0.7329192546583851,0.35978835978835977,0.7329192546583851,26.50862450243256,1.0,0.7555847568988173,0.0
745,Roads & Highways,Ministry of Road Transport & Highways,618881,4L PS bijni to mandi section from Km 202.815 to Km 208.000 of NH-20 New NH-154 of Pathankot-Mandi Package-VB,1113,1112.39,547.08,35,1665.0,3.186858316221766,0.6990990990990991,34.90990990990991,0.49153638814016176,15.196666666666667,2023.0,2.0,6.0,0.36155202821869487,0.7329192546583851,0.36155202821869487,0.7329192546583851,-0.05480682839172507,0.0,0.0,0.0
746,Roads & Highways,Ministry of Road Transport & Highways,618901,4L PS Divided Carriageway from Patan Near Rajpur to Gojariya From Km 52.000 to Km 128.940 of NH-68,1181,1098.23,934.16,87,1190.0,4.405201916495551,1.3521008403361345,48.21008403361344,0.7909906858594411,10.615454545454545,2021.0,12.0,6.0,0.36155202821869487,0.7318840579710145,0.36155202821869487,0.7318840579710145,-7.008467400508042,0.0,20.795006570302235,1.0
747,Roads & Highways,Ministry of Road Transport & Highways,618931,4L PS from Ch. 179.780 in Bitada/Movi Village to Ch. 208.900 in Nasarpore Village of NH-56 Pkg-V,764,566.96,82.38,10,1729.0,3.159479808350445,0.6674378253325621,56.74378253325621,0.10782722513089005,7.489090909090908,2023.0,3.0,4.0,0.36155202821869487,0.7329192546583851,0.36155202821869487,0.7329192546583851,-25.790575916230363,0.0,0.0,0.0
748,Roads & Highways,Ministry of Road Transport & Highways,618930,4L PS from Ch. 94.030 in Jabugam Village to Ch. 132.320 in Dhamasiya Village of NH-56 Pkg-III,1188,898.0,179.47,26,1704.0,3.0937713894592744,0.6631455399061033,40.31455399061032,0.15106902356902357,6.647037037037037,2023.0,3.0,7.0,0.36155202821869487,0.7329192546583851,0.36155202821869487,0.7329192546583851,-24.410774410774412,0.0,0.0,0.0
749,Roads & Highways,Ministry of Road Transport & Highways,618891,4L PS from Kalar Bala Village to Nauni Chowk of NH 205 from Km 41.000 to Km 58.450,1244,786.91,145.72,31,1210.0,2.2806297056810405,0.6884297520661157,37.84297520661157,0.11713826366559485,4.55375,2024.0,1.0,7.0,0.36155202821869487,0.7318840579710145,0.36155202821869487,0.7318840579710145,-36.7435691318328,0.0,3.9421813403416555,1.0
750,Roads & Highways,Ministry of Road Transport & Highways,618871,4L PS from Near Guddehosur to Start of Kushalnagara Bypass to near Hemmige Village Periyapatna - Hassan Road Jn from Km. 122.200 to Km. 144.900 of NH-275 Pkg. II,910,896.42,325.85,15,1770.0,3.241615331964408,0.6689265536723163,51.89265536723164,0.3580769230769231,20.365625,2023.0,2.0,5.0,0.36155202821869487,0.7318840579710145,0.36155202821869487,0.7318840579710145,-1.4923076923076968,0.0,4.862023653088042,1.0
751,Roads & Highways,Ministry of Road Transport & Highways,618870,4L PS from near Hemmige Village Periyapatna - Hassan Road Jn. to near Hunsur - KR Nagar Jn section from Km. 144.900 to Km. 169.000 of NH-275 Pkg. III,884,1726.65,447.11,28,1515.0,3.2251882272416155,0.7775577557755775,49.755775577557756,0.5057805429864254,15.417586206896551,2023.0,2.0,5.0,0.35978835978835977,0.7318840579710145,0.35978835978835977,0.7318840579710145,95.32239819004525,1.0,9.756898817345597,1.0
752,Roads & Highways,Ministry of Road Transport & Highways,618872,4L PS from near Hunsur - KR Nagar Junction to near Yalachahalli village KR Nagara - Yelawala Road Junction fcrom Km 169.000 to Km 195.550 of NH-275 Pkg-IV,1063,952.03,272.55,20,1540.0,3.2197125256673513,0.7636363636363637,56.363636363636374,0.25639698965192853,12.97857142857143,2023.0,2.0,6.0,0.36155202821869487,0.7318840579710145,0.36155202821869487,0.7318840579710145,-10.439322671683916,0.0,10.90670170827858,1.0
753,Roads & Highways,Ministry of Road Transport & Highways,618873,4L PS from near Yalachahalli village KR Nagara - Yelawala Road junction to Srirangapatna Bypass Near Paschima Vahini from km 195.550 to Km 214.535 of NH-275 Pkg-V,1273,1203.2,462.59,17,1527.0,3.247091033538672,0.776686313032089,60.6686313032089,0.3633857030636292,25.699444444444442,2023.0,1.0,7.0,0.36155202821869487,0.7318840579710145,0.36155202821869487,0.7318840579710145,-5.483110761979573,0.0,12.187910643889618,1.0
754,Roads & Highways,Ministry of Road Transport & Highways,618759,4L PS Mydukur - Badvel from Km 585.820 to Km 630.960 of NH-67,1064,1103.87,585.79,90,1213.0,3.9315537303216974,1.1838417147568012,28.38417147568012,0.5505545112781954,6.437252747252747,2022.0,5.0,6.0,0.36155202821869487,0.7318840579710145,0.36155202821869487,0.7318840579710145,3.7471804511278095,0.0,13.370565045992116,1.0
755,Roads & Highways,Ministry of Road Transport & Highways,619080,4L PS of Ambala Ring Road of New NH-44,1093,1225.41,595.59,93,956.0,3.1704312114989732,1.211297071129707,28.129707112970706,0.5449130832570906,6.336063829787235,2023.0,2.0,6.0,0.35978835978835977,0.7318840579710145,0.35978835978835977,0.7318840579710145,12.114364135407143,1.0,11.103810775295663,1.0
756,Roads & Highways,Ministry of Road Transport & Highways,618791,4L PS under NH configuration of Manikpur-Sahebganj of NH-139W,1539,,595.95,28,1169.0,1.5304585900068446,0.47818648417450815,19.818648417450817,0.3872319688109162,20.55,2024.0,10.0,8.0,0.3609154929577465,0.7329192546583851,0.3609154929577465,0.7329192546583851,,,0.0,0.0
757,Roads & Highways,Ministry of Road Transport & Highways,618541,4L Ring road/bypass around Srinagar city from km 0.000 to km 42.100 Phase-I,2920,2604.76,1832.29,89,1067.0,5.160848733744011,1.7666354264292408,87.66354264292409,0.6274965753424657,20.358777777777778,2021.0,3.0,9.0,0.36155202821869487,0.7318840579710145,0.36155202821869487,0.7318840579710145,-10.795890410958897,0.0,32.91721419185282,1.0
758,Roads & Highways,Ministry of Road Transport & Highways,619101,4L Shahpur to Muktainagar from Km. 186.000 to km 216.278 of NH 753L Pkg II of Boregaon Buzurg to Muktainagar,784,659.52,330.42,64,1199.0,3.4113620807665983,1.0391993327773144,39.91993327773143,0.4214540816326531,5.083384615384616,2022.0,12.0,5.0,0.36155202821869487,0.7318840579710145,0.36155202821869487,0.7318840579710145,-15.877551020408164,0.0,7.555847568988173,1.0
759,Roads & Highways,Ministry of Road Transport & Highways,618761,4L Spur of Meerut-Garh-Mukteshwar section connecting NH-119 and NH-58 bypassing Meerut Town of NH 709 A,992,977.73,865.93,97,1228.0,4.561259411362081,1.3566775244299674,38.66775244299674,0.8729133064516128,8.836020408163265,2021.0,10.0,6.0,0.36155202821869487,0.7318840579710145,0.36155202821869487,0.7318840579710145,-1.4385080645161272,0.0,17.904073587385017,1.0
760,Roads & Highways,Ministry of Road Transport & Highways,619218,4L Tumkur-Shimoga Pkg-I from Mallasandra to Karadi village of NH-206 from Km. 12.300 to Km. 65.195,1364,1692.12,1336.55,100,1325.0,8.16974674880219,2.252075471698113,125.2075471698113,0.9798753665689149,13.233168316831684,2018.0,2.0,7.0,0.35978835978835977,0.7318840579710145,0.35978835978835977,0.7318840579710145,24.055718475073306,1.0,58.54139290407358,1.0
761,Roads & Highways,Ministry of Road Transport & Highways,618544,"4L twin tube tunnel including approaches from Digdol to Khuni Nallah North Bound connecting with existing major bridge on NB and South Bound connecting with Tunnel T4 ,Single tube tunnel of Ramban to Banihal Pkg-II of Old NH-1A New NH-44",1402,1020.99,1054.8,87,1060.0,4.7967145790554415,1.6528301886792454,78.28301886792454,0.7523537803138374,11.986363636363636,2021.0,7.0,7.0,0.36155202821869487,0.7318840579710145,0.36155202821869487,0.7318840579710145,-27.176176890156917,0.0,27.75952693823916,1.0
762,Roads & Highways,Ministry of Road Transport & Highways,618662,4L Vidisha Gyaraspur section of NH-146 from Design Chainage km 59475 existing chainage km 81240 to Design Chainage km 88361 existing chainage km 110.315,980,,113.09,12,1242.0,1.5304585900068446,0.4500805152979066,33.00805152979066,0.11539795918367347,8.69923076923077,2024.0,10.0,6.0,0.3609154929577465,0.7329192546583851,0.3609154929577465,0.7329192546583851,,,-0.0657030223390276,0.0
763,Roads & Highways,Ministry of Road Transport & Highways,618697,4LPS Access Controlled Highway of Bellary Bypass Balance work from Ch. 254750 to Ch. 266837 and construction of 4LPS from Ch. 277.690 to Ch. 278.690 at D. Hirehal Village Balance work of NH 150A of Bellary Byrapura Section,626,284.05,113.26,39,905.0,2.2258726899383983,0.8983425414364641,50.834254143646405,0.180926517571885,2.8315,2024.0,2.0,4.0,0.36155202821869487,0.7318840579710145,0.36155202821869487,0.7318840579710145,-54.62460063897764,0.0,14.45466491458607,1.0
764,Roads & Highways,Ministry of Road Transport & Highways,618731,6 Lane Greenfield Varanasi- Ranchi- Kolkata Highway from Chatra to junction with NH- 100 in Deoria village from km 222.000 to km 253.000 Pkg -9,1418,,143.72,0,1936.0,3.0882956878850103,0.5826446280991735,58.26446280991735,0.1013540197461213,143.72,2023.0,3.0,7.0,0.3609154929577465,0.7329192546583851,0.3609154929577465,0.7329192546583851,,,0.0,0.0
765,Roads & Highways,Ministry of Road Transport & Highways,618730,6 Lane Greenfield Varanasi- Ranchi- Kolkata Highway from Deoria village to Donoreshan village from km 253.000 to km 288.600 Pkg -10,1546,,183.44,6,1888.0,3.0882956878850103,0.597457627118644,53.7457627118644,0.11865459249676584,26.205714285714286,2023.0,3.0,8.0,0.3609154929577465,0.7329192546583851,0.3609154929577465,0.7329192546583851,,,0.0,0.0
766,Roads & Highways,Ministry of Road Transport & Highways,618729,6 Lane Greenfield Varanasi- Ranchi- Kolkata Highway from Donoreshan village to junction with NH-20 in Bongabar village from km 288.600 to km 325.500 Pkg -11,1856,,261.78,0,1925.0,3.0882956878850103,0.5859740259740259,58.59740259740259,0.14104525862068965,261.78,2023.0,3.0,9.0,0.3609154929577465,0.7329192546583851,0.3609154929577465,0.7329192546583851,,,0.0,0.0
767,Roads & Highways,Ministry of Road Transport & Highways,619077,6 laning of Balance Work of Chennai - Tada from km. 21.40 to km. 54.40,465,472.37,389.77,100,842.0,8.396988364134154,3.642517814726841,264.2517814726841,0.8382150537634409,3.8591089108910888,2017.0,12.0,3.0,0.36155202821869487,0.7318840579710145,0.36155202821869487,0.7318840579710145,1.5849462365591407,0.0,77.1353482260184,1.0
768,Roads & Highways,Ministry of Road Transport & Highways,617913,6-laning of km 9.900 to km 19/948 Aramgarh to Shamshabad Section of Hyderabad-Bangalore section of NH-44 Under NHO EPC basis in the state of Telangana,283,300.7,480.41,93,842.0,8.279260780287474,3.5914489311163895,266.14489311163896,1.6975618374558306,5.110744680851064,2018.0,1.0,1.0,0.35978835978835977,0.7318840579710145,0.35978835978835977,0.7318840579710145,6.254416961130738,1.0,73.68593955321944,1.0
769,Roads & Highways,Ministry of Road Transport & Highways,619074,6-laning of Krishnagiri Km.0.000 to Walajahpet Km.148.300 section on NH-46 under NHDP-V,1673,781.74,707.81,100,1438.0,16.33949349760438,4.150208623087622,315.02086230876216,0.42307830245068734,7.008019801980198,2009.0,12.0,8.0,0.36155202821869487,0.7318840579710145,0.36155202821869487,0.7318840579710145,-53.27316198445905,0.0,152.85808147174768,1.0
770,Roads & Highways,Ministry of Road Transport & Highways,617939,6-Laning of Pune-Hyderabad Section of NH-65 from Km 493/0 to Km 524/0 from Sangareddy X Roads to Madinaguda in the State of Telangana,1298,,0.0,46,1194.0,3.0937713894592744,0.9463986599664992,48.63986599664992,0.0,0.0,2023.0,3.0,7.0,0.3609154929577465,0.7329192546583851,0.3609154929577465,0.7329192546583851,,,1.0183968462549278,0.0
771,Roads & Highways,Ministry of Road Transport & Highways,618720,6L Access Controlled Greenfield Highway from Audireddipalle Ch. 160000 to Mallapalle Ch. 176000Package-07,987,848.06,338.45,74,1109.0,3.186858316221766,1.0495942290351667,30.959422903516668,0.3429078014184397,4.512666666666666,2023.0,2.0,6.0,0.36155202821869487,0.7318840579710145,0.36155202821869487,0.7318840579710145,-14.07700101317123,0.0,13.797634691195794,1.0
772,Roads & Highways,Ministry of Road Transport & Highways,618721,6L Access Controlled Greenfield Highway from Chandrasekharapuram Ch. 228000 to Polavaram Ch. 260000of [NH-544G] Package-11,1293,1110.33,358.41,64,1091.0,3.2032854209445585,1.072410632447296,43.24106324472959,0.2771925754060325,5.514,2023.0,2.0,7.0,0.36155202821869487,0.7318840579710145,0.36155202821869487,0.7318840579710145,-14.12761020881671,0.0,18.626806833114323,1.0
773,Roads & Highways,Ministry of Road Transport & Highways,618718,6L Access Controlled Greenfield Highway from Kavulakuntla Ch. 196000 to Narayanmpet Ch. 203500Package-09,1092,956.4,242.13,55,1447.0,3.186858316221766,0.8044229440221147,25.442294402211473,0.22173076923076923,4.3237499999999995,2023.0,2.0,6.0,0.36155202821869487,0.7318840579710145,0.36155202821869487,0.7318840579710145,-12.41758241758242,0.0,10.74244415243101,1.0
774,Roads & Highways,Ministry of Road Transport & Highways,618719,6L Access Controlled Greenfield Highway from Mallapalle Ch. 176000 to Kavulakuntla Ch. 196000 Package-08,909,751.81,290.04,66,1082.0,3.1786447638603694,1.0730129390018484,41.30129390018483,0.3190759075907591,4.328955223880597,2023.0,2.0,5.0,0.36155202821869487,0.7318840579710145,0.36155202821869487,0.7318840579710145,-17.292629262926297,0.0,17.608409986859396,1.0
775,Roads & Highways,Ministry of Road Transport & Highways,619126,6L Access Controlled Greenfield Highway from Marripudi Ch. 285500 to Somavarappadu Ch. 314600 of [NH-544G] Package-13,976,798.71,370.82,73,1087.0,3.1950718685831623,1.0735970561177552,34.359705611775524,0.3799385245901639,5.011081081081081,2023.0,2.0,6.0,0.36155202821869487,0.7318840579710145,0.36155202821869487,0.7318840579710145,-18.16495901639344,0.0,14.61892247043364,1.0
776,Roads & Highways,Ministry of Road Transport & Highways,619123,6L Access Controlled Greenfield Highway from Narayanmpet Ch. 203500 to Chandrasekharpuram Ch. 228000Package-10,814,678.21,223.35,66,1082.0,3.1786447638603694,1.0730129390018484,41.30129390018483,0.2743857493857494,3.333582089552239,2023.0,2.0,5.0,0.36155202821869487,0.7318840579710145,0.36155202821869487,0.7318840579710145,-16.68181818181818,0.0,17.608409986859396,1.0
777,Roads & Highways,Ministry of Road Transport & Highways,619125,6L Access Controlled Greenfield Highway from Somavarappadu Ch.314.600 to Muppavaram Ch.343240 of [NH-544G] Package-14,1104,943.66,267.61,45,1089.0,3.1950718685831623,1.0716253443526171,62.16253443526172,0.2424003623188406,5.817608695652174,2023.0,2.0,6.0,0.36155202821869487,0.7318840579710145,0.36155202821869487,0.7318840579710145,-14.523550724637685,0.0,20.59789750328515,1.0
778,Roads & Highways,Ministry of Road Transport & Highways,618968,6L access control Greenfield highway of Vill-Khyawari to Vill-Latifpur at Saharanpur Bypass from Km. 82.000 to Km. 119.790 Pkg-4,1428,1439.35,1394.63,99,1264.0,5.117043121149897,1.4786392405063291,48.8639240506329,0.9766316526610646,13.9463,2021.0,3.0,7.0,0.36155202821869487,0.7318840579710145,0.36155202821869487,0.7318840579710145,0.7948179271708621,0.0,23.915900131406044,1.0
779,Roads & Highways,Ministry of Road Transport & Highways,618970,6L access control Greenfield highway of Vill-Lohadda to Vill-Karaunda Mahajan from Km. 27.000 to Km. 56.500 Pkg-2,1335,1335.38,1253.61,98,1271.0,5.136208076659822,1.4760031471282455,49.60031471282454,0.9390337078651685,12.662727272727272,2021.0,3.0,7.0,0.36155202821869487,0.7318840579710145,0.36155202821869487,0.7318840579710145,0.028464419475663607,0.0,23.915900131406044,1.0
780,Roads & Highways,Ministry of Road Transport & Highways,619216,6L access Controlled Greenfield Highway from Adhoya Musalmana to Sadopur section of Shamli -Ambala Package-III Design Ch. Form km 84.400 to km 121.786,1492,1122.86,791.92,81,1067.0,3.917864476386037,1.3411433926897844,53.114339268978455,0.5307774798927614,9.657560975609755,2022.0,5.0,8.0,0.36155202821869487,0.7318840579710145,0.36155202821869487,0.7318840579710145,-24.741286863270783,0.0,20.006570302233904,1.0
781,Roads & Highways,Ministry of Road Transport & Highways,618722,6L access Controlled Greenfield Highway from Gogwan Jalalpur Shamli to Ranipur Barsi Saharanpur of Shamli -Ambala section Package-I Design Ch. Form km 00.600 to km 45.500,1844,1247.55,759.32,68,1057.0,3.8521560574948666,1.3311258278145695,65.11258278145695,0.4117787418655098,11.004637681159421,2022.0,6.0,8.0,0.36155202821869487,0.7318840579710145,0.36155202821869487,0.7318840579710145,-32.345444685466376,0.0,22.503285151116952,1.0
782,Roads & Highways,Ministry of Road Transport & Highways,618712,6L Access Controlled Greenfield Highway from Kodur Ch. 0000 to Vanavolu Ch. 24300 of [NH-544G] Package-1,913,798.25,357.89,88,1127.0,3.3210130047912387,1.0763087843833186,19.630878438331862,0.3919934282584885,4.02123595505618,2023.0,1.0,5.0,0.36155202821869487,0.7318840579710145,0.36155202821869487,0.7318840579710145,-12.568455640744796,0.0,13.830486202365309,1.0
783,Roads & Highways,Ministry of Road Transport & Highways,618714,6L Access Controlled Greenfield Highway from Nallacheruvu palli Ch. 96300 to Yerragudipadu Ch. 129000 of [NH-544G] Package-5,1253,1095.78,389.19,67,1453.0,4.1943874058863795,1.0543702684101859,38.43702684101859,0.3106065442936951,5.723382352941177,2022.0,2.0,7.0,0.36155202821869487,0.7318840579710145,0.36155202821869487,0.7318840579710145,-12.547486033519556,0.0,16.590013140604466,1.0
784,Roads & Highways,Ministry of Road Transport & Highways,618715,6L Access Controlled Greenfield Highway from Odulapalle Ch. 72000 to Nallacheruvu-palli Ch. 96300 of [NH-544G]Package-4,1059,946.1,403.17,77,1127.0,3.3210130047912387,1.0763087843833186,30.630878438331862,0.3807082152974504,5.168846153846154,2023.0,1.0,6.0,0.36155202821869487,0.7318840579710145,0.36155202821869487,0.7318840579710145,-10.66100094428706,0.0,14.816031537450723,1.0
785,Roads & Highways,Ministry of Road Transport & Highways,619124,6L Access Controlled Greenfield Highway from Polavaram Ch. 260000 to Marripudi Ch. 285500 of [NH-544G]Package-12,747,626.83,250.93,70,1088.0,3.1950718685831623,1.072610294117647,37.261029411764696,0.33591700133868807,3.534225352112676,2023.0,2.0,4.0,0.36155202821869487,0.7318840579710145,0.36155202821869487,0.7318840579710145,-16.087014725568938,0.0,15.604467805519054,1.0
786,Roads & Highways,Ministry of Road Transport & Highways,618723,6L access Controlled Greenfield Highway from Ranipur Barsi to Adhoya Musalmana section of Shamli -Ambala Package-II Design Ch. Form km 45.500 to km 84.400,1554,1241.89,847.9,83,1059.0,3.8548939082819986,1.3295561850802644,49.95561850802645,0.5456241956241956,10.094047619047618,2022.0,6.0,8.0,0.36155202821869487,0.7318840579710145,0.36155202821869487,0.7318840579710145,-20.084298584298576,0.0,21.45203679369251,1.0
787,Roads & Highways,Ministry of Road Transport & Highways,618717,6L Access Controlled Greenfield Highway from Vanavolu Ch. 24300 to Vankarakunta Ch. 45700 of [NH-544G] Package-2,751,626.91,261.4,87,1153.0,3.3210130047912387,1.0520381613183,18.20381613183001,0.348069241011984,2.9704545454545452,2023.0,1.0,4.0,0.36155202821869487,0.7318840579710145,0.36155202821869487,0.7318840579710145,-16.523302263648475,0.0,11.957950065703022,1.0
788,Roads & Highways,Ministry of Road Transport & Highways,618716,6L Access Controlled Greenfield Highway from Vankarakunta Ch. 45700 to Odulapalle Ch. 72000 of [NH-544G]Package-3,993,888.07,351.23,77,1175.0,3.381245722108145,1.0510638297872341,28.106382978723417,0.353705941591138,4.502948717948718,2022.0,12.0,6.0,0.36155202821869487,0.7318840579710145,0.36155202821869487,0.7318840579710145,-10.566968781470287,0.0,12.976346911957949,1.0
789,Roads & Highways,Ministry of Road Transport & Highways,618713,6L Access Controlled Greenfield Highway from Yerragudipadu Ch. 129000 to Audireddipalle Ch. 160000 of [NH 544G] Package-6,1200,1019.69,282.16,47,1091.0,3.2032854209445585,1.072410632447296,60.24106324472959,0.23513333333333336,5.878333333333334,2023.0,2.0,7.0,0.36155202821869487,0.7318840579710145,0.36155202821869487,0.7318840579710145,-15.02583333333333,0.0,21.616294349540077,1.0
790,Roads & Highways,Ministry of Road Transport & Highways,619212,6L Access Controlled Greenfield Highway of Julekal village to Dinnedevarapadu village from Km 242.200 to Km 280.400 Pkg-2,1228,1315.87,539.17,71,1072.0,4.254620123203286,1.4496268656716418,73.96268656716418,0.4390635179153094,7.488472222222222,2022.0,1.0,7.0,0.35978835978835977,0.7318840579710145,0.35978835978835977,0.7318840579710145,7.155537459283378,1.0,27.825229960578184,1.0
791,Roads & Highways,Ministry of Road Transport & Highways,619168,6L access controlled Greenfield highway of Junction of EPE Vill.-Mavikalan to Vill.-Lohadda from Km. 0.000 to Km. 27.000 Pkg-1,1602,1497.94,1423.29,99,1264.0,5.117043121149897,1.4786392405063291,48.8639240506329,0.8884456928838951,14.232899999999999,2021.0,3.0,8.0,0.36155202821869487,0.7318840579710145,0.36155202821869487,0.7318840579710145,-6.495630461922593,0.0,23.915900131406044,1.0
792,Roads & Highways,Ministry of Road Transport & Highways,618632,6L Access Controlled Greenfield Highway of Nandinne village to Julekal village from Km 202.900 to Km 242.200 Pkg-1,972,1044.06,459.49,94,1064.0,4.232717316906228,1.4530075187969924,51.30075187969925,0.4727263374485597,4.836736842105263,2022.0,2.0,6.0,0.35978835978835977,0.7318840579710145,0.35978835978835977,0.7318840579710145,7.4135802469135745,1.0,19.87516425755585,1.0
793,Roads & Highways,Ministry of Road Transport & Highways,618757,6L access controlled Highway from Km 40080 to Km 86513 Mator to Barodameo Section,2010,1565.88,708.28,37,1264.0,3.589322381930185,1.0371835443037976,66.71835443037976,0.3523781094527363,18.638947368421054,2022.0,9.0,9.0,0.36155202821869487,0.7318840579710145,0.36155202821869487,0.7318840579710145,-22.095522388059695,0.0,15.538764783180026,1.0
794,Roads & Highways,Ministry of Road Transport & Highways,618647,6L Access Controlled Ludhiana-Bathinda Greenfield highway from Jn. with Amritsar-Bathanda Greenfield Road NH-754A near Rampura Phul to Jn. with Moga-Barnala Road NH-703 near village Tallewal from Km 0.0 to Km 30.3 of NH-754AD Pkg-1,907,1020.52,687.82,82,1542.0,4.848733744010952,1.1485084306095978,32.85084306095979,0.7583461962513782,8.28698795180723,2021.0,6.0,5.0,0.35978835978835977,0.7318840579710145,0.35978835978835977,0.7318840579710145,12.51598676957001,1.0,13.567674113009199,1.0
795,Roads & Highways,Ministry of Road Transport & Highways,619105,6L Access Controlled Ludhiana-Bathinda Greenfield highway from Jn. with Moga-Barnala Road NH-703 near village Tallewal to Jn. with Delhi-Katra Expressway NE-5 near Ludhiana village Ballowal from Km 30.300 to Km 75.543 of NH-754AD Pkg-2,1555,1564.66,711.39,26,2277.0,4.818617385352498,0.7729468599033816,51.29468599033817,0.4574855305466238,26.34777777777778,2021.0,7.0,8.0,0.36155202821869487,0.7329192546583851,0.36155202821869487,0.7329192546583851,0.6212218649517738,0.0,0.0,0.0
796,Roads & Highways,Ministry of Road Transport & Highways,619308,6L access-controlled highway from Ganeshpur tonear Mohand of Ganeshpur Dehradun section from Km.0 to Km.8.3 of NH-72A Package-1,836,835.74,811.86,99,1045.0,5.423682409308693,1.8956937799043063,90.56937799043064,0.9711244019138756,8.1186,2020.0,11.0,5.0,0.36155202821869487,0.7318840579710145,0.36155202821869487,0.7318840579710145,-0.031100478468898435,0.0,34.26412614980289,1.0
797,Roads & Highways,Ministry of Road Transport & Highways,618758,6L accesscontrolled highway from km 0000 to km 40080 Paniyala to Mator Section of Paniyala-Barodameo ICR,1765,1239.24,571.41,43,1449.0,3.589322381930185,0.9047619047619048,47.47619047619048,0.32374504249291786,12.986590909090909,2022.0,9.0,8.0,0.36155202821869487,0.7329192546583851,0.36155202821869487,0.7329192546583851,-29.788101983002836,0.0,-1.281208935611038,0.0
798,Roads & Highways,Ministry of Road Transport & Highways,618681,6L Aluru - Jakkuva Section of NH-130CD Road from km 365.033 to km 396.800 Pkg. 1,1216,1241.66,703.33,100,1143.0,5.215605749486653,1.6666666666666667,66.66666666666669,0.5783963815789473,6.963663366336634,2021.0,2.0,7.0,0.36155202821869487,0.7318840579710145,0.36155202821869487,0.7318840579710145,2.1101973684210593,0.0,29.07358738501971,1.0
799,Roads & Highways,Ministry of Road Transport & Highways,619099,6L Amritsar-Bathinda Greenfield section from Jn. with Moga Jalandhar road NH-703 near Dharamkot to Jn. with Bhagta Bhai Ka-Bhadaur Road near Dyalpura Bhai Ka from km 39.000 to km 93.000 of NH-754A Pkg-2,1801,2172.71,1268.39,67,1914.0,5.084188911704312,0.9702194357366771,30.021943573667713,0.7042698500832871,18.652794117647062,2021.0,3.0,8.0,0.35978835978835977,0.7318840579710145,0.35978835978835977,0.7318840579710145,20.63908939478068,1.0,12.12220762155059,1.0
800,Roads & Highways,Ministry of Road Transport & Highways,618618,6L Amritsar-Bathinda Greenfield section from Jn. with Bhagta Bhai Ka-Bhadaur Road near Dyalpura Bhai Ka to Jn. with Mandi Dabwali Bathinda Road on NH-54 near Sangat Kalan from km 93.000 to km 154.866 of NH-754A Pkg-3,2029,2677.23,1442.16,74,1903.0,5.08145106091718,0.9753021544929059,23.530215449290594,0.7107737801872844,19.2288,2021.0,3.0,9.0,0.35978835978835977,0.7318840579710145,0.35978835978835977,0.7318840579710145,31.94825036964022,1.0,13.140604467805518,1.0
801,Roads & Highways,Ministry of Road Transport & Highways,618617,6L Amritsar-Bathinda Greenfield section from village Tiba on NE-5A to Jn. with Moga Jalandhar road NH-703 near Dharamkot from km 0.000 to km 39.000 of NH-754A Pkg-1,1229,1549.32,1014.98,72,1324.0,5.084188911704312,1.4025679758308156,68.25679758308155,0.8258584214808787,13.903835616438357,2021.0,3.0,7.0,0.35978835978835977,0.7318840579710145,0.35978835978835977,0.7318840579710145,26.063466232709516,1.0,36.990801576872535,1.0
802,Roads & Highways,Ministry of Road Transport & Highways,618738,6L Bridge and its approaches across River Ganga as Part of Patna Ring Road NH-131G starting from Km 8.480 near Sherpur to Km 23.000 near Dighwara,6292,3351.62,734.19,22,1804.0,3.589322381930185,0.7267184035476718,50.671840354767184,0.11668626827717737,31.92130434782609,2022.0,9.0,9.0,0.36155202821869487,0.7318840579710145,0.36155202821869487,0.7318840579710145,-46.73204068658614,0.0,18.823915900131404,1.0
803,Roads & Highways,Ministry of Road Transport & Highways,618805,6L Connectivity to Port Road from Sabbavaram Sheelanagar-NH516C,977,,155.51,7,1139.0,1.3278576317590691,0.42581211589113255,35.58121158911325,0.15917093142272262,19.43875,2024.0,12.0,6.0,0.3609154929577465,0.7329192546583851,0.3609154929577465,0.7329192546583851,,,-0.0328515111695138,0.0
804,Roads & Highways,Ministry of Road Transport & Highways,618499,6L Elevated Kanpur - Lucknow Exeressway Pkg-1 from Km. 10980 to Km. 28500,1973,1943.27,770.81,100,1309.0,4.334017796030117,1.209320091673033,20.932009167303292,0.39067916877850983,7.631782178217821,2021.0,12.0,9.0,0.36155202821869487,0.7318840579710145,0.36155202821869487,0.7318840579710145,-1.5068423720223019,0.0,13.042049934296976,1.0
805,Roads & Highways,Ministry of Road Transport & Highways,618808,6L Elevated Kona Expressway from Km. 0.145 to Km. 7.337 of NH-117,1213,1203.11,433.18,40,1350.0,3.1019849418206706,0.8392592592592593,43.925925925925924,0.35711459192085737,10.565365853658538,2023.0,3.0,7.0,0.36155202821869487,0.7318840579710145,0.36155202821869487,0.7318840579710145,-0.8153338829348804,0.0,12.910643889618921,1.0
806,Roads & Highways,Ministry of Road Transport & Highways,618704,6L Flyover including RE Wall approaches with Flexible Pavement in the Elephant Corridor of Angul Sambalpur Section of NH-42 New NH-55 Km.202.533,151,106.32,106.14,100,1219.0,2.6119096509240247,0.782608695652174,-21.73913043478261,0.7029139072847682,1.050891089108911,2023.0,9.0,0.0,0.36155202821869487,0.7329192546583851,0.36155202821869487,0.7329192546583851,-29.58940397350994,0.0,-4.664914586070959,0.0
807,Roads & Highways,Ministry of Road Transport & Highways,618516,6L from Sankeshwar Bypass to MH-KNT Border from Km. 555.017 to Km. 592.853 of NH-48 Pkg-II,1389,1066.86,1183.98,85,1189.0,4.27378507871321,1.3128679562657695,46.28679562657695,0.8523974082073434,13.76720930232558,2022.0,1.0,7.0,0.36155202821869487,0.7318840579710145,0.36155202821869487,0.7318840579710145,-23.192224622030245,0.0,25.229960578186596,1.0
808,Roads & Highways,Ministry of Road Transport & Highways,618680,6L Greenfield Kandili - Aluru Section of NH-130-CD Road from km 342500 to km 365033 Package-OD-8,1493,1912.84,1088.96,100,1032.0,4.358658453114305,1.5426356589147288,54.263565891472865,0.7293770931011386,10.781782178217822,2021.0,12.0,8.0,0.35978835978835977,0.7318840579710145,0.35978835978835977,0.7318840579710145,28.120562625586064,1.0,22.437582128777922,1.0
809,Roads & Highways,Ministry of Road Transport & Highways,618678,6L Greenfield Baunsaguar - Baraja Section of NH-130-CD Road from km 293000 to km 338500 Package OD-6,1266,1635.44,1001.24,100,1009.0,4.676249144421629,1.692765113974232,69.27651139742318,0.79086887835703,9.913267326732674,2021.0,8.0,7.0,0.35978835978835977,0.7318840579710145,0.35978835978835977,0.7318840579710145,29.18167456556083,1.0,27.003942181340342,1.0
810,Roads & Highways,Ministry of Road Transport & Highways,618677,6L Greenfield Kaliagura Baunsaguar Section of NH-130-CD Road from km 249000 to km 293000 Package OD-5,1540,1918.49,1026.67,98,999.0,4.654346338124572,1.7017017017017018,72.17017017017017,0.6666688311688312,10.370404040404042,2021.0,9.0,8.0,0.35978835978835977,0.7318840579710145,0.35978835978835977,0.7318840579710145,24.577272727272728,1.0,30.059132720105122,1.0
811,Roads & Highways,Ministry of Road Transport & Highways,618734,6L Greenfield Varanasi- Ranchi- Kolkata Highway from junction with NH-320 in Lepo village to Kamlapur villageJH/WB border from km 358.500 to km 387.200 Pkg -13,1154,1319.18,330.27,25,1645.0,3.0882956878850103,0.6857142857142857,43.57142857142857,0.2861958405545927,12.702692307692306,2023.0,3.0,6.0,0.35978835978835977,0.7329192546583851,0.35978835978835977,0.7329192546583851,14.313691507798964,1.0,0.0,0.0
812,Roads & Highways,Ministry of Road Transport & Highways,618733,6L Greenfield Varanasi- Ranchi- Kolkata Highway from junction with NH-20 in Bongabar village to junction with NH-30 in Lepo village from km 325.500 to km 358.500 Pkg -12,1526,,218.28,0,1925.0,3.0882956878850103,0.5859740259740259,58.59740259740259,0.14304062909567497,218.28,2023.0,3.0,8.0,0.3609154929577465,0.7329192546583851,0.3609154929577465,0.7329192546583851,,,0.0,0.0
813,Roads & Highways,Ministry of Road Transport & Highways,618732,6L Greenfield Varanasi- Ranchi- Kolkata Highway from Sonepurbigha village to junction with NH- 22 Chatra Bypass near Chatra from km 184.700 to km 222.000Pkg -8,1728,,200.25,4,1881.0,3.0882956878850103,0.5996810207336523,55.96810207336522,0.11588541666666667,40.05,2023.0,3.0,8.0,0.3609154929577465,0.7329192546583851,0.3609154929577465,0.7329192546583851,,,0.0,0.0
814,Roads & Highways,Ministry of Road Transport & Highways,618724,6L Greenfield Varanasi-Ranchi-Kolkata Highway from Anarbansalea village to Sagrampur village From KM. 151200 to KM. 184700Package-7,1719,1723.42,340.33,28,1559.0,3.1019849418206706,0.72674791533034,44.674791533033996,0.19798138452588712,11.73551724137931,2023.0,3.0,8.0,0.36155202821869487,0.7329192546583851,0.36155202821869487,0.7329192546583851,0.25712623618383207,0.0,0.0,0.0
815,Roads & Highways,Ministry of Road Transport & Highways,618727,6L Greenfield Varanasi-Ranchi-Kolkata Highway from junction with Bhabhua-Adhaura road in Bhairopur village to Konki village From KM. 54.000 to KM. 90.000Pkg-3,1577,1711.44,328.2,26,1653.0,3.0937713894592744,0.6836055656382335,42.36055656382335,0.20811667723525681,12.155555555555555,2023.0,3.0,8.0,0.35978835978835977,0.7329192546583851,0.35978835978835977,0.7329192546583851,8.525047558655679,1.0,0.0,0.0
816,Roads & Highways,Ministry of Road Transport & Highways,618726,6L Greenfield Varanasi-Ranchi-Kolkata Highway from junction with Chandauli-Chainpur Road near Khainti village to junction with Bhabhua-Adhaura road near Palka village from Km. 27.000 to Km. 54.000 Pkg-2,1241,1341.52,252.44,27,1656.0,3.1019849418206706,0.6841787439613527,41.417874396135275,0.20341659951651894,9.015714285714285,2023.0,3.0,7.0,0.35978835978835977,0.7329192546583851,0.35978835978835977,0.7329192546583851,8.099919419822722,1.0,0.0,0.0
817,Roads & Highways,Ministry of Road Transport & Highways,618728,6L Greenfield Varanasi-Ranchi-Kolkata Highway from junction with NH-19 & Varanasi Ring Road near Rewasa village to junction with Chandauli-Chainpur road near Khainti village from Km. 0.000 to Km. 27.000 - Pkg-1,1433,1564.15,559.01,48,1341.0,3.1019849418206706,0.8448918717375093,36.489187173750935,0.3900976971388695,11.408367346938775,2023.0,3.0,7.0,0.35978835978835977,0.7318840579710145,0.35978835978835977,0.7318840579710145,9.152128401953949,1.0,5.7490144546649145,1.0
818,Roads & Highways,Ministry of Road Transport & Highways,618725,6L Greenfield Varanasi-Ranchi-Kolkata Highway from Pachmon village to Anarbansalea village From KM. 116000 to KM. 151200 Package-6,1916,1920.21,431.04,25,1624.0,3.1019849418206706,0.6976600985221675,44.766009852216754,0.2249686847599165,16.57846153846154,2023.0,3.0,9.0,0.36155202821869487,0.7329192546583851,0.36155202821869487,0.7329192546583851,0.21972860125261148,0.0,0.0,0.0
819,Roads & Highways,Ministry of Road Transport & Highways,619111,6L Jakkuva Korlam Section of NH-130CD Road from km 396.800 to km 421.100 Pkg 2,841,840.51,573.9,100,1144.0,5.218343600273785,1.666083916083916,66.6083916083916,0.6824019024970274,5.682178217821782,2021.0,2.0,5.0,0.36155202821869487,0.7318840579710145,0.36155202821869487,0.7318840579710145,-0.05826397146254567,0.0,28.54796320630749,1.0
820,Roads & Highways,Ministry of Road Transport & Highways,619112,6L Kantakapalle Sabbavaram Section of NH-130CD Road from Km 445.100 to Km 464.662 Pkg-4,1013,1012.57,702.4,85,1317.0,5.174537987679671,1.4350797266514805,58.50797266514806,0.693385982230997,8.167441860465116,2021.0,2.0,6.0,0.36155202821869487,0.7318840579710145,0.36155202821869487,0.7318840579710145,-0.04244817374135735,0.0,26.872536136662287,1.0
821,Roads & Highways,Ministry of Road Transport & Highways,618682,6L Korlam-Kantakapalle Section of NH-130CD Road from Km 421.100 to Km 445.100 Pkg-3,1113,1127.63,849.98,100,1088.0,5.174537987679671,1.7371323529411764,73.71323529411765,0.7636837376460018,8.415643564356436,2021.0,2.0,6.0,0.36155202821869487,0.7318840579710145,0.36155202821869487,0.7318840579710145,1.3144654088050414,0.0,29.86202365308804,1.0
822,Roads & Highways,Ministry of Road Transport & Highways,618598,6L Minor Bridge Paloli Palam at km. 203.160 & Major Bridge Morad at km. 204.895 and allied works,210,216.94,190.46,100,822.0,6.135523613963039,2.7262773722627736,172.62773722627736,0.906952380952381,1.8857425742574259,2020.0,3.0,0.0,0.36155202821869487,0.7318840579710145,0.36155202821869487,0.7318840579710145,3.3047619047619032,0.0,51.642575558475684,1.0
823,Roads & Highways,Ministry of Road Transport & Highways,618601,6L of Kappirikkad to Thalikulam section from km 335.85 to km 369.015 of NH - 66 old NH-17,4226,4225.59,3345.3,95,1328.0,4.892539356605065,1.345632530120482,39.56325301204819,0.7915996213913867,34.846875000000004,2021.0,6.0,9.0,0.36155202821869487,0.7318840579710145,0.36155202821869487,0.7318840579710145,-0.009701845716986618,0.0,29.07358738501971,1.0
824,Roads & Highways,Ministry of Road Transport & Highways,619134,6L of Ambala-Chandigarh greenfield section from Km. 0.000 to Km. 25.000 with 4L spur to Lalru from Km. 0.000 to Km. 5.828 & spur to PR-7 road from Km. 0.000 to Km. 11.157,1642,1904.79,1277.92,90,1291.0,4.082135523613963,1.1549186676994578,25.491866769945787,0.7782704019488429,14.043076923076924,2022.0,3.0,8.0,0.35978835978835977,0.7318840579710145,0.35978835978835977,0.7318840579710145,16.004263093788058,1.0,11.59658344283837,1.0
825,Roads & Highways,Ministry of Road Transport & Highways,618579,6L of Anandapuram Pendurthi Anakapalli Section from km. 681.000 to km. 731.780 of NH-16,2527,2957.25,2376.11,100,1259.0,8.276522929500342,2.401111993645751,140.11119936457507,0.9402888800949744,23.525841584158417,2018.0,1.0,9.0,0.35978835978835977,0.7318840579710145,0.35978835978835977,0.7318840579710145,17.026117926394935,1.0,61.990801576872535,1.0
826,Roads & Highways,Ministry of Road Transport & Highways,618531,6L of Aurangabad to Bihar-Jharkhand border Chordaha section from km. 180.000 to km. 209.827 of NH-2 PKG-01,1054,786.81,202.27,38,2136.0,5.215605749486653,0.8918539325842697,51.18539325842697,0.1919070208728653,5.186410256410257,2021.0,2.0,6.0,0.36155202821869487,0.7329192546583851,0.36155202821869487,0.7329192546583851,-25.350094876660346,0.0,0.0,0.0
827,Roads & Highways,Ministry of Road Transport & Highways,618597,6L of Azhiyur-Vengalam from km. 189.200 to km. 230.400 of NH-66,3206,3898.46,2406.73,60,1359.0,5.541409993155373,1.4893303899926416,88.93303899926417,0.7506955708047411,39.45459016393443,2020.0,10.0,9.0,0.35978835978835977,0.7318840579710145,0.35978835978835977,0.7318840579710145,21.598877105427324,1.0,44.842312746386334,1.0
828,Roads & Highways,Ministry of Road Transport & Highways,619109,6L of Badakumari - Karki Section from Km 179.000 to km 226.500 of NH-130-CD Package OD-3,1102,1374.43,713.46,100,1113.0,5.0978781656399725,1.6729559748427674,67.29559748427673,0.6474228675136117,7.0639603960396045,2021.0,3.0,6.0,0.35978835978835977,0.7318840579710145,0.35978835978835977,0.7318840579710145,24.721415607985485,1.0,28.64651773981603,1.0
829,Roads & Highways,Ministry of Road Transport & Highways,618595,6L of Chengala - Neeleshwaram from km. 56.200 to km. 93.468,1746,2538.06,1447.45,91,1413.0,5.908281998631074,1.527246992215145,61.7246992215145,0.8290091638029783,15.733152173913044,2020.0,6.0,8.0,0.35978835978835977,0.7318840579710145,0.35978835978835977,0.7318840579710145,45.36426116838488,1.0,35.4796320630749,1.0
830,Roads & Highways,Ministry of Road Transport & Highways,618585,6L of Gonde Km. 439.038 to Pimpri Sado Km. 459.905 section of NH-848 Old NH-3,857,718.84,160.05,40,1138.0,2.1683778234086244,0.6959578207381371,29.59578207381371,0.18675612602100353,3.903658536585366,2024.0,2.0,5.0,0.36155202821869487,0.7318840579710145,0.36155202821869487,0.7318840579710145,-16.121353558926486,0.0,6.800262812089356,1.0
831,Roads & Highways,Ministry of Road Transport & Highways,618526,6L of Gundugolanu Design km 1023.280 to Kalaparru Design km 1050.680 of NH-5 New NH-16,666,665.59,643.95,96,1003.0,7.496235455167693,2.7298105682951146,176.98105682951143,0.966891891891892,6.638659793814433,2018.0,10.0,4.0,0.36155202821869487,0.7318840579710145,0.36155202821869487,0.7318840579710145,-0.061561561561556774,0.0,61.038107752956634,1.0
832,Roads & Highways,Ministry of Road Transport & Highways,619213,6L of Hatibena - Badakumari Section from Km 146.50 to km 179.00 of NH-130-CD Package OD-2,791,1070.63,733.61,100,1115.0,5.212867898699521,1.7076233183856502,70.76233183856502,0.9274462705436157,7.2634653465346535,2021.0,2.0,5.0,0.35978835978835977,0.7318840579710145,0.35978835978835977,0.7318840579710145,35.35145385587865,1.0,29.96057818659658,1.0
833,Roads & Highways,Ministry of Road Transport & Highways,618610,6L of Jodhpur Romana Bathinda - Mandi Dabwali Punjab Haryana Border section of NH-54 from km. 0.000 to km. 27.400 of NH-54,789,1318.91,719.18,99,1909.0,5.946611909650924,1.137768465165008,14.776846516500797,0.911508238276299,7.1918,2020.0,5.0,5.0,0.35978835978835977,0.7318840579710145,0.35978835978835977,0.7318840579710145,67.1622306717364,1.0,12.680683311432325,1.0
834,Roads & Highways,Ministry of Road Transport & Highways,618513,6L of Kagal-Satara section from Km 592.500 to Km 658.000 of NH-48 Pkg-I,2112,1435.46,634.07,51,1116.0,4.353182751540041,1.424731182795699,91.47311827956989,0.3002225378787879,12.193653846153847,2021.0,12.0,9.0,0.36155202821869487,0.7318840579710145,0.36155202821869487,0.7318840579710145,-32.03314393939394,0.0,25.558475689881732,1.0
835,Roads & Highways,Ministry of Road Transport & Highways,618514,6L of Kagal-Satara section from Km 658.000 to Km 725.000 of NH-48 Pkg-II,2331,317.4,206.68,90,1089.0,4.353182751540041,1.4600550964187329,56.00550964187329,0.08866580866580867,2.2712087912087915,2021.0,12.0,9.0,0.36155202821869487,0.7318840579710145,0.36155202821869487,0.7318840579710145,-86.38352638352637,0.0,24.50722733245729,1.0
836,Roads & Highways,Ministry of Road Transport & Highways,618603,6L of Kodugallur to Edapppally section from km 397.750 to km 423.780 of NH - 66 old NH-17,3466,3606.2,2178.55,71,1259.0,4.470910335386721,1.2970611596505164,58.70611596505165,0.6285487593768033,30.25763888888889,2021.0,11.0,9.0,0.36155202821869487,0.7318840579710145,0.36155202821869487,0.7318840579710145,4.04500865551067,0.0,25.29566360052562,1.0
837,Roads & Highways,Ministry of Road Transport & Highways,618772,6L of Kumarajapet to Veera Kaveri Raja Puram from km 43.800 to km 61.380 of NH-716B Pkg-II,703,799.36,405.81,100,1722.0,5.215605749486653,1.1062717770034842,10.627177700348426,0.5772546230440967,4.017920792079208,2021.0,2.0,4.0,0.35978835978835977,0.7318840579710145,0.35978835978835977,0.7318840579710145,13.70697012802276,1.0,10.545335085413928,1.0
838,Roads & Highways,Ministry of Road Transport & Highways,618631,6L of MH/KN Border Nimbal Village to KN/TS Border Singnodi Village from Km. 162.5 to Km. 203.100 in Raichur of NH-150C Pkg-IV,1500,1457.48,840.31,100,1154.0,4.123203285420945,1.3050259965337956,30.502599653379548,0.5602066666666666,8.31990099009901,2022.0,3.0,8.0,0.36155202821869487,0.7318840579710145,0.36155202821869487,0.7318840579710145,-2.8346666666666653,0.0,15.604467805519054,1.0
839,Roads & Highways,Ministry of Road Transport & Highways,618630,6L of MH/KN Border Nimbal Village to KN/TS Border Singnodi Village from Km. 26.000 to Km. 97.000 in Gulbarga of NH-150C Pkg-II,2356,1923.3,1012.1,81,1219.0,4.177960301163586,1.2518457752255947,44.184577522559465,0.4295840407470289,12.34268292682927,2022.0,2.0,9.0,0.36155202821869487,0.7318840579710145,0.36155202821869487,0.7318840579710145,-18.365874363327674,0.0,18.134034165571617,1.0
840,Roads & Highways,Ministry of Road Transport & Highways,619211,6L of MH/KN Border Nimbal Village to KN/TS Border Singnodi Village from Km. 97.000 to Km. 162.500 in Yadgir of NH-150C Pkg-III,2105,2065.83,984.28,74,1328.0,4.15605749486653,1.1430722891566265,40.30722891566265,0.46759144893111637,13.123733333333332,2022.0,3.0,9.0,0.36155202821869487,0.7318840579710145,0.36155202821869487,0.7318840579710145,-1.8608076009501224,0.0,13.272010512483574,1.0
841,Roads & Highways,Ministry of Road Transport & Highways,619140,6L of Naidupeta Junction - Turpukanupur Section from km 57.046 to km 91.927,1399,965.58,388.87,54,1166.0,3.7207392197125255,1.1655231560891939,62.552315608919386,0.2779628305932809,7.070363636363637,2022.0,8.0,7.0,0.36155202821869487,0.7318840579710145,0.36155202821869487,0.7318840579710145,-30.980700500357393,0.0,24.375821287779235,1.0
842,Roads & Highways,Ministry of Road Transport & Highways,619206,6L of Perole Nileshwar town to Taliparamba from Km 94.248 to Km 134.650 of NH-66,3042,3867.66,2526.45,87,1301.0,5.861738535249829,1.6456571867794005,77.56571867794005,0.8305226824457593,28.70965909090909,2020.0,6.0,9.0,0.35978835978835977,0.7318840579710145,0.35978835978835977,0.7318840579710145,27.142011834319526,1.0,38.60052562417871,1.0
843,Roads & Highways,Ministry of Road Transport & Highways,618635,6L of Pondavakkam to Kannigaipair from km 96.040 to km 116.100 of NH 716B Pkg-IV,1360,1359.81,409.35,45,1443.0,5.215605749486653,1.32016632016632,87.016632016632,0.30099264705882356,8.898913043478261,2021.0,2.0,7.0,0.36155202821869487,0.7318840579710145,0.36155202821869487,0.7318840579710145,-0.013970588235298129,0.0,35.21681997371879,1.0
844,Roads & Highways,Ministry of Road Transport & Highways,618599,6L of Ramanatukkara Junction to start of Valanchery bypass section of NH-66,4919,4919.46,3765.27,100,1268.0,5.25119780971937,1.5126182965299684,51.26182965299682,0.765454360642407,37.27990099009901,2021.0,1.0,9.0,0.36155202821869487,0.7318840579710145,0.36155202821869487,0.7318840579710145,0.009351494206140199,0.0,25.394218134034166,1.0
845,Roads & Highways,Ministry of Road Transport & Highways,618596,6L of Taliparamba to Muzhappilangad from Km 134.650 to Km 170.6 of NH-66,2715,3557.65,2020.35,84,1392.0,5.738535249828884,1.5057471264367817,66.57471264367817,0.7441436464088398,23.768823529411765,2020.0,8.0,9.0,0.35978835978835977,0.7318840579710145,0.35978835978835977,0.7318840579710145,31.036832412523026,1.0,44.185282522996054,1.0
846,Roads & Highways,Ministry of Road Transport & Highways,618602,6L of Thalikulam to Kodugallur section from km 369.015 to km 397.850 of NH - 66 old NH-17,4302,4302.06,3312.68,95,1331.0,4.848733744010952,1.3305785123966942,38.05785123966942,0.7700325430032543,34.507083333333334,2021.0,6.0,9.0,0.36155202821869487,0.7318840579710145,0.36155202821869487,0.7318840579710145,0.0013947001394793161,0.0,28.44940867279895,1.0
847,Roads & Highways,Ministry of Road Transport & Highways,618600,6L of Valanchery bypass to Kappirikkad of NH 66 from km. 298500 to km 335850,4024,4023.94,2592.92,100,1255.0,5.215605749486653,1.5179282868525896,51.79282868525897,0.6443638170974155,25.672475247524755,2021.0,2.0,9.0,0.36155202821869487,0.7318840579710145,0.36155202821869487,0.7318840579710145,-0.0014910536779310494,0.0,25.394218134034166,1.0
848,Roads & Highways,Ministry of Road Transport & Highways,618634,6L of Veera Kaveri Raja Puram to Pondavakkam from km 61.380 to km 96.040 of NH 716B Pkg-III,1440,1439.77,808.62,99,1395.0,5.08145106091718,1.3304659498207885,34.04659498207886,0.5615416666666667,8.0862,2021.0,3.0,8.0,0.36155202821869487,0.7318840579710145,0.36155202821869487,0.7318840579710145,-0.015972222222223487,0.0,19.678055190538764,1.0
849,Roads & Highways,Ministry of Road Transport & Highways,618711,6L with access control provision Saharanpur bypass to Ganeshpur section from 13.89 Km to 41.820 Km of Delhi- Dehradun Economic Corridor package-2,797,560.03,508.43,99,920.0,4.005475701574264,1.5902173913043478,60.02173913043478,0.6379297365119198,5.0843,2022.0,4.0,5.0,0.36155202821869487,0.7318840579710145,0.36155202821869487,0.7318840579710145,-29.732747804266,0.0,21.879106438896187,1.0
850,Roads & Highways,Ministry of Road Transport & Highways,618564,6L with PS of Samakhiyali to Santalpur section from km. 339.700 to Km. 430.100 of NH-27,1554,34.34,28.66,65,1075.0,3.2826830937713893,1.1153488372093023,46.53488372093024,0.018442728442728443,0.43424242424242426,2023.0,1.0,8.0,0.36155202821869487,0.7318840579710145,0.36155202821869487,0.7318840579710145,-97.7902187902188,0.0,15.078843626806833,1.0
851,Roads & Highways,Ministry of Road Transport & Highways,619090,8L of Dwarka Expressway Pkg-II RuB near Dwarka Sector 21-DL/HR Border from 5.300 Km.to 9.500 Km. of NH-248BB,2068,2670.22,2381.53,100,1367.0,8.279260780287474,2.212143379663497,121.21433796634969,1.151610251450677,23.57950495049505,2018.0,1.0,9.0,0.35978835978835977,0.7318840579710145,0.35978835978835977,0.7318840579710145,29.12088974854931,1.0,58.47568988173456,1.0
852,Roads & Highways,Ministry of Road Transport & Highways,619161,Access Controlled Highway of 4 Lane with Paved Shoulders from Tiruvallur Design Chainage Km 1756 to TN/AP Broder Design Chainage Km 6151 of NH-716 Chennai-Tirupati Package-1,1376,1247.7,181.78,46,1025.0,2.1464750171115674,0.7648780487804878,30.487804878048777,0.1321075581395349,3.8676595744680853,2024.0,3.0,7.0,0.36155202821869487,0.7318840579710145,0.36155202821869487,0.7318840579710145,-9.324127906976742,0.0,3.088042049934297,1.0
853,Roads & Highways,Ministry of Road Transport & Highways,618920,Access Controlled Highway of 4 Lane with Paved Shoulders from TN/AP Border Design Chainage Km 6151 to Puttur Design Chainage Km 81540 of NH-716 & 6 Lane with Paved Shoulders from Mallavaram to Renigunta,1347,1260.37,188.68,42,1007.0,2.135523613963039,0.7745779543197616,35.457795431976166,0.14007423904974017,4.387906976744186,2024.0,3.0,7.0,0.36155202821869487,0.7318840579710145,0.36155202821869487,0.7318840579710145,-6.431328878990357,0.0,3.54796320630749,1.0
854,Roads & Highways,Ministry of Road Transport & Highways,618505,Additional Structures on 6LGurgaon-Jaipur Section of NH-48 between KM 42.700 to KM 273.00,410,290.64,200.31,89,692.0,3.7399041752224504,1.9739884393063585,108.39884393063585,0.4885609756097561,2.2256666666666667,2022.0,8.0,2.0,0.36155202821869487,0.7318840579710145,0.36155202821869487,0.7318840579710145,-29.112195121951224,0.0,26.182654402102497,1.0
855,Roads & Highways,Ministry of Road Transport & Highways,618620,"Additional works 2VUPs, MR-10 junction flyover and underpass in Six lane Indore-Dewas section of NH-52 in the state of Madhya Pradesh on EPC Mode",208,211.27,150.59,80,713.0,3.7371663244353184,1.9144460028050492,111.44460028050491,0.7239903846153847,1.8591358024691358,2022.0,8.0,0.0,0.36155202821869487,0.7318840579710145,0.36155202821869487,0.7318840579710145,1.5721153846153895,0.0,32.42444152431012,1.0
856,Roads & Highways,Ministry of Road Transport & Highways,618707,Additional works under BM1 to ensure road safety under 6L of Bengaluru Mysuru Access control with close toll from Km.17.300 to Km.136.300 of NH-275,738,,32.83,13,1167.0,1.4729637234770705,0.46101113967437873,33.101113967437875,0.04448509485094851,2.3449999999999998,2024.0,11.0,4.0,0.3609154929577465,0.7318840579710145,0.3609154929577465,0.7318840579710145,,,3.876478318002628,1.0
857,Roads & Highways,Ministry of Road Transport & Highways,618503,Ahmedabad - Dholera Pkg III from km. 48.52 to km. 71.06 [Vejallka Village - Start of DSIR zone],1034,1155.41,1125.55,100,1170.0,5.984941820670773,1.8683760683760684,86.83760683760684,1.088539651837524,11.144059405940594,2020.0,5.0,6.0,0.35978835978835977,0.7318840579710145,0.35978835978835977,0.7318840579710145,11.741779497098653,1.0,37.417871222076215,1.0
858,Roads & Highways,Ministry of Road Transport & Highways,618504,Ahmedabad - Dholera Pkg IV from km. 71.06 to km. 109.019 [Start of DSIR zone - Adhelai Village],1182,1358.73,1222.79,98,1317.0,5.984941820670773,1.659832953682612,67.9832953682612,1.0345093062605752,12.351414141414141,2020.0,5.0,6.0,0.35978835978835977,0.7318840579710145,0.35978835978835977,0.7318840579710145,14.951776649746195,1.0,32.58869908015769,1.0
859,Roads & Highways,Ministry of Road Transport & Highways,618636,Akkalkot MH/KN border New Greenfield corridor from Km 512.000 to Km 548.400 of NH-150C part of Akkalkot KN/TS Border section Package XIV,1371,1403.49,322.92,58,1284.0,3.0910335386721424,0.8792834890965732,29.928348909657316,0.23553610503282277,5.473220338983051,2023.0,3.0,7.0,0.36155202821869487,0.7318840579710145,0.36155202821869487,0.7318840579710145,2.369803063457331,0.0,8.902759526938238,1.0
860,Roads & Highways,Ministry of Road Transport & Highways,618795,Amritsar Bypass Pkg III from km. 71.496 to km. 105.158,1475,1228.42,1222.67,83,1296.0,5.212867898699521,1.4691358024691359,63.9135802469136,0.8289288135593221,14.55559523809524,2021.0,2.0,8.0,0.36155202821869487,0.7318840579710145,0.36155202821869487,0.7318840579710145,-16.717288135593215,0.0,28.02233902759527,1.0
861,Roads & Highways,Ministry of Road Transport & Highways,618794,Amritsarairport Junction - Ramdas from km. 100.835 to km. 139.813 Pkg - IV,525,416.58,395.48,96,990.0,5.327857631759069,1.9656565656565657,100.56565656565655,0.7532952380952381,4.077113402061856,2020.0,12.0,3.0,0.36155202821869487,0.7318840579710145,0.36155202821869487,0.7318840579710145,-20.651428571428575,0.0,36.4323258869908,1.0
862,Roads & Highways,Ministry of Road Transport & Highways,618775,Ara Bypass,226,,5.95,26,747.0,1.1143052703627652,0.5448460508701473,28.484605087014728,0.026327433628318585,0.22037037037037038,2025.0,3.0,0.0,0.3609154929577465,0.7329192546583851,0.3609154929577465,0.7329192546583851,,,0.0,0.0
863,Roads & Highways,Ministry of Road Transport & Highways,617947,Arawali Kante section of NH-17New NH-66 4L PS from Km.241/300 to 281/300,1007,1443.09,0.17,80,1322.0,10.080766598220396,2.78517397881997,198.517397881997,0.00016881827209533267,0.0020987654320987655,2016.0,3.0,6.0,0.35978835978835977,0.7318840579710145,0.35978835978835977,0.7318840579710145,43.30585898709035,1.0,76.54402102496715,1.0
864,Roads & Highways,Ministry of Road Transport & Highways,618604,Aroor-Thuravoor Thekku,2430,2382.83,1802.58,92,1261.0,3.698836413415469,1.07137192704203,15.137192704203017,0.7418024691358024,19.38258064516129,2022.0,8.0,9.0,0.36155202821869487,0.7318840579710145,0.36155202821869487,0.7318840579710145,-1.9411522633744887,0.0,10.21681997371879,1.0
865,Roads & Highways,Ministry of Road Transport & Highways,619152,Bakhtiyarpur Km 153.300 to Mokama Km 197.900,1899,1898.84,1799.23,100,1470.0,10.412046543463381,2.587074829931973,158.7074829931973,0.947461822011585,17.814158415841586,2015.0,12.0,9.0,0.36155202821869487,0.7318840579710145,0.36155202821869487,0.7318840579710145,-0.00842548709847719,0.0,80.68331143232588,1.0
866,Roads & Highways,Ministry of Road Transport & Highways,618861,Bakhtiyarpur-Rajauli Pkg-II from km. 54.405 to km.101.630,897,1397.47,914.25,98,1035.0,5.637234770704997,1.9893719806763286,100.93719806763286,1.0192307692307692,9.234848484848484,2020.0,9.0,5.0,0.35978835978835977,0.7318840579710145,0.35978835978835977,0.7318840579710145,55.793756967670014,1.0,37.680683311432325,1.0
867,Roads & Highways,Ministry of Road Transport & Highways,618862,Bakhtiyarpur-Rajauli Pkg-III from km. 101.630 to km.152.520,2156,3046.61,1818.91,99,1387.0,5.637234770704997,1.4844989185291997,49.44989185291996,0.8436502782931354,18.1891,2020.0,9.0,9.0,0.35978835978835977,0.7318840579710145,0.35978835978835977,0.7318840579710145,41.308441558441565,1.0,26.116951379763467,1.0
868,Roads & Highways,Ministry of Road Transport & Highways,618637,Bal. Works of Fagne Km. 510.000 to Maharashtra/Gujarat Border Km. 650.794,1654,1672.89,1447.76,100,996.0,6.3408624229979464,2.325301204819277,132.53012048192772,0.8753083434099154,14.334257425742575,2019.0,12.0,8.0,0.36155202821869487,0.7318840579710145,0.36155202821869487,0.7318840579710145,1.1420798065296314,0.0,51.41261498028909,1.0
869,Roads & Highways,Ministry of Road Transport & Highways,619347,Balance Work Estimate of Rehabilitation and Up-gradation of NH- 43 from Km. 468.600 to Km. 531.250 Pathalgaon to kunkuri Section to two-lane with paved shoulder in the State of Chhattisgarh on SBD mode under NHO under Annual plan 2025-26,201,,0.0,0,824.0,0.15058179329226556,0.06674757281553398,6.674757281553398,0.0,0.0,2026.0,3.0,0.0,0.3609154929577465,0.7321613236814891,0.3609154929577465,0.7321613236814891,,,,
870,Roads & Highways,Ministry of Road Transport & Highways,618942,Balance work of 2L PS from Km 30.800 to Km 70.800 and 2L with Rigid Carriageway from Km 70.800 to km 84.120 of Khanapur- KA/GOA Border section of NH-4A,227,149.44,110.31,85,855.0,4.2819986310746065,1.8292397660818713,97.92397660818713,0.48594713656387667,1.2826744186046513,2022.0,1.0,1.0,0.36155202821869487,0.7318840579710145,0.36155202821869487,0.7318840579710145,-34.16740088105727,0.0,34.2969776609724,1.0
871,Roads & Highways,Ministry of Road Transport & Highways,619089,Balance work of 4L of NarimbangloJatinga Junction- Harangajoroad section from Km 0.000 to Km 49.230 of NH-27,1910,2745.74,1393.08,98,1414.0,4.158795345653662,1.0742574257425743,9.425742574257427,0.7293612565445026,14.07151515151515,2022.0,3.0,9.0,0.35978835978835977,0.7318840579710145,0.35978835978835977,0.7318840579710145,43.75602094240836,1.0,6.570302233902759,1.0
872,Roads & Highways,Ministry of Road Transport & Highways,618594,Balance work of 4L Panvel to Indapur section of NH-66 Old NH- 17 from km 0.000 Panvel to km 42.300 Kasu,330,196.87,184.17,99,679.0,3.378507871321013,1.817378497790869,82.7378497790869,0.5580909090909091,1.8417,2022.0,12.0,2.0,0.36155202821869487,0.7318840579710145,0.36155202821869487,0.7318840579710145,-40.342424242424244,0.0,22.273324572930353,1.0
873,Roads & Highways,Ministry of Road Transport & Highways,618592,"Balance work of 8 nos. of Elephant Underpasses EUPs, 1 no. of Vehicular Underpass VUP, 1 nos. of Light Vehicular Underpass LVUP, 1 nos. of Pedestrian Underpass PUP, 1 nos. of Foot Over Bridge FOB and A2 side approach of Jharpokharia Flyover at Km.215.270 in Baharagora-Singhara section of NH-49",321,244.85,55.3,25,949.0,2.5927446954141,0.9978925184404637,74.78925184404636,0.1722741433021807,2.126923076923077,2023.0,9.0,2.0,0.36155202821869487,0.7318840579710145,0.36155202821869487,0.7318840579710145,-23.722741433021806,0.0,17.969776609724047,1.0
874,Roads & Highways,Ministry of Road Transport & Highways,618296,Balance work of Construction of 2-lane with hard shoulder of Kohima - Jessami road on NH-29 old NH-150 from existing km 98.380 near Chizami vill. to km120.367 Nagaland/Manipur Border [Design km 95.700 to design km 117.200] [Design Length 21.500 km] in the state of Nagaland Under Bharatmala Pariyojna on EPC Mode Package-V under NHO,331,,268.18,98,2062.0,6.083504449007529,1.0775945683802133,9.759456838021322,0.8102114803625378,2.708888888888889,2020.0,3.0,2.0,0.3609154929577465,0.7318840579710145,0.3609154929577465,0.7318840579710145,,,8.278580814717477,1.0
875,Roads & Highways,Ministry of Road Transport & Highways,618009,Balance work of Construction of Ring Road for Raebareli City on eastern side of NH-24B Phase-1 on EPC mode.,320,347.8,0.0,95,846.0,6.3874058863791925,2.7576832151300237,180.76832151300238,0.0,0.0,2019.0,12.0,2.0,0.35978835978835977,0.7318840579710145,0.35978835978835977,0.7318840579710145,8.687500000000004,1.0,56.8988173455979,1.0
876,Roads & Highways,Ministry of Road Transport & Highways,618031,Balance work of Construction of Two/Four lane with paved shoulder from Km 422.000 to 523.600 Chitradurga to Shivamogga of NH-13 in the state of Kanataka on EPC mode.,517,,121.75,98,1824.0,5.325119780971937,1.0663377192982457,8.633771929824576,0.23549323017408125,1.22979797979798,2021.0,1.0,3.0,0.3609154929577465,0.7318840579710145,0.3609154929577465,0.7318840579710145,,,7.982917214191852,1.0
877,Roads & Highways,Ministry of Road Transport & Highways,617945,Balance work of NH-66 from design Km 84/00 to Km 87/100 Indapur Bypass and Km 91/600 to Km 99/100 Mangaon Bypass to four lane with paved shoulder in State of Maharashtra under NHO on EPC Mode.,354,,0.0,67,746.0,1.103353867214237,0.5402144772117963,-12.978552278820374,0.0,0.0,2025.0,3.0,2.0,0.3609154929577465,0.7329192546583851,0.3609154929577465,0.7329192546583851,,,0.0,0.0
878,Roads & Highways,Ministry of Road Transport & Highways,618198,Balance work of Rehabilitation and Up-gradation to 2-lane road with paved shoulders configuration for NH- 965DD from Pacharal-Mandangad-Mhapral-Rajewadi Upto Junction of NH-66 Ch-22700 to 75100 Km and Ambadave connector Birth place of Dr. Babasaheb Ambedkar Ch-0000 to 7325 Km length Km 59.725 in the state of Maharashtra on EPC mode. Balance Work,389,341.69,170.26,93,2109.0,8.093086926762492,1.4016121384542437,47.161213845424356,0.43768637532133675,1.8112765957446808,2018.0,3.0,2.0,0.36155202821869487,0.7318840579710145,0.36155202821869487,0.7318840579710145,-12.161953727506427,0.0,31.865965834428383,1.0
879,Roads & Highways,Ministry of Road Transport & Highways,618235,Balance work of Rehabilitation and Up-gradation to 4-Lane configuration of Ras-Beawar Section Km 00.000 to km 30.050 of NH-158 in the State of Rajasthan under Green National Highway Corridor Project GNHCP.,278,,99.13,56,716.0,1.3004791238877482,0.6634078212290503,10.340782122905026,0.35658273381294964,1.7391228070175437,2025.0,1.0,1.0,0.3609154929577465,0.7329192546583851,0.3609154929577465,0.7329192546583851,,,0.0,0.0
880,Roads & Highways,Ministry of Road Transport & Highways,618593,Balance work of Rehabilitation and Upgradation to four laning of Baharagora Singhara section of NH-49 from Km.229.727 to Km.238.990 Length 9.263 Km. including construction of five nos. of Elephant Underpasses EUP and fourteen nos. of Animal Underpasses AUP inside the buffer zone of Similipal Tiger Reserve Area in Bangriposi Ghat section in the State of Odisha on EPC Mode,263,163.07,13.82,10,976.0,1.108829568788501,0.4149590163934426,31.49590163934426,0.05254752851711027,1.2563636363636363,2025.0,3.0,1.0,0.36155202821869487,0.7329192546583851,0.36155202821869487,0.7329192546583851,-37.99619771863118,0.0,0.0,0.0
881,Roads & Highways,Ministry of Road Transport & Highways,618507,"Balance work of Six Laning of Shamlaji-Motachiloda from Km. 401.200 to Km.494.410 section Design Chainage Km.447.385 to Km 540.595, Length- 93.210 Km of old NH-8 NH-48 in the state of Gujarat on single Percentage Item Rate Contract",467,501.48,577.62,92,364.0,1.894592744695414,1.901098901098901,98.1098901098901,1.2368736616702356,6.210967741935484,2024.0,6.0,3.0,0.35978835978835977,0.7318840579710145,0.35978835978835977,0.7318840579710145,7.383297644539619,1.0,14.816031537450723,1.0
882,Roads & Highways,Ministry of Road Transport & Highways,618349,Balance work of Widening to 2 Two lane with hard shoulder of Churachandpur to Tuivai section of NH-102B from Design Chainage km 118850 to km 130000 Package-4A in the State of Manipur on EPC Mode,204,,112.41,26,2315.0,6.006844626967831,0.947732181425486,68.7732181425486,0.5510294117647059,4.163333333333333,2020.0,4.0,0.0,0.3609154929577465,0.7329192546583851,0.3609154929577465,0.7329192546583851,,,0.0,0.0
883,Roads & Highways,Ministry of Road Transport & Highways,618348,Balance work of Widening to 2 Two lane with hard shoulder of Churachandpur to Tuivai section of NH-102B from km 130.000 to km 141.029 Package-4B in the State of Manipur on EPC Mode,178,,97.93,9,2336.0,5.8726899383983575,0.918236301369863,82.8236301369863,0.5501685393258428,9.793000000000001,2020.0,6.0,0.0,0.3609154929577465,0.7329192546583851,0.3609154929577465,0.7329192546583851,,,0.0,0.0
884,Roads & Highways,Ministry of Road Transport & Highways,619321,Balance work of widening to two laning/re-alignment and geometric improvement from Km. 11000 to Km. 114618 with rectification of damaged stretches and provision of protection works in vulnerable location of NH-44 in the State of Mizoram.,171,,0.0,2,947.0,0.5585215605749486,0.21541710665258712,19.541710665258712,0.0,0.0,2025.0,10.0,0.0,0.3609154929577465,0.7321613236814891,0.3609154929577465,0.7321613236814891,,,,
885,Roads & Highways,Ministry of Road Transport & Highways,618898,Balance Works for Four laning of Vikravandi to Sethiyathope section from Km 0.0 to Km 65.96 of NH-45C in Tamil Nadu under NHDP Phase-IV on EPC mode,1163,834.46,264.13,38,883.0,1.267624914442163,0.5243488108720272,14.434881087202726,0.22711092003439382,6.772564102564102,2025.0,1.0,6.0,0.36155202821869487,0.7329192546583851,0.36155202821869487,0.7329192546583851,-28.2493551160791,0.0,0.0,0.0
886,Roads & Highways,Ministry of Road Transport & Highways,618522,Balance Works for six laning of Sriperumbudur to karaipettai section of NH-4 New NH-48 from 37000 Existing Km 37000 to Km 71015 Existing Km 71000 in Tamilnadu on EPC mode underNHDP Phase-V,411,411.16,134.65,38,872.0,1.894592744695414,0.7935779816513762,41.35779816513761,0.32761557177615575,3.4525641025641027,2024.0,6.0,2.0,0.36155202821869487,0.7318840579710145,0.36155202821869487,0.7318840579710145,0.03892944038930049,0.0,5.091984231274639,1.0
887,Roads & Highways,Ministry of Road Transport & Highways,619160,Balance works in AP Portion and punch list items in TN & AP portion of NH-205,167,113.46,98.52,100,821.0,3.564681724845996,1.5858708891595614,58.587088915956144,0.589940119760479,0.9754455445544554,2022.0,10.0,0.0,0.36155202821869487,0.7318840579710145,0.36155202821869487,0.7318840579710145,-32.05988023952096,0.0,12.02365308804205,1.0
888,Roads & Highways,Ministry of Road Transport & Highways,618784,Balance works of 4 lane divided carriageway of Missing Link section of NH-39 Rewa Bypass from junction with NH 30 near Bela to Junction with MPRDC ring road near Silpara on SH 9 design length 13.100 km on EPC Mode under Bharatmala Pariyojana in the State of Madhya Pradesh,355,355.36,253.13,84,981.0,2.704996577686516,1.0071355759429155,16.713557594291544,0.7130422535211267,2.9779999999999998,2023.0,8.0,2.0,0.36155202821869487,0.7318840579710145,0.36155202821869487,0.7318840579710145,0.1014084507042292,0.0,9.296977660972404,1.0
889,Roads & Highways,Ministry of Road Transport & Highways,618574,Balance Works of 4L of NH-31D from Km. 113.200 to Km. 154.854 Package-II A Ghoshpukur-Salsalabari Section,1818,962.31,461.0,61,1295.0,2.458590006844627,0.6934362934362934,8.343629343629345,0.25357535753575355,7.435483870967742,2023.0,11.0,8.0,0.36155202821869487,0.7329192546583851,0.36155202821869487,0.7329192546583851,-47.06765676567657,0.0,0.0,0.0
890,Roads & Highways,Ministry of Road Transport & Highways,619222,"Balance works of four lane from km 43.950 Thiruvallur Bypass to km 61.470 Veppampattu Bypass passing through Thannerkulam, Thozur and Sevapet Bypass 17.520 kms of Tirupathi- Tiruttani- Chennai section of NH 205",468,699.68,595.08,98,927.0,4.145106091718001,1.633225458468177,65.32254584681769,1.2715384615384617,6.010909090909092,2022.0,3.0,3.0,0.35978835978835977,0.7318840579710145,0.35978835978835977,0.7318840579710145,49.50427350427349,1.0,22.798948751642573,1.0
891,Roads & Highways,Ministry of Road Transport & Highways,619039,"Balance Works of Rehabilitation and Up gradation of NH-43 New NH-30 from Krn 162120 to Krn 173500 Length 11.380 Km. Keshkal Bypass 4-Lane with Paved shoulder in the State Of Chhattisgarh under NHDP-IV through Engineering, Procurement & Construction EPC Basis",308,,0.0,0,1090.0,0.8706365503080082,0.29174311926605506,29.174311926605505,0.0,0.0,2025.0,6.0,1.0,0.3609154929577465,0.7321613236814891,0.3609154929577465,0.7321613236814891,,,,
892,Roads & Highways,Ministry of Road Transport & Highways,619199,Bangalore Chennai Expressway Phase-II Pkg-I from km.71.000 to Km 96.000 Bethamangala in the state of Karnataka to Byreddypalli,1410,1410.01,744.42,99,1405.0,5.401779603011636,1.404270462633452,41.427046263345176,0.5279574468085106,7.4441999999999995,2020.0,12.0,7.0,0.36155202821869487,0.7318840579710145,0.36155202821869487,0.7318840579710145,0.0007092198581553833,0.0,23.19316688567674,1.0
893,Roads & Highways,Ministry of Road Transport & Highways,618475,Bangalore Chennai Expressway Phase-II Pkg-II from km.96.000 to Km 127.000 Baireddypalle to Bangarupalem section,2548,2548.04,1332.41,94,1569.0,5.190965092402464,1.2084130019120458,26.84130019120458,0.5229238618524333,14.025368421052633,2021.0,2.0,9.0,0.36155202821869487,0.7318840579710145,0.36155202821869487,0.7318840579710145,0.0015698587127144278,0.0,16.754270696452036,1.0
894,Roads & Highways,Ministry of Road Transport & Highways,618476,Bangalore Chennai Expressway Phase-II Pkg-III from km.127.000 to Km 156.000 Bangarupalem to Gudipala section,1407,1407.33,868.62,99,1410.0,5.431895961670089,1.4070921985815603,41.70921985815602,0.6173560767590618,8.6862,2020.0,11.0,7.0,0.36155202821869487,0.7318840579710145,0.36155202821869487,0.7318840579710145,0.02345415778251082,0.0,22.897503285151117,1.0
895,Roads & Highways,Ministry of Road Transport & Highways,618477,Bangalore Chennai Expressway Phase-III Package I Gudipala to Walajajhpet from Km 156.000 to Km 180.000,1482,1481.87,746.74,99,1315.0,5.522245037645448,1.5338403041825095,54.384030418250944,0.5038731443994602,7.4674000000000005,2020.0,10.0,8.0,0.36155202821869487,0.7318840579710145,0.36155202821869487,0.7318840579710145,-0.008771929824568767,0.0,27.102496714848883,1.0
896,Roads & Highways,Ministry of Road Transport & Highways,618478,Bangalore Chennai Expressway Phase-III Package II Walajahpet to Arakkonam from Km 180.000 to Km 204.500,1107,1106.65,593.0,93,1283.0,5.305954825462012,1.5105222135619643,58.05222135619641,0.5356820234869015,6.308510638297872,2021.0,1.0,6.0,0.36155202821869487,0.7318840579710145,0.36155202821869487,0.7318840579710145,-0.03161698283648682,0.0,25.558475689881732,1.0
897,Roads & Highways,Ministry of Road Transport & Highways,618479,Bangalore Chennai Expressway Phase-III Package III Arakkonam to Kancheepuram from Km 204.500 to Km 230.000,1525,1525.1,360.95,54,1329.0,5.390828199863107,1.4815650865312264,94.15650865312264,0.23668852459016393,6.5627272727272725,2020.0,12.0,8.0,0.36155202821869487,0.7318840579710145,0.36155202821869487,0.7318840579710145,0.006557377049174364,0.0,41.06438896189225,1.0
898,Roads & Highways,Ministry of Road Transport & Highways,618519,Bangalore Ring Road STRR-NH-948A- Package-I of Phase-III from Belagondapalli TN to TN/KNT border from km 144.480 to 179.969,1261,1218.47,777.0,93,1157.0,4.123203285420945,1.3016421780466725,37.16421780466726,0.6161776367961935,8.26595744680851,2022.0,3.0,7.0,0.36155202821869487,0.7318840579710145,0.36155202821869487,0.7318840579710145,-3.3727200634417107,0.0,19.513797634691194,1.0
899,Roads & Highways,Ministry of Road Transport & Highways,618706,Bangalore-Nidagatta Pkg. I,3496,4087.42,4315.21,99,1365.0,8.208076659822039,2.1963369963369965,120.63369963369965,1.2343278032036613,43.1521,2018.0,2.0,9.0,0.35978835978835977,0.7318840579710145,0.35978835978835977,0.7318840579710145,16.91704805491991,1.0,58.67279894875164,1.0
900,Roads & Highways,Ministry of Road Transport & Highways,619072,Bangalore/TN border to Hoskote,1182,1297.76,1153.14,95,1096.0,4.205338809034908,1.4014598540145986,45.14598540145985,0.9755837563451778,12.011875000000002,2022.0,2.0,6.0,0.35978835978835977,0.7318840579710145,0.35978835978835977,0.7318840579710145,9.793570219966158,1.0,21.48488830486202,1.0
901,Roads & Highways,Ministry of Road Transport & Highways,618863,Barhi-Koderma Section of NH31 km 0.00 - km 27.5,662,826.59,825.2,98,2714.0,9.169062286105408,1.2339719970523213,25.397199705232126,1.2465256797583082,8.335353535353535,2017.0,2.0,4.0,0.35978835978835977,0.7318840579710145,0.35978835978835977,0.7318840579710145,24.86253776435046,1.0,24.901445466491456,1.0
902,Roads & Highways,Ministry of Road Transport & Highways,618533,Barwa Adda Km. 398.240 to Panagarh Km. 521.120,1560,1568.22,1694.94,100,2232.0,15.7015742642026,2.5694444444444446,156.94444444444446,1.0865,16.781584158415843,2010.0,8.0,8.0,0.36155202821869487,0.7318840579710145,0.36155202821869487,0.7318840579710145,0.5269230769230786,0.0,119.11957950065703,1.0
903,Roads & Highways,Ministry of Road Transport & Highways,618799,Belakeri Port to Kumta - Sirsi road from km 0.00 - km 4.265 of Belekeri Port Road Link Rd. and km 4.965 - km 60.00 of SH-69,440,456.79,471.12,95,1716.0,8.093086926762492,1.7226107226107226,77.26107226107226,1.0707272727272727,4.9075,2018.0,3.0,3.0,0.36155202821869487,0.7318840579710145,0.36155202821869487,0.7318840579710145,3.8159090909090954,0.0,47.76609724047306,1.0
904,Roads & Highways,Ministry of Road Transport & Highways,619164,Belgaum-Khanapur Pkg I Km 0.000-Km 30.800 of NH-4A,1214,1195.74,917.82,76,1278.0,8.15605749486653,2.3309859154929575,157.09859154929575,0.7560296540362439,11.91974025974026,2018.0,3.0,7.0,0.36155202821869487,0.7318840579710145,0.36155202821869487,0.7318840579710145,-1.5041186161449747,0.0,66.88567674113008,1.0
905,Roads & Highways,Ministry of Road Transport & Highways,617908,Bemetara Bypass NH 30,162,,0.0,42,1206.0,2.308008213552361,0.6990049751243781,27.90049751243781,0.0,0.0,2024.0,1.0,0.0,0.3609154929577465,0.7329192546583851,0.3609154929577465,0.7329192546583851,,,0.0,0.0
906,Roads & Highways,Ministry of Road Transport & Highways,618664,Berkhedi to Godpehra on NH-44 Sagar link road,525,471.31,385.98,93,1004.0,4.2354551676933605,1.5408366533864541,61.0836653386454,0.7352000000000001,4.106170212765957,2022.0,2.0,3.0,0.36155202821869487,0.7318840579710145,0.36155202821869487,0.7318840579710145,-10.226666666666667,0.0,25.88699080157687,1.0
907,Roads & Highways,Ministry of Road Transport & Highways,618523,Bhadrak KM 136.500 to Baleshwar KM 199.141,845,1394.82,783.98,91,2484.0,11.422313483915127,1.679549114331723,76.9549114331723,0.9277869822485207,8.521521739130435,2014.0,11.0,5.0,0.35978835978835977,0.7318840579710145,0.35978835978835977,0.7318840579710145,65.06745562130178,1.0,62.48357424441524,1.0
908,Roads & Highways,Ministry of Road Transport & Highways,618925,Bijnor-Kotawali,301,334.48,299.77,99,796.0,5.174537987679671,2.3743718592964824,138.43718592964825,0.9959136212624584,2.9977,2021.0,2.0,1.0,0.35978835978835977,0.7318840579710145,0.35978835978835977,0.7318840579710145,11.122923588039873,1.0,39.45466491458607,1.0
909,Roads & Highways,Ministry of Road Transport & Highways,618572,Binnaguri Bypass-Descoped portion of Ghoshpukur-Dhupguri Section of NH-31Dpkg-1,310,306.02,4.77,4,960.0,1.108829568788501,0.421875,38.1875,0.015387096774193547,0.954,2025.0,3.0,1.0,0.36155202821869487,0.7329192546583851,0.36155202821869487,0.7329192546583851,-1.2838709677419413,0.0,0.0,0.0
910,Roads & Highways,Ministry of Road Transport & Highways,618693,Bodhre - Dhule,1345,1292.7,837.67,98,1270.0,5.234770704996578,1.505511811023622,52.55118110236222,0.6228029739776951,8.461313131313132,2021.0,2.0,7.0,0.36155202821869487,0.7318840579710145,0.36155202821869487,0.7318840579710145,-3.888475836431223,0.0,25.131406044678055,1.0
911,Roads & Highways,Ministry of Road Transport & Highways,618825,Bridge over Ganga River at d/s of Farraka Barrage including Approaches connecting Farakka-Raiganj,622,646.1,628.08,97,1227.0,7.723477070499658,2.2991035044824777,132.91035044824775,1.009774919614148,6.408979591836735,2018.0,8.0,4.0,0.36155202821869487,0.7318840579710145,0.36155202821869487,0.7318840579710145,3.8745980707395535,0.0,57.3915900131406,1.0
912,Roads & Highways,Ministry of Road Transport & Highways,619150,BRT Tiger Reserve Boundary Km.287.500 to Bangalore Section Km.458.420 of NH-209 in Karnataka,2083,2859.93,2242.71,100,1230.0,10.061601642710473,2.9878048780487805,198.78048780487802,1.0766730676908305,22.205049504950495,2016.0,4.0,9.0,0.35978835978835977,0.7318840579710145,0.35978835978835977,0.7318840579710145,37.29860777724435,1.0,85.34822601839684,1.0
913,Roads & Highways,Ministry of Road Transport & Highways,618619,Bypass on Western side of Gwalior City,999,,195.31,0,1018.0,1.0841889117043122,0.3889980353634578,38.89980353634578,0.1955055055055055,195.31,2025.0,3.0,6.0,0.3609154929577465,0.7329192546583851,0.3609154929577465,0.7329192546583851,,,0.0,0.0
914,Roads & Highways,Ministry of Road Transport & Highways,619043,Capacity Augmentation in the stretch of DhulePimpalgaon section of NH60 Km. 261.720 to Km. 380.000 by Construction of Slip/Service Road on either side at various locations total length 30.30 Km LHSRHS and Flyover 2 x 30m at Sawadgaon Phata Km. 310.415,342,,10.9,5,312.0,0.3887748117727584,0.4551282051282051,40.51282051282051,0.031871345029239766,1.8166666666666667,2025.0,12.0,2.0,0.3609154929577465,0.7318840579710145,0.3609154929577465,0.7318840579710145,,,11.957950065703022,1.0
915,Roads & Highways,Ministry of Road Transport & Highways,619204,"Capacity Augmentation in the stretch of Pimpri Sado Vadape section of NH848 Km. 460900 to Km. 537000 by Construction of Slip/Service Road on either side at various locations total length 25.140 Km LHSRHS, Flyover 2 x 25m at Borivali Junction Km. 528550 & LVUP 1 x 15m at Sherekarpada Km. 528800",372,,1.5,1,687.0,0.3887748117727584,0.2066957787481805,19.66957787481805,0.004032258064516129,0.75,2025.0,12.0,2.0,0.3609154929577465,0.7329192546583851,0.3609154929577465,0.7329192546583851,,,0.0,0.0
916,Roads & Highways,Ministry of Road Transport & Highways,619086,Chengapalli km 102.035 to Neelambur Km144.680 and Madukkarai Km 170.880 to Walayar K183.010 Package No. NS-2/BOT/TN-08,1247,285.55,7.24,100,1236.0,16.531143052703626,4.885113268608414,388.51132686084145,0.005805934242181235,0.07168316831683169,2009.0,10.0,7.0,0.36155202821869487,0.7318840579710145,0.36155202821869487,0.7318840579710145,-77.10104250200482,0.0,163.76478318002628,1.0
917,Roads & Highways,Ministry of Road Transport & Highways,618209,Construction & up gradation of existing road to 2-Lane with paved shoulder from existing chainage km 468000 to km 489350 Design Chainage km 465150 to km 471500 of NH-07 Old NH-58 including Joshimath bypass on EPC mode in the state of Uttarakhand Length 6.35 km,259,,0.0,37,1278.0,4.125941136208077,1.1791862284820032,80.91862284820031,0.0,0.0,2022.0,3.0,1.0,0.3609154929577465,0.7318840579710145,0.3609154929577465,0.7318840579710145,,,23.423127463863338,1.0
918,Roads & Highways,Ministry of Road Transport & Highways,618449,Construction & Upgradation of existing road to 2-lane with paved shoulder from km27.200 End of Rongli bypass to km37.600New Rolep Bridge of Rhenok-Menla spur NH-717B on EPC Mode under SARDP-NE Phase-A in Sikkim Pkg-II B,230,244.91,249.71,86,1010.0,5.806981519507187,2.1,124.0,1.0856956521739132,2.8702298850574715,2020.0,7.0,1.0,0.35978835978835977,0.7318840579710145,0.35978835978835977,0.7318840579710145,6.482608695652173,1.0,41.52431011826544,1.0
919,Roads & Highways,Ministry of Road Transport & Highways,618446,Construction & Upgradation of existing road to 2-lane with paved shoulder from New Rolep Bridge at km 37.600 to Chochenpheri at km 52.00 in the section of Rongli to Chochenpheri of NH 717B Pkg-II C,493,478.79,395.19,79,1324.0,5.560574948665297,1.533987915407855,74.39879154078551,0.8016024340770791,4.939875,2020.0,10.0,3.0,0.36155202821869487,0.7318840579710145,0.36155202821869487,0.7318840579710145,-2.8823529411764666,0.0,28.252299605781864,1.0
920,Roads & Highways,Ministry of Road Transport & Highways,618427,Construction & upgradation of existing road to 2-lane with paved shoulder including geometric improvement of Kafer- Lava More section from km 40.00 to km 61.100 of NH717-A on EPC under SARDP-NE A in state of West Bengal Pkg-VA,311,273.78,268.2,96,1014.0,5.845311430527036,2.1055226824457596,114.55226824457597,0.862379421221865,2.7649484536082474,2020.0,6.0,1.0,0.36155202821869487,0.7318840579710145,0.36155202821869487,0.7318840579710145,-11.967845659163997,0.0,44.875164257555845,1.0
921,Roads & Highways,Ministry of Road Transport & Highways,618429,Construction & upgradation of existing road to 2-lane with paved shoulder including geometric improvement of sect. from Pedong bypass to Reshi Border km 79.700 to km 96.254 of NH-717A under SARDP-NE-A on EPC as part of Alternate connectivity to Gangtok Lava More-Reshi Border Pkg-VB,345,395.59,418.73,97,657.0,5.834360027378508,3.243531202435312,227.35312024353118,1.2137101449275363,4.272755102040817,2020.0,6.0,2.0,0.35978835978835977,0.7318840579710145,0.35978835978835977,0.7318840579710145,14.663768115942021,1.0,52.46386333771353,1.0
922,Roads & Highways,Ministry of Road Transport & Highways,618395,"Construction & Upgradation to 2-lane with paved shoulder from Design Ch. Km 51700 at Premnagar km 66315 to Km 66535 New Thatri at Start of Km 83rd, Tunnel Km 82665 of 14.835 Km design length on Chenani-Sudhmahadev-Goha Khellani-Kishtwar-Vailoo Donipawa-Ashajipora section of NH-244 in the UT of J&K on EPC Mode under NHO-Gen Pkg - 2",512,,164.66,53,696.0,5.084188911704312,2.668103448275862,213.81034482758622,0.3216015625,3.049259259259259,2021.0,3.0,3.0,0.3609154929577465,0.7318840579710145,0.3609154929577465,0.7318840579710145,,,44.185282522996054,1.0
923,Roads & Highways,Ministry of Road Transport & Highways,618400,Construction & Upgradation to 2-lane with paved shoulder from Design Km 67.805 at the end of Km 83rd Tunnel near Dhrabshalla Ex. Km 83905 to Km 80.675 start of Kishtwar Bypass - Dulhasti Ex. Km 970751 of 12.870 Km length on chenani-Sudhmahadev-Goha Khellani-Kishtwar-vailoo-Donipawa-Ashajipora seition of NH-244 in the UT of J&K on EPC Mode under NHO-Gen Pkg-3,399,,120.09,99,641.0,5.084188911704312,2.8970358814352575,190.70358814352574,0.30097744360902257,1.2009,2021.0,3.0,2.0,0.3609154929577465,0.7318840579710145,0.3609154929577465,0.7318840579710145,,,31.99737187910644,1.0
924,Roads & Highways,Ministry of Road Transport & Highways,617968,Construction & Widening Including Augustmuni Bypass Ch-16.545 to Ch - 19.890 to 2L/PS from Km 16.545-Km 33.130 & 45.980 -57.975 Augustmuni to Kund & Guptkashi to Sitapur on NH 109 in UK,419,,426.18,95,1063.0,9.111567419575634,3.1307619943555975,218.07619943555977,1.0171360381861576,4.439375,2017.0,3.0,2.0,0.3609154929577465,0.7318840579710145,0.3609154929577465,0.7318840579710145,,,48.91590013140604,1.0
925,Roads & Highways,Ministry of Road Transport & Highways,618289,Construction and up gradation to 4-Lane of existing two lane with paved shoulder from Hapachara to Tulungia road of NH-117 of existing Km 0.00 to km 14.050 and Design Km 0.000 to km 14.660 under BMP on EPC mode,225,,209.95,98,1014.0,6.119096509240246,2.2041420118343193,122.41420118343194,0.9331111111111111,2.1207070707070708,2020.0,3.0,0.0,0.3609154929577465,0.7318840579710145,0.3609154929577465,0.7318840579710145,,,39.12614980289093,1.0
926,Roads & Highways,Ministry of Road Transport & Highways,618393,"Construction for Mitigation Measures of 10 Nos. Landslides, 01 No. Sinking Zones and 1 No. of Minor Bridge in between at Ch. Km 368.00 to Km 433.00 on NH-07 on EPC Mode in Uttarakhand Package-1",217,,117.83,100,729.0,2.3956194387405887,1.2002743484224965,20.027434842249647,0.5429953917050692,1.1666336633663366,2023.0,12.0,0.0,0.3609154929577465,0.7329192546583851,0.3609154929577465,0.7329192546583851,,,-21.1892247043364,0.0
927,Roads & Highways,Ministry of Road Transport & Highways,618391,"Construction for Mitigation Measures of 5 Nos. Landslides, 05 No. Sinking Zones and 01 No. Bridge from Ch. 450.00 to Ch. 468.00 18 Km. Length on NH-07 Package-III",250,,100.93,88,729.0,2.3956194387405887,1.2002743484224965,32.02743484224965,0.40372,1.1340449438202247,2023.0,12.0,1.0,0.3609154929577465,0.7318840579710145,0.3609154929577465,0.7318840579710145,,,14.651773981603153,1.0
928,Roads & Highways,Ministry of Road Transport & Highways,618392,"Construction for Mitigation Measures of 5 Nos. Landslides, 5 Nos. Sinking Zones in between Ch. 433.00 to 450.00 BANERPANI VILLAGE on NH-07 on EPC mode in the state of Uttarakhand Package-2",260,,0.0,68,914.0,2.3956194387405887,0.9573304157549234,27.733041575492337,0.0,0.0,2023.0,12.0,1.0,0.3609154929577465,0.7318840579710145,0.3609154929577465,0.7318840579710145,,,7.7858081471747695,1.0
929,Roads & Highways,Ministry of Road Transport & Highways,617923,Construction of Daspalla Bypass from km 195.250 To 200.635 of NH-57 including land acquisition in the state of Odisha on EPC mode under Annual Plan 2022-23.,156,,53.05,25,1538.0,3.167693360711841,0.7522756827048115,50.22756827048114,0.3400641025641025,2.0403846153846152,2023.0,2.0,0.0,0.3609154929577465,0.7329192546583851,0.3609154929577465,0.7329192546583851,,,0.0,0.0
930,Roads & Highways,Ministry of Road Transport & Highways,618356,Construction of 2 -Lane with paved shoulders road from Tamenglong to Mahur in the state of Manipur from km 31.430 at Old Tamenglong to km 43.480 ending near Phelong on EPC Mode Package-3,234,,201.13,98,630.0,5.084188911704312,2.947619047619048,196.76190476190476,0.8595299145299146,2.0316161616161614,2021.0,3.0,1.0,0.3609154929577465,0.7318840579710145,0.3609154929577465,0.7318840579710145,,,39.81603153745072,1.0
931,Roads & Highways,Ministry of Road Transport & Highways,618357,Construction of 2 -Lane with paved shoulders road from Tamenglong to Mahur NH-137 in Manipur starting from km 54.180 near Azuram to km 80.630 near Mandeu on EPC Mode Package 5,478,,330.13,85,617.0,4.63791923340178,2.745542949756888,189.55429497568883,0.6906485355648535,3.838720930232558,2021.0,9.0,3.0,0.3609154929577465,0.7318840579710145,0.3609154929577465,0.7318840579710145,,,32.45729303547963,1.0
932,Roads & Highways,Ministry of Road Transport & Highways,618358,Construction of 2 -Lane with paved shoulders road from Tamenglong to Mahur NH-137 starting from km 80.630 near Mandeu to km 96.870 near Jiri River on EPC Mode Package-6,311,,231.08,87,614.0,4.6269678302532515,2.752442996742671,188.2442996742671,0.7430225080385853,2.625909090909091,2021.0,9.0,1.0,0.3609154929577465,0.7318840579710145,0.3609154929577465,0.7318840579710145,,,31.40604467805519,1.0
933,Roads & Highways,Ministry of Road Transport & Highways,618034,Construction of 2 lane Barpeta Bypass from Km 77900Baradi to Km 86150 Deurikuchi Length8.25Km on NH-427 in the state of Assam under EPC ModeJob No.427/AS/2022-23/245,174,,11.38,20,1235.0,3.0910335386721424,0.91417004048583,71.417004048583,0.06540229885057472,0.5419047619047619,2023.0,3.0,0.0,0.3609154929577465,0.7329192546583851,0.3609154929577465,0.7329192546583851,,,-0.0328515111695138,0.0
934,Roads & Highways,Ministry of Road Transport & Highways,618160,"Construction of 2 lane Major Bridge including approaches over Brahmaputra between Majuli on North Bank and Jorhat on South Bank from km. 11.690 to km. 19.715 length of bridge 6,812.5m Package - II on NH-715K in the state of Assam Job no. 715/AS/2020-21/213",1019,,0.0,3,986.0,1.0869267624914443,0.4026369168356998,37.26369168356998,0.0,0.0,2025.0,3.0,6.0,0.3609154929577465,0.7329192546583851,0.3609154929577465,0.7329192546583851,,,0.0,0.0
935,Roads & Highways,Ministry of Road Transport & Highways,618200,Construction of 2 lane with Paved Shoulder for Northern Bypass Phase-II of Kota city in the State of Rajasthan.,318,,6.14,50,1110.0,4.082135523613963,1.3432432432432433,84.32432432432432,0.01930817610062893,0.1203921568627451,2022.0,3.0,2.0,0.3609154929577465,0.7318840579710145,0.3609154929577465,0.7318840579710145,,,19.54664914586071,1.0
936,Roads & Highways,Ministry of Road Transport & Highways,618011,Construction of 2 lane with paved shoulder for the work of Development of remaining sections of NH-325 Balotra to sanderao via Jalore to 2 lane with paved shoulder configuration by Construction of Byasses for town portions1 Asotra- Brahmdham bypass 2Siwana Bypass 3 Mokalsar Bypass 4 Major realignment at Kathadi 5 Major realignment at Bishangarh 6 Jalore Bypass 7 Ahore Town portion 8 Dujana Bypass in the state of Rajasthan on EPC Mode,411,,85.69,93,886.0,4.394250513347022,1.8115124153498872,88.15124153498871,0.20849148418491484,0.911595744680851,2021.0,12.0,2.0,0.3609154929577465,0.7318840579710145,0.3609154929577465,0.7318840579710145,,,29.664914586070957,1.0
937,Roads & Highways,Ministry of Road Transport & Highways,618184,Construction of 2 Lane with paved shoulder from km 55.6 to km 90.7 existing chainages of NH-766C complete Realignment of 13.76 km with 2 major Bridges across Sharavathi Backwaters on EPC mode under Annual Plan 2022-23 in the state of Karnataka NH-766C-KNT-2022-23 dated 14.10.2022,314,,160.08,65,1127.0,3.29637234770705,1.0683229813664596,41.83229813664596,0.5098089171974522,2.4254545454545458,2023.0,1.0,1.0,0.3609154929577465,0.7318840579710145,0.3609154929577465,0.7318840579710145,,,22.24047306176084,1.0
938,Roads & Highways,Ministry of Road Transport & Highways,617929,Construction of 2 lane with paved shoulder of Kund Bypass from Design Km 35.130 to Km 47.700 existing Km 33.130 to Km 41.260 of NH-109 in the State of Uttarakhand,247,,114.6,74,800.0,8.172484599589323,3.73125,299.125,0.46396761133603237,1.528,2018.0,2.0,1.0,0.3609154929577465,0.7318840579710145,0.3609154929577465,0.7318840579710145,,,79.82917214191852,1.0
939,Roads & Highways,Ministry of Road Transport & Highways,618420,"Construction of 2 lane with paved shoulder of Shillong Western Bypass starting from NH-06 near Ladumsaw existing km 60.900 of old NH-40 to NH-106 old NH-44E, Package-II km 12800 to km 24700 under SARDP-NE Phase A in the State of Meghalaya on EPC Mode",686,,357.32,50,1265.0,3.1238877481177276,0.9019762845849802,40.19762845849803,0.5208746355685131,7.006274509803921,2023.0,3.0,4.0,0.3609154929577465,0.7329192546583851,0.3609154929577465,0.7329192546583851,,,0.0328515111695138,0.0
940,Roads & Highways,Ministry of Road Transport & Highways,618202,Construction of 2 lane with paved shoulders Baramulla Bypass Greenfield bypass from existing Ch. Km 47020 to Km 56720 and Design Ch. From 48500 to 62600 Total length 14.100 km on road Srinagar Baramulla Uri NH-01 in the UT of Jammu & Kashmir under Project.Package-III,992,,112.16,47,1259.0,3.1074606433949348,0.9015091342335186,43.15091342335187,0.11306451612903226,2.3366666666666664,2023.0,3.0,6.0,0.3609154929577465,0.7318840579710145,0.3609154929577465,0.7318840579710145,,,10.939553219448094,1.0
941,Roads & Highways,Ministry of Road Transport & Highways,618413,Construction of 2 laning with Hard shoulder of Peren-Dimapur section on NH 129A from Design Km 146.208 to Km 163.592 Length- 17.384 km in the state of Nagaland on EPC mode under NHO-TSP Package-III,178,199.02,111.71,96,1576.0,5.212867898699521,1.2081218274111676,24.812182741116757,0.6275842696629214,1.1516494845360825,2021.0,2.0,0.0,0.35978835978835977,0.7318840579710145,0.35978835978835977,0.7318840579710145,11.80898876404495,1.0,14.783180026281208,1.0
942,Roads & Highways,Ministry of Road Transport & Highways,618127,Construction of 2- Lane with paved shoulder from km 56.45 Dharampur More to 93.050 Pakur of NH-333A in the State of Jharkhand on EPC mode,256,,10.06,15,1498.0,3.0937713894592744,0.7543391188251002,60.43391188251002,0.039296875,0.62875,2023.0,3.0,1.0,0.3609154929577465,0.7329192546583851,0.3609154929577465,0.7329192546583851,,,0.0,0.0
943,Roads & Highways,Ministry of Road Transport & Highways,618324,Construction of 2-lane Aizawl Bypass from km 15.200 to km 34.500 Package-3 on Sairang - Phaibawk section of NH-6 in the State of Mizoram under Bharatmala Pariyojna on EPC Mode under NHO-NE,721,,102.62,15,2082.0,3.167693360711841,0.5557156580211335,40.571565802113355,0.14233009708737865,6.41375,2023.0,2.0,4.0,0.3609154929577465,0.7321613236814891,0.3609154929577465,0.7321613236814891,,,,
944,Roads & Highways,Ministry of Road Transport & Highways,617892,Construction of 2-lane road of Potin to Pangin section of NH-13 from Km 163.59 to Km 206.66 Package-5 on EPC Mode in the State of Arunachal Pradesh under Arunachal Pradesh Package of Roads and Highways of SARDP-NE [Job No SARDP-NE/P-P/Pkg-A/NH-13/Ar.Pr./PWD/2018-19/116],451,,345.01,97,1723.0,7.1649555099247095,1.5188624492164828,54.886244921648284,0.7649889135254989,3.5205102040816327,2019.0,3.0,3.0,0.3609154929577465,0.7318840579710145,0.3609154929577465,0.7318840579710145,,,35.41392904073587,1.0
945,Roads & Highways,Ministry of Road Transport & Highways,618297,Construction of 2-lane with hard shoulder of Kohima - Jessami road on NH-29 Old NH-150 from existing Km 30.474 Near Kidwema road Chakahabama to existing Km 53.220 Near Kikruma Village Design Km 29.60 to Km 51.50 Design length-21.90 Km in the state of Nagaland Under Bharatmala Pariyojna on EPC Mode under NHO Package-II -Balance work,356,,0.0,43,2125.0,6.135523613963039,1.0545882352941176,62.45882352941176,0.0,0.0,2020.0,3.0,2.0,0.3609154929577465,0.7318840579710145,0.3609154929577465,0.7318840579710145,,,11.85939553219448,1.0
946,Roads & Highways,Ministry of Road Transport & Highways,618423,Construction of 2-Lane with hard shoulders of Merangkong-Tamlu-Mon MTM Road from existing Km 20.456 to Km 41.065 Design Km. 20 to Km. 40.0 Design Length-20.000 Km in the State of Nagaland under SARDP-NE Phase-A Pkg-2 Balance work,216,,173.12,100,2709.0,8.106776180698152,1.0930232558139534,9.302325581395337,0.8014814814814815,1.714059405940594,2018.0,3.0,0.0,0.3609154929577465,0.7318840579710145,0.3609154929577465,0.7318840579710145,,,6.701708278580814,1.0
947,Roads & Highways,Ministry of Road Transport & Highways,619059,Construction of 2-Lane with hard shoulders of Merangkong-Tamlu-Mon Road on EPC Basis from existing road Km. 76.640 to Km 98.065 Design chainage Km. 63.800 to Km. 86.835 Design Length-23.035 Km in the state of Nagaland under SARDP-NE PKG-IV Balance work,324,,147.37,79,2729.0,8.106776180698152,1.0850128252106999,29.50128252106998,0.4548456790123457,1.842125,2018.0,3.0,2.0,0.3609154929577465,0.7318840579710145,0.3609154929577465,0.7318840579710145,,,15.670170827858081,1.0
948,Roads & Highways,Ministry of Road Transport & Highways,618422,"Construction of 2-lane with hard shoulders of Merangkong-Tamlu-Mon road Wakching Twon portion on EPC basis from existing Chainage Km 59000 to Km 73640 [Design Km. 59000 to Km, 72450] Design length - 13.450 Km under SARDP-NE package-V Balance work",162,,101.28,100,1621.0,5.08145106091718,1.1449722393584207,14.497223935842072,0.6251851851851852,1.0027722772277228,2021.0,3.0,0.0,0.3609154929577465,0.7318840579710145,0.3609154929577465,0.7318840579710145,,,10.74244415243101,1.0
949,Roads & Highways,Ministry of Road Transport & Highways,618290,"Construction of 2-lane with Paved shoulder of Kohima- Bypass Road Connecting NH-39New NH-02, NH-150New NH-02, NH-61New NH-29, NH-39New NH-02 from Design Km 32.00 to Design Km 43.454Design Length-11.454 Km in the State of Nagaland under SARDP-NE on EPC Mode Package-IV",202,,102.32,47,625.0,5.746748802190281,3.3584,288.84000000000003,0.5065346534653465,2.1316666666666664,2020.0,7.0,0.0,0.3609154929577465,0.7318840579710145,0.3609154929577465,0.7318840579710145,,,56.47174770039422,1.0
950,Roads & Highways,Ministry of Road Transport & Highways,618292,Construction of 2-Lane with paved shoulder of Kohima-Bypass Road connecting New NH-02 and New NH-29 from Design Km 10.500 to design Km 21.000 [Design Length- 10.500 km] including TUNNEL of 500m at Ch. 11.000 in the state of Nagaland Under SARDP-NE on EPC Mode Package-2,277,,201.99,70,830.0,5.812457221081451,2.557831325301205,185.7831325301205,0.7292057761732852,2.844929577464789,2020.0,7.0,1.0,0.3609154929577465,0.7318840579710145,0.3609154929577465,0.7318840579710145,,,60.4796320630749,1.0
951,Roads & Highways,Ministry of Road Transport & Highways,618291,"Construction of 2-lane with Paved shoulder of Kohima-Bypass Road connecting NH- 39 New NH-02, NH150New NH-02, NH7-61 New NH-29 and NH-39 New NH-02 from Design km 21.000 to km 32.268 [Design length11.268 km] in the state of Nagaland Under SARDP-NE on EPC Mode Package- 3",160,342.29,128.32,40,1780.0,5.746748802190281,1.1792134831460674,77.92134831460675,0.8019999999999999,3.1297560975609753,2020.0,7.0,0.0,0.35978835978835977,0.7318840579710145,0.35978835978835977,0.7318840579710145,113.93125000000002,1.0,18.528252299605782,1.0
952,Roads & Highways,Ministry of Road Transport & Highways,618293,"Construction of 2-Lane with paved shoulder of Kohima-Bypass Road connecting NH-39New NH-02, NH-150New NH-02, NH-61New NH-29 and NH-39New NH-02 from design Km 0.00 to Km 10.500 in the State of Nagaland under SARDP-NE on EPC Mode Package-1 -Balance work",232,350.88,120.92,27,2315.0,5.812457221081451,0.9170626349892008,64.70626349892008,0.5212068965517241,4.3185714285714285,2020.0,7.0,1.0,0.35978835978835977,0.7329192546583851,0.35978835978835977,0.7329192546583851,51.241379310344826,1.0,0.0,0.0
953,Roads & Highways,Ministry of Road Transport & Highways,618421,"Construction of 2-Lane with paved shoulder of Shillong Western Bypass starting from NH-06 near Ladumsaw Existing km 60.900 of old NH-40 to NH106 old NH-44E, km 0000 to km 12800 Package-I under SARDP-NE PHASE A in the State of Meghalaya on EPC Mode Greenfield alignment",620,,332.95,75,1274.0,3.1485284052019167,0.902668759811617,15.266875981161704,0.537016129032258,4.380921052631579,2023.0,3.0,4.0,0.3609154929577465,0.7329192546583851,0.3609154929577465,0.7329192546583851,,,0.0328515111695138,0.0
954,Roads & Highways,Ministry of Road Transport & Highways,618419,"Construction of 2-Lane with paved shoulders of Shillong Western Bypass starting from NH-06 near Ladumsaw existing Km 60.900 of old NH40 to NH106 old NH 44E Package-III, from km 24700 to km 38256 under SARDP-NE PHASE A in the state of Meghalaya on EPC Mode Greenfield alignment",562,,340.17,52,1268.0,3.132101300479124,0.9022082018927445,38.22082018927445,0.6052846975088968,6.418301886792453,2023.0,3.0,3.0,0.3609154929577465,0.7329192546583851,0.3609154929577465,0.7329192546583851,,,0.0328515111695138,0.0
955,Roads & Highways,Ministry of Road Transport & Highways,618363,Construction of 2-laning with hard shoulder configuration of Chhumkhum to Tlabung from Design Chainage Km 37.420 to Km 74.950 of NH-302 in Mizoram under Bharatmala Pariyojana on EPC mode [Pkg-B],741,,494.49,61,560.0,4.837782340862423,3.155357142857143,254.53571428571428,0.6673279352226721,7.9756451612903225,2021.0,6.0,4.0,0.3609154929577465,0.7318840579710145,0.3609154929577465,0.7318840579710145,,,47.70039421813403,1.0
956,Roads & Highways,Ministry of Road Transport & Highways,618362,Construction of 2-laning with hard shoulder of Lunglei to Chhumkhum from Design Chainage Km 0.000 to Km 37.420 of NH-302 [Lunglei-Tlabung] Package-A,698,,553.89,65,640.0,5.084188911704312,2.9015625,225.15625,0.793538681948424,8.392272727272728,2021.0,3.0,4.0,0.3609154929577465,0.7318840579710145,0.3609154929577465,0.7318840579710145,,,46.517739816031536,1.0
957,Roads & Highways,Ministry of Road Transport & Highways,618387,Construction of 2-laning with Hard shoulder of Ukhrul Tolloi - Tadubi section of NH-102A from Design Chainage km 9450 to km 50850 in the State of Manipur on EPC mode under NHO-NE Package-2,579,,278.6,80,1090.0,3.1485284052019167,1.055045871559633,25.504587155963293,0.48117443868739207,3.4395061728395064,2023.0,3.0,3.0,0.3609154929577465,0.7318840579710145,0.3609154929577465,0.7318840579710145,,,10.019710906701707,1.0
958,Roads & Highways,Ministry of Road Transport & Highways,618388,Construction of 2-laning with Hard shoulder road of Ukhrul - Tolloi - Tadubi section of NH-102A from Design Chainage 50.850 km to 81.870 km in the State of Manipur on EPC mode under NHO-TSP Package -3,316,,257.41,94,1229.0,4.63791923340178,1.3783563873067535,43.835638730675356,0.8145886075949368,2.7095789473684215,2021.0,9.0,2.0,0.3609154929577465,0.7318840579710145,0.3609154929577465,0.7318840579710145,,,23.324572930354794,1.0
959,Roads & Highways,Ministry of Road Transport & Highways,618389,Construction of 2-laning with Hard shoulder road of Ukhrul - Tolloi - Tadubi section of NH-102A from Design Chainage 81.870 km to 105.825 km in the State of Manipur on EPC mode under NHO-TSP Package -4,311,,287.73,97,904.0,4.643394934976044,1.8761061946902655,90.61061946902655,0.9251768488745982,2.9360204081632655,2021.0,9.0,1.0,0.3609154929577465,0.7318840579710145,0.3609154929577465,0.7318840579710145,,,30.059132720105122,1.0
960,Roads & Highways,Ministry of Road Transport & Highways,618445,Construction of 2-Laning with hard shoulders of Demwe-Brahmakund section of NH-13 from Ch.0.00 km to 18.464 km on EPC under SARDP-NE NHO-NE -Balance Work,354,,26.82,20,2677.0,5.69472963723477,0.7769891669779604,57.69891669779604,0.07576271186440678,1.2771428571428571,2020.0,8.0,2.0,0.3609154929577465,0.7329192546583851,0.3609154929577465,0.7329192546583851,,,0.0,0.0
961,Roads & Highways,Ministry of Road Transport & Highways,618448,Construction of 2-Laning with Paved Shoulder of New Greenfield Alignment From Chochenpheri at Km 52000 to Helipad near Menla at Km 82000 of Rhenock-Menla Spur NH-717B Package-IIIA on EPC Basis under SARDP-NE Phase 'A' in the State of Sikkim.,817,786.6,474.96,64,1158.0,5.560574948665297,1.7538860103626943,111.38860103626942,0.5813463892288862,7.307076923076923,2020.0,10.0,5.0,0.36155202821869487,0.7318840579710145,0.36155202821869487,0.7318840579710145,-3.720930232558137,0.0,41.29434954007884,1.0
962,Roads & Highways,Ministry of Road Transport & Highways,618447,Construction of 2-Laning with Paved Shoulder of New Greenfield Alignment From Helipad near Menla at Km 82000 to Menla at Km 94030 of Rhenock-Menla Spur NH-717B Package-IIIB on EPC Basis under SARDP-NE Phase 'A' in the State of Sikkim.,411,379.3,241.77,83,1132.0,5.278576317590692,1.7031802120141342,87.31802120141342,0.5882481751824817,2.878214285714286,2021.0,1.0,2.0,0.36155202821869487,0.7318840579710145,0.36155202821869487,0.7318840579710145,-7.712895377128951,0.0,39.15900131406045,1.0
963,Roads & Highways,Ministry of Road Transport & Highways,618556,"Construction of 26 VUPs, Major Bridge, Service Road etc. on Lalitpur-Sagar-Lakhnadon section of NH-44 NS",666,665.91,574.39,97,1128.0,3.241615331964408,1.049645390070922,7.964539007092199,0.8624474474474474,5.861122448979592,2023.0,2.0,4.0,0.36155202821869487,0.7318840579710145,0.36155202821869487,0.7318840579710145,-0.013513513513518292,0.0,5.19053876478318,1.0
964,Roads & Highways,Ministry of Road Transport & Highways,619293,Construction of 4 Lane Access Controlled Bypass for Dehradun on NH307 from Design Chainage km 0050 Jhajra on NH-07 to Design Chainage km 12220 Asharori on EPC Mode in the State of Uttarakhand under NHO,716,337.11,191.78,63,1233.0,2.3956194387405887,0.7096512570965126,7.965125709651261,0.2678491620111732,2.9965625,2023.0,12.0,4.0,0.36155202821869487,0.7329192546583851,0.36155202821869487,0.7329192546583851,-52.91759776536312,0.0,0.0,0.0
965,Roads & Highways,Ministry of Road Transport & Highways,619253,Construction of 4 lane Bypass to Nalgonda Town lrorn Km 000 Existing Ch. 181590 to Km 14.00 Existing Ch. 28/685 ol Nakrekal to Nagarjunsagar Section of NH -565 in the State of Telangara on EPC under Annual Plan 2024 -25,516,,0.0,56,1072.0,1.5003422313483916,0.5111940298507462,-4.880597014925378,0.0,0.0,2024.0,10.0,3.0,0.3609154929577465,0.7329192546583851,0.3609154929577465,0.7329192546583851,,,0.0,0.0
966,Roads & Highways,Ministry of Road Transport & Highways,617896,"Construction of 4 lane Gauripur Bypass Starting bfrom Km 852.56 of NH-31Dumardoha Pt-II and Terminating at Km 862.17 Baladmara via. Khudimari Pt.- II, Fulkumari, Charaldanga, Sajuakuti,Geramari Pt.-III and finally meeting at km 862.17 of NH-17New/ NH-31Old in the State of Assam under EPC Mode Job no. 31/AS/ 2023-24/265",421,,0.0,34,953.0,2.1245722108145104,0.8142707240293809,47.427072402938094,0.0,0.0,2024.0,3.0,2.0,0.3609154929577465,0.7329192546583851,0.3609154929577465,0.7329192546583851,,,0.0,0.0
967,Roads & Highways,Ministry of Road Transport & Highways,618247,Construction of 4 lane Mirzapur bypass including bridge over river Ganga from km 0.000 to km 15.000 of NH 135A in the State of Uttar Pradesh on HAM Mode.,1709,,0.0,7,1777.0,2.1464750171115674,0.44119302194710186,37.11930219471019,0.0,0.0,2024.0,3.0,8.0,0.3609154929577465,0.7329192546583851,0.3609154929577465,0.7329192546583851,,,0.0,0.0
968,Roads & Highways,Ministry of Road Transport & Highways,617969,Construction of 4 Lane ROB and its approaches at the level crossing LC No 29 B of Km 29 Ekangarsarai at NH 110 New NH 33 & Railway Km 32.63 at Fatwa FUT Islampur IPR section in the state of Bihar on EPC mode.,201,,0.01,62,1226.0,3.137577002053388,0.9347471451876019,31.474714518760194,4.9751243781094526e-05,0.00015873015873015873,2023.0,3.0,0.0,0.3609154929577465,0.7318840579710145,0.3609154929577465,0.7318840579710145,,,5.4204993429697765,1.0
969,Roads & Highways,Ministry of Road Transport & Highways,617905,Construction of 4 lane ROB with approaches in lieu of LC No. RV-172 at km 176.00 of NH-201 present NH-26 at Kesinga including land acquisition in the state of Odisha on EPC mode under Annual Plan 2021-22,324,,88.48,78,1225.0,4.331279945242985,1.2914285714285714,51.14285714285714,0.27308641975308645,1.12,2021.0,12.0,2.0,0.3609154929577465,0.7318840579710145,0.3609154929577465,0.7318840579710145,,,24.375821287779235,1.0
970,Roads & Highways,Ministry of Road Transport & Highways,618205,"Construction of 4 lane with paved shoulder from Existing Ch. 14200 to 24320 Design Ch. 14200 to 24400, Ch. 33760 to 42780 Design Ch. 35300 to 44294 & Ch. 43440 to 47020 Design Ch. 44958 to 48500 Delina Flyover including construction of flyover length 1.704 km of total length 22.736 kms in AOR of 760 BRTF on road SRINAGAR BARAMULA URI NH-01 in the UT of Jammu & Kashmir under project BEACON, Border Roads Organization BRO Package-IJob No NH-1-J&K-2022-23-110",823,,298.96,86,1152.0,3.8357289527720737,1.2161458333333333,35.61458333333333,0.3632563791008505,3.4363218390804597,2022.0,6.0,5.0,0.3609154929577465,0.7318840579710145,0.3609154929577465,0.7318840579710145,,,16.228646517739815,1.0
971,Roads & Highways,Ministry of Road Transport & Highways,618203,"Construction of 4 lane with paved shoulder Pattan bypass Greenfield bypass from existing Ch. Km 24320 to Km 33760 and Design Ch. from Km 24400 to Km 35300, total length 10.900 km on road SrinagarBaramulla Uri NH-01 in the UT of Jammu & Kashmir under Project BEACON, Border Roads Organization BRO on EPC mode. Package-II",980,,132.03,57,1227.0,3.1074606433949348,0.9250203748981255,35.50203748981255,0.13472448979591836,2.2763793103448275,2023.0,3.0,6.0,0.3609154929577465,0.7318840579710145,0.3609154929577465,0.7318840579710145,,,6.964520367936925,1.0
972,Roads & Highways,Ministry of Road Transport & Highways,619061,Construction of 4 lane with PS Idar-Badoli bypass section from design km 81/300 to km 95/500 of NH 168G in the State of Gujarat,705,,0.0,7,1136.0,1.0924024640657084,0.3512323943661972,28.12323943661972,0.0,0.0,2025.0,3.0,4.0,0.3609154929577465,0.7329192546583851,0.3609154929577465,0.7329192546583851,,,0.0,0.0
973,Roads & Highways,Ministry of Road Transport & Highways,617919,Construction of 4 Nos Grade separtor between km. 281.000 to km. 307.600 km. 286.400 kumhari km. 299.000 Transport Nagar km. 302.000 Power House km. 304.000 Chandra Moura Chowk to km. 305.000 supeia of NH-53 old NH-06 Raipur -Durg 4 Lane on EPC mode in the state of chhattisgarh job NO. NH-53old NH-06 CG-2017-18-56,349,,304.04,98,1042.0,8.106776180698152,2.841650671785029,186.1650671785029,0.8711747851002866,3.071111111111111,2018.0,3.0,2.0,0.3609154929577465,0.7318840579710145,0.3609154929577465,0.7318840579710145,,,55.09198423127464,1.0
974,Roads & Highways,Ministry of Road Transport & Highways,619057,Construction of 4-Lane Badarpur Bypass from Design Chainage km 27300 at crossing with NH-6 Old NH-44 Near Siddeswar Pt.-I Village to Design Chainage km 38600 on NH-37 Old NH-44 at Kandigram Chaita Village on Silchar - Churaibari stretch in the State of Assam on EPC Mode under Bharatmala Pariyojana in Economic Corridors Silchar- Churaibari Pkg-3,574,,330.98,71,1258.0,3.167693360711841,0.9197138314785374,20.971383147853743,0.5766202090592335,4.5969444444444445,2023.0,2.0,3.0,0.3609154929577465,0.7318840579710145,0.3609154929577465,0.7318840579710145,,,7.687253613666228,1.0
975,Roads & Highways,Ministry of Road Transport & Highways,618373,"Construction of 4-Lane Bridge including approaches over River Brahmaputra between Dhubri on North Bank,Assam and Phulbari on south Bank,Meghalaya on NH-127B under JICA ODA Loan assistance Phase-III",4997,,3081.08,77,3417.0,6.98425735797399,0.7465613110916008,-2.3438688908399143,0.6165859515709425,39.50102564102564,2019.0,5.0,9.0,0.3609154929577465,0.7329192546583851,0.3609154929577465,0.7329192546583851,,,0.0,0.0
976,Roads & Highways,Ministry of Road Transport & Highways,619142,Construction of 4-lane connectivity to Banbasa ICP at India Nepal border from NH-09 old NH-125 Sitarganj-Tanakpur at Km 40.00 near Jagbuda bridge under Bharatmala Priyojana of NH-109D on EPC mode in the State of Uttarakhand,217,237.01,213.92,75,807.0,3.868583162217659,1.7509293680297398,100.09293680297398,0.9858064516129031,2.814736842105263,2022.0,6.0,0.0,0.35978835978835977,0.7318840579710145,0.35978835978835977,0.7318840579710145,9.221198156682023,1.0,31.274638633377133,1.0
977,Roads & Highways,Ministry of Road Transport & Highways,618001,"Construction of 4-lane flyover at Amberpet-X road, Hyderabad on NH-202 in the State of Telangana",217,265.88,172.17,92,1877.0,7.9780971937029435,1.552477357485349,63.24773574853489,0.7934101382488479,1.851290322580645,2018.0,5.0,0.0,0.35978835978835977,0.7318840579710145,0.35978835978835977,0.7318840579710145,22.525345622119815,1.0,36.070959264126145,1.0
978,Roads & Highways,Ministry of Road Transport & Highways,618166,Construction of 4-lane green field highway from Km. 35.000 to Km. 49.155 of NH-731A with paved shoulders on Hybrid Annuity Mode in the state of Uttar Pradesh,698,,0.04,100,1392.0,4.312114989733059,1.1314655172413792,13.146551724137922,5.730659025787966e-05,0.00039603960396039607,2022.0,1.0,4.0,0.3609154929577465,0.7318840579710145,0.3609154929577465,0.7318840579710145,,,8.31143232588699,1.0
979,Roads & Highways,Ministry of Road Transport & Highways,618308,Construction of 4-Lane Panchgram Bypass from Design Chainage km 15500 on NH-37 Old NH-53 at Kalinagar Pt.-I Village to Design Chainage km 27300 at crossing with NH-6 Old NH-44 Near Siddeswar Pt.-I Village on Silchar - Churaibari stretch in the State of Assam on EPC Mode under Bharatmala Pariyojana in Economic Corridors Silchar- Churaibari Package-2,676,728.97,339.78,57,1426.0,3.1238877481177276,0.800140252454418,23.0140252454418,0.5026331360946745,5.8582758620689654,2023.0,3.0,4.0,0.35978835978835977,0.7329192546583851,0.35978835978835977,0.7329192546583851,7.835798816568051,1.0,1.6425755584756898,0.0
980,Roads & Highways,Ministry of Road Transport & Highways,618417,"Construction of 4-Lane with paved shoulder Agartala bypass Western side, length 25.402 km connecting NH-8 near Amtali to NH-108B near Lembuchhera in the state of Tripura on EPC basis under NHO-NE",2026,,462.34,9,1448.0,3.1074606433949348,0.7838397790055248,69.38397790055248,0.22820335636722605,46.233999999999995,2023.0,3.0,9.0,0.3609154929577465,0.7329192546583851,0.3609154929577465,0.7329192546583851,,,0.0,0.0
981,Roads & Highways,Ministry of Road Transport & Highways,618320,Construction of 4-Laning of N. Kawnpui N. Mualvum Mualkhang via Khamrang Village section Package-7 of NH-6 from Existing Chainage km 127200 to km 142000 Design Chainage km 111850 to km 123400 on Silchar - Vairengte - Sairang road in the State of Mizoram on EPC mode,866,,190.01,19,1720.0,2.212183436002738,0.4697674418604651,27.97674418604651,0.2194110854503464,9.500499999999999,2024.0,2.0,5.0,0.3609154929577465,0.7321613236814891,0.3609154929577465,0.7321613236814891,,,,
982,Roads & Highways,Ministry of Road Transport & Highways,618321,Construction of 4-Laning of West Serawlg-Sairang section of NH-6 from Existing Chainage km 142000 to km 158900 Design Chainage km 123400 to km 136260 on Silchar - Vairengte - Sairang road in the State of Mizoram under Bharatmala Pariyojna on EPC mode under NHO-NE Package-8,876,,288.34,14,1724.0,2.212183436002738,0.46867749419953597,32.8677494199536,0.3291552511415525,19.222666666666665,2024.0,2.0,5.0,0.3609154929577465,0.7321613236814891,0.3609154929577465,0.7321613236814891,,,,
983,Roads & Highways,Ministry of Road Transport & Highways,618869,"Construction of 4/6 lane Highway of Southern Bareilly Bypass, starting at Ch. 237000 of NH 530 near Jhumka chauraha, Dhantiya village and ending at Ch. 267000 of NH 30 near Invertis University including Trumpet Interchange",1122,1869.59,620.25,16,1283.0,1.3634496919917864,0.3881527669524552,22.815276695245522,0.5528074866310161,36.48529411764706,2024.0,12.0,6.0,0.35978835978835977,0.7329192546583851,0.35978835978835977,0.7329192546583851,66.6301247771836,1.0,0.0,0.0
984,Roads & Highways,Ministry of Road Transport & Highways,618500,Construction of 4L Connector from Delhi Meerut Expressway Km 50.000 of Pkg IV to Km 8.520 of NH-235 Pkg-5,1081,1116.19,455.0,78,935.0,4.646132785763176,1.8149732620320855,103.49732620320856,0.42090656799259946,5.7594936708860756,2021.0,9.0,6.0,0.36155202821869487,0.7318840579710145,0.36155202821869487,0.7318840579710145,3.2553191489361755,0.0,29.07358738501971,1.0
985,Roads & Highways,Ministry of Road Transport & Highways,618609,Construction of 4L Flyover from MES College Junction to Bogmalo Junction on NH-566 from Km. 7.106 to Km. 10.460 and 4L VUP at Queeny Nagar Junction from Km. 3.330 to Km. 4.550,463,316.28,168.21,59,925.0,2.2806297056810405,0.9005405405405406,31.05405405405405,0.36330453563714904,2.8035,2024.0,1.0,3.0,0.36155202821869487,0.7318840579710145,0.36155202821869487,0.7318840579710145,-31.68898488120951,0.0,9.986859395532194,1.0
986,Roads & Highways,Ministry of Road Transport & Highways,619298,Construction of 6 Lane Elevated corridor from KM 612582 to KM 617540 including construction of Service Roads in Kolhapur City on NH -48 in the State of Maharashtra on EPC mode under NHO,1039,,0.06,0,1222.0,0.23819301848049282,0.07119476268412439,7.1194762684124395,5.774783445620789e-05,0.06,2026.0,2.0,6.0,0.3609154929577465,0.7329192546583851,0.3609154929577465,0.7329192546583851,,,0.0,0.0
987,Roads & Highways,Ministry of Road Transport & Highways,618524,Construction of 6 lane elevated corridor including its approaches from Km. 629880 to Km. 634470 Design Chainage of NH-16 in Ranasthalam Town portion in the state of Andhra Pradesh on EPC Mode under NHO.,258,192.85,55.83,39,977.0,1.787816563997262,0.6683725690890481,27.837256908904806,0.2163953488372093,1.39575,2024.0,7.0,1.0,0.36155202821869487,0.7318840579710145,0.36155202821869487,0.7318840579710145,-25.251937984496127,0.0,5.387647831800263,1.0
988,Roads & Highways,Ministry of Road Transport & Highways,617912,Construction of 6 lane flyover from Khapari ROB to Mihan Interchange design chainage km 8760 to 11450 L- 2.69 km and upgradation of existing 4L PS road to 6LPS with service road by flexible pavement design chainage km 11450 to 14500 L-3.05 [total project length 5.74 km] in section of Nagpur - Hyderabad NH-44 Old NH-7 in Nagpur district in the state of Maharashtra on HAM mode.,620,,18.35,8,1297.0,2.1245722108145104,0.5983037779491134,51.830377794911335,0.02959677419354839,2.038888888888889,2024.0,3.0,4.0,0.3609154929577465,0.7329192546583851,0.3609154929577465,0.7329192546583851,,,-0.0328515111695138,0.0
989,Roads & Highways,Ministry of Road Transport & Highways,618932,Construction of 6 lane Indore western bypass from km 0000 to Km 34000 Pkg -l in the State of Madhya Pradesh on Hybrid Annuity Mode under NHO,1535,1472.68,657.89,28,1402.0,2.1683778234086244,0.5649072753209701,28.490727532097004,0.4285928338762215,22.685862068965516,2024.0,2.0,8.0,0.36155202821869487,0.7329192546583851,0.36155202821869487,0.7329192546583851,-4.059934853420192,0.0,0.0,0.0
990,Roads & Highways,Ministry of Road Transport & Highways,618933,Construction of 6 lane Indore western bypass from km 34000 to Km 64000 Pkg-II in the state of Madhya Pradesh on Hybrid Annuity Mode under NHO,1431,,662.93,18,1440.0,2.1437371663244353,0.54375,36.37499999999999,0.46326345213137665,34.891052631578944,2024.0,3.0,7.0,0.3609154929577465,0.7329192546583851,0.3609154929577465,0.7329192546583851,,,0.0,0.0
991,Roads & Highways,Ministry of Road Transport & Highways,618233,Construction of 6-lane bridge on Ganga on NH-96 and its approaches in Phaphamau Allahabad on EPC mode,1948,1465.41,0.43,91,2045.0,7.8028747433264884,1.3936430317848412,48.36430317848411,0.00022073921971252567,0.004673913043478261,2018.0,7.0,9.0,0.36155202821869487,0.7318840579710145,0.36155202821869487,0.7318840579710145,-24.77361396303901,0.0,31.471747700394218,1.0
992,Roads & Highways,Ministry of Road Transport & Highways,618250,Construction of 6-Lane Elevated / Extra Dose Cable Bridge on River Ganga parallel to & Western side of Digha-Sonepur Rail cum-Road Bridge of NH 139W in the State of Bihar,3064,,0.0,19,1397.0,2.316221765913758,0.6055833929849678,41.558339298496776,0.0,0.0,2024.0,1.0,9.0,0.3609154929577465,0.7318840579710145,0.3609154929577465,0.7318840579710145,,,13.92904073587385,1.0
993,Roads & Highways,Ministry of Road Transport & Highways,618591,"Construction of 6-lane flyover at Ainthapali junction and a 2-lane ROB LHS on NH-53 Earlier NH-6 in Sambalpur, on EPC mode in Odisha under NHO",374,211.74,106.91,54,1012.0,2.135523613963039,0.7707509881422925,23.07509881422925,0.285855614973262,1.9438181818181817,2024.0,3.0,2.0,0.36155202821869487,0.7329192546583851,0.36155202821869487,0.7329192546583851,-43.38502673796791,0.0,0.0,0.0
994,Roads & Highways,Ministry of Road Transport & Highways,618742,"Construction of 6-lane Greenfield corridor from Ramnagar to Kacchi Dargah NH-119D from Km 109700 to Km 122300, including widening of the existing NH-31 from Km 196700 to Km 198600, as part of the Amas-Darbhanga.",1113,,12.44,1,1182.0,1.2539356605065024,0.38747884940778343,37.74788494077834,0.011176999101527403,6.22,2025.0,1.0,6.0,0.3609154929577465,0.7329192546583851,0.3609154929577465,0.7329192546583851,,,0.0,0.0
995,Roads & Highways,Ministry of Road Transport & Highways,618627,Construction of 7 Nos of Standalone safety structures/works at different locations on various NHs,169,112.03,26.78,33,741.0,1.2840520191649556,0.6329284750337382,30.292847503373814,0.15846153846153846,0.7876470588235295,2025.0,1.0,0.0,0.36155202821869487,0.7329192546583851,0.36155202821869487,0.7329192546583851,-33.710059171597635,0.0,-0.22996057818659657,0.0
996,Roads & Highways,Ministry of Road Transport & Highways,619299,Construction of a 6-Lane Elevated Corridor from Km 593766 to Km 596620 Including Construction of Service Roads in Kagal City on NH-48 in the State of Maharashtra on EPC Mode.,358,,0.08,0,826.0,0.15331964407939766,0.06779661016949153,6.779661016949152,0.000223463687150838,0.08,2026.0,3.0,2.0,0.3609154929577465,0.7329192546583851,0.3609154929577465,0.7329192546583851,,,0.0,0.0
997,Roads & Highways,Ministry of Road Transport & Highways,618228,construction of a new 4 lane Parallel to existing MG Setu with its approaces from km 0.00 to km 14.500 across river Ganga on NH-19 at Patna in the state of Bihar.,2926,,622.65,75,2049.0,7.211498973305955,1.2855051244509517,53.550512445095166,0.21279904306220096,8.192763157894737,2019.0,2.0,9.0,0.3609154929577465,0.7318840579710145,0.3609154929577465,0.7318840579710145,,,39.25755584756899,1.0
998,Roads & Highways,Ministry of Road Transport & Highways,618234,Construction of a new 4-lane major bridge across river Kosi at Phulaut including Rehabilitation and upgradation of existing Birpur and Bihpur section of NH-106 from km 106.000 to km 136.000 to 2-lane with paved shoulders in the State of Bihar on EPC mode,1478,,901.52,99,2086.0,7.60848733744011,1.332214765100671,34.221476510067106,0.6099594046008119,9.0152,2018.0,9.0,8.0,0.3609154929577465,0.7318840579710145,0.3609154929577465,0.7318840579710145,,,32.75295663600526,1.0
999,Roads & Highways,Ministry of Road Transport & Highways,618882,Construction of additional 3-Lane Bridge over River Ganga for connection between Buxar and Bharauli on NH-922 in the State of Uttar Pradesh and Bihar on Hybrid Annuity Mode,532,444.92,47.11,22,1436.0,2.1245722108145104,0.5403899721448467,32.038997214484674,0.08855263157894737,2.0482608695652176,2024.0,3.0,3.0,0.36155202821869487,0.7329192546583851,0.36155202821869487,0.7329192546583851,-16.368421052631575,0.0,0.0,0.0
1000,Roads & Highways,Ministry of Road Transport & Highways,617893,Construction of additional major Bridge with 4- lane configuration of length 1.48 km on NH-60 NH-14 over River Kangshabati from Km. 117.770 to Km 119.250 and additional major Bridge with 4- lane configuration of length 0.900 km on NH-60 NH-14 over River Shilabati from Km. 173.220 to Km 174.120 in the district of Paschim Medinipur of West Bengal under Annual Plan for FY 2023-24 on EPC mode. Job No 014-W8-2023-24/527 .,305,,0.15,0,1642.0,2.4531143052703626,0.5456760048721072,54.56760048721072,0.0004918032786885246,0.15,2023.0,11.0,1.0,0.3609154929577465,0.7329192546583851,0.3609154929577465,0.7329192546583851,,,0.0,0.0
1001,Roads & Highways,Ministry of Road Transport & Highways,618508,Construction of Additional Structures including Approaches in Vadodara Surat Section of NH48 between existing Km. 108.000 to Km. 250.000,907,907.39,368.63,49,1058.0,2.1492128678986995,0.7419659735349716,25.196597353497168,0.40642778390297685,7.3726,2024.0,3.0,5.0,0.36155202821869487,0.7318840579710145,0.36155202821869487,0.7318840579710145,0.04299889746416608,0.0,5.026281208935611,1.0
1002,Roads & Highways,Ministry of Road Transport & Highways,618506,"Construction of Additional Structures, Improvement of Service Road & Maintenance of Six Lane Gurgaon-Jaipur Section of NH-48 old NH-8 between km 42700 to km 107100 in the State of Haryana",402,240.02,131.79,61,1071.0,1.919233401779603,0.6545284780578898,4.452847805788977,0.3278358208955224,2.1256451612903224,2024.0,5.0,2.0,0.36155202821869487,0.7329192546583851,0.36155202821869487,0.7329192546583851,-40.29353233830846,0.0,0.0,0.0
1003,Roads & Highways,Ministry of Road Transport & Highways,618430,Construction of alternative highway to Gangtok in Sikkim via Bagrakot -Chuikhim-Nimbong -Kafer-Bakhim-Algarah-Rhenock in the State of West Bengal and from Rhenok-Rorathang-Pakyong along with spur from Aritar-Rolep-Menla in the State of Sikkim from Km 0.00 to Km 13.00 of Bagrakot -Kafer section of NH 717A on EPC Mode under Phase-A of SARDP-NE in the State of West Bengal PKG- IVA,403,,261.9,99,1473.0,8.106776180698152,2.010183299389002,102.0183299389002,0.6498759305210917,2.6189999999999998,2018.0,3.0,2.0,0.3609154929577465,0.7318840579710145,0.3609154929577465,0.7318840579710145,,,52.890932982917214,1.0
1004,Roads & Highways,Ministry of Road Transport & Highways,618431,Construction of alternative highway to Gangtok in Sikkim via Bagrakot -Chuikhim-Nimbong -Kafer-Bakhim-Algarah-Rhenock in the State of West Bengal and from Rhenok-Rorathang-Pakyong along with spur from Aritar-Rolep-Menla in the State of Sikkim from Km 13.00 to Km 25.60 of Bagrakot -Kafer section of NH 717A on EPC Mode under Phase-A of SARDP-NE in the State of West Bengal PKG- IVB,296,,255.94,98,1840.0,8.106776180698152,1.6092391304347826,62.92391304347825,0.8646621621621622,2.585252525252525,2018.0,3.0,1.0,0.3609154929577465,0.7318840579710145,0.3609154929577465,0.7318840579710145,,,44.875164257555845,1.0
1005,Roads & Highways,Ministry of Road Transport & Highways,618066,Construction of Amethi bypass Part-II at km.30.050 of NH-931 under EPC mode in the state of Uttar Pradesh,284,,38.69,48,1522.0,3.381245722108145,0.8114323258869908,33.14323258869908,0.13623239436619716,0.7895918367346938,2022.0,12.0,1.0,0.3609154929577465,0.7329192546583851,0.3609154929577465,0.7329192546583851,,,0.0,0.0
1006,Roads & Highways,Ministry of Road Transport & Highways,619301,Construction of Approach Road to Rail-cum- Road Bridge across river Ganga at Munger Ghat NH-333 B,538,633.91,573.97,100,2860.0,12.752908966461328,1.6286713286713286,62.86713286713285,1.0668587360594797,5.682871287128713,2013.0,7.0,3.0,0.35978835978835977,0.7318840579710145,0.35978835978835977,0.7318840579710145,17.827137546468396,1.0,63.107752956636006,1.0
1007,Roads & Highways,Ministry of Road Transport & Highways,618157,Construction of Ater realignment & Bhind bypass Total length. 21.50 km Section of NH-552Extn. to Two lane with paved shoulder configuration in the State of Madhya Pradesh on EPC mode.,348,,79.84,79,1170.0,3.0937713894592744,0.9658119658119658,17.58119658119658,0.22942528735632184,0.998,2023.0,3.0,2.0,0.3609154929577465,0.7318840579710145,0.3609154929577465,0.7318840579710145,,,6.734559789750328,1.0
1008,Roads & Highways,Ministry of Road Transport & Highways,618414,Construction of Balance work for 2-lane with hard shoulder of Peren- Dimapur section on NH-129A from Design Km 126.775 to Km 146.208 Length 19.433 Km in the state of Nagaland on EPC mode under NHO-TSP Package-II,259,,136.09,97,1695.0,5.278576317590692,1.137463126843658,16.74631268436579,0.5254440154440154,1.3886734693877552,2021.0,1.0,1.0,0.3609154929577465,0.7329192546583851,0.3609154929577465,0.7329192546583851,,,0.0,0.0
1009,Roads & Highways,Ministry of Road Transport & Highways,618433,Construction of Balance work of 2-Lane with PS of Joram Koloriang Road from existing Km122.600 to km138.00 [Design Km108.724 to Km123.714] in Arunachal Pradesh on EPC Mode under SARDP-NE Pkg-7,185,,156.42,100,1872.0,9.201916495550993,1.795405982905983,79.5405982905983,0.8455135135135134,1.5487128712871285,2017.0,2.0,0.0,0.3609154929577465,0.7318840579710145,0.3609154929577465,0.7318840579710145,,,48.91590013140604,1.0
1010,Roads & Highways,Ministry of Road Transport & Highways,618437,"Construction of Balance Work of 4-Laning of NH-37 Section between End of Moran Bypass to Bogibeel junction near Lapetketa Km. 561.700-Km. 580.875 under SARDP-NE, Phase 'A' in the State of Assam on EPC mode Pkg-I Road works & Toll Plaza",274,,116.66,100,3349.0,10.297056810403832,1.123021797551508,12.302179755150803,0.42576642335766424,1.155049504950495,2016.0,1.0,1.0,0.3609154929577465,0.7318840579710145,0.3609154929577465,0.7318840579710145,,,4.92772667542707,1.0
1011,Roads & Highways,Ministry of Road Transport & Highways,618441,"Construction of Balance Work of 4-Laning of the Section from Jhanji to Demow of NH-37 Old from Km 490.800 to Km 501.800 11.000 Km, under SARDP- NE under EPC Mode in the state of Assam Pkg-I Road Works",468,476.5,97.88,87,3555.0,10.318959616700889,1.060196905766526,19.019690576652593,0.20914529914529914,1.1122727272727273,2016.0,1.0,3.0,0.36155202821869487,0.7318840579710145,0.36155202821869487,0.7318840579710145,1.8162393162393164,0.0,13.074901445466491,1.0
1012,Roads & Highways,Ministry of Road Transport & Highways,618440,"Construction of Balance Work of 4-Laning of the Section from Jhanji to Demow of NH-37 Old from Km 490.800 to Km 534.800, under SARDP- NE on EPC Mode in the state of Assam Pkg- IV Structures & Toll Plaza",187,100.22,16.71,58,3570.0,10.318959616700889,1.0557422969187675,47.57422969187675,0.08935828877005349,0.2832203389830509,2016.0,1.0,0.0,0.36155202821869487,0.7318840579710145,0.36155202821869487,0.7318840579710145,-46.406417112299465,0.0,12.582128777923783,1.0
1013,Roads & Highways,Ministry of Road Transport & Highways,619013,"Construction of Balance Work of 4-Laning of the Section from Jhanji to Demow of NH-37 Old from Km 501.800 to Km 514.800 13.000 Km, under SARDP- NE under EPC Mode in the state of Assam Pkg-II Road Works",509,542.87,111.18,74,4101.0,11.496235455167694,1.0238966105827847,28.389661058278463,0.21842829076620826,1.4824000000000002,2014.0,10.0,3.0,0.35978835978835977,0.7318840579710145,0.35978835978835977,0.7318840579710145,6.654223968565816,1.0,9.264126149802891,1.0
1014,Roads & Highways,Ministry of Road Transport & Highways,619060,"Construction of Balance Work of 4-Laning of the Section from Jhanji to Demow of NH-37 Old from Km 514.800 to Km 534.800 20.000 Km, under SARDP- NE under EPC Mode in the state of Assam Pkg-III Road Works",345,619.7,56.58,72,3985.0,11.496235455167694,1.0537013801756587,33.37013801756588,0.164,0.7750684931506849,2014.0,10.0,2.0,0.35978835978835977,0.7318840579710145,0.35978835978835977,0.7318840579710145,79.62318840579712,1.0,13.074901445466491,1.0
1015,Roads & Highways,Ministry of Road Transport & Highways,618442,"Construction of Balance Work of the 4-Laning of the Section from Jorhat to Jhanji of NH-37 Old from Km 477.000 to Km 490800 13.800 Km, under SARDP- NE under EPC Mode in the state of Assam Pkg-III Road Works",359,,100.4,100,214.0,2.302532511978097,3.9299065420560746,292.9906542056075,0.27966573816155993,0.9940594059405942,2024.0,1.0,2.0,0.3609154929577465,0.7318840579710145,0.3609154929577465,0.7318840579710145,,,22.601839684625492,1.0
1016,Roads & Highways,Ministry of Road Transport & Highways,619186,Construction of Balance works of Major Bridge over Middle Strait Creek between Km.106.590 to km108.553 of NH-04 connecting South Andaman & Baratang Island in the Union Territory of Andaman & Nicobar Islands on EPC basis,263,371.88,112.15,13,3984.0,11.082819986310746,1.0160642570281124,88.60642570281124,0.426425855513308,8.010714285714286,2015.0,3.0,1.0,0.35978835978835977,0.7318840579710145,0.35978835978835977,0.7318840579710145,41.39923954372623,1.0,10.151116951379763,1.0
1017,Roads & Highways,Ministry of Road Transport & Highways,618054,Construction of Balrampur bypass with 2L flexible pavement configuration from km.223.000 of NH-330 to km.328.300 of NH-730 under EPC mode,516,,128.55,56,1147.0,3.378507871321013,1.075850043591979,51.58500435919791,0.2491279069767442,2.255263157894737,2022.0,12.0,3.0,0.3609154929577465,0.7318840579710145,0.3609154929577465,0.7318840579710145,,,10.90670170827858,1.0
1018,Roads & Highways,Ministry of Road Transport & Highways,618243,Construction of Basti Ring Road Phase-I with 4L configuration for Basti City in the state of Uttar Pradesh on HAM mode,1139,,0.07,37,1647.0,3.3921971252566734,0.7522768670309654,38.22768670309654,6.14574187884109e-05,0.001842105263157895,2022.0,12.0,6.0,0.3609154929577465,0.7329192546583851,0.3609154929577465,0.7329192546583851,,,0.0,0.0
1019,Roads & Highways,Ministry of Road Transport & Highways,618004,Construction of Bhabhua Bypass from Ch. 10800Design Ch. 10800 to Ch. 19860 Design Ch. 18150 and Chand Bypass from Ch. 38060 Design Ch. 36250 to Ch. 40460 Design Ch. 38650 and widening of existing road to 2 - lane with Paved shoulder from Ch. 40460 Design Ch. 38650 to Ch. 46860 Design Ch. 45050 of NH-219 Total length-16.150 Kmunder EPC mode in the state of Bihar,180,,2.37,2,2114.0,4.1971252566735116,0.7251655629139073,70.51655629139073,0.013166666666666667,0.79,2022.0,2.0,0.0,0.3609154929577465,0.7329192546583851,0.3609154929577465,0.7329192546583851,,,0.0,0.0
1020,Roads & Highways,Ministry of Road Transport & Highways,618083,Construction of byepass around Lohardaga town of NH-143A in the Sate of Jharkhand under EPC mode.,459,,2.32,5,1413.0,4.183436002737851,1.0813871196036802,103.13871196036801,0.005054466230936819,0.38666666666666666,2022.0,2.0,3.0,0.3609154929577465,0.7318840579710145,0.3609154929577465,0.7318840579710145,,,8.804204993429698,1.0
1021,Roads & Highways,Ministry of Road Transport & Highways,619005,Construction of bypass around Chatra Town on NH-22 old NH-99 in the state of Jharkhand under EPC Mode,235,199.2,0.86,13,1751.0,3.1211498973305956,0.6510565391205025,52.10565391205026,0.0036595744680851063,0.06142857142857143,2023.0,3.0,1.0,0.36155202821869487,0.7329192546583851,0.36155202821869487,0.7329192546583851,-15.234042553191493,0.0,0.0,0.0
1022,Roads & Highways,Ministry of Road Transport & Highways,618028,"Construction of Bypass at Kuknoor, Yelburga, Gajendragada of Bhanapur Gaddanakeri section of NH-367 in the State of Karnataka under NHO on EPC mode under Annual Plan 2022-23. NH-367-KNT-2022-23-973 dated 08.02.2023",334,,63.62,36,1599.0,3.2224503764544834,0.7360850531582239,37.6085053158224,0.19047904191616766,1.7194594594594594,2023.0,2.0,2.0,0.3609154929577465,0.7329192546583851,0.3609154929577465,0.7329192546583851,,,-0.0328515111695138,0.0
1023,Roads & Highways,Ministry of Road Transport & Highways,617930,Construction of Bypass on NH-59 from Km 336/350 to 349/910 13.56 km near Berhampur town including 4-lane RoB in the state of Odisha.,197,,59.55,70,1716.0,5.08145106091718,1.0815850815850816,38.158508158508155,0.30228426395939084,0.8387323943661972,2021.0,3.0,0.0,0.3609154929577465,0.7318840579710145,0.3609154929577465,0.7318840579710145,,,12.64783180026281,1.0
1024,Roads & Highways,Ministry of Road Transport & Highways,617904,Construction of Bypass road to Balangir town from km 72/400 Desing km 0/0 to km 79/800 Design km 11/670 of NH-26 in the State of Odisha.,239,,6.79,55,1341.0,4.183436002737851,1.13944817300522,58.94481730052199,0.028410041841004183,0.12125,2022.0,2.0,1.0,0.3609154929577465,0.7318840579710145,0.3609154929577465,0.7318840579710145,,,14.19185282522996,1.0
1025,Roads & Highways,Ministry of Road Transport & Highways,617925,Construction of Bypass to Khordha town from Km 294/000 to 300/300 on NH-57 including LA in the State of Odisha on EPC mode.,157,,33.69,92,997.0,4.219028062970568,1.5456369107321966,62.563691073219644,0.21458598726114647,0.362258064516129,2022.0,2.0,0.0,0.3609154929577465,0.7318840579710145,0.3609154929577465,0.7318840579710145,,,21.911957950065702,1.0
1026,Roads & Highways,Ministry of Road Transport & Highways,617962,"Construction of Bypass to Madurai Achambathu Viratipathu in between km 6/850 10/382 of NH 49 Extn New NH 85 including Land Acquisition on Engineering, Procurement & Construction EPC basis Contract under NH O Annual Plan 2021-22 in the state of Tamil Nadu job No.NH-49 Extn New NH 85 - TN-2021-22-997",239,260.07,126.56,94,1616.0,4.1095140314852845,0.9288366336633663,-1.1163366336633658,0.5295397489539749,1.3322105263157895,2022.0,3.0,1.0,0.35978835978835977,0.7329192546583851,0.35978835978835977,0.7329192546583851,8.815899581589955,1.0,0.0,0.0
1027,Roads & Highways,Ministry of Road Transport & Highways,618950,Construction of Bypass to NH-114A Connecting NH-333 and NH-133 Deoghar Bypass from design km 0.000 to design Km 49.000,1565,,106.04,12,1156.0,1.4209445585215605,0.44896193771626297,32.896193771626294,0.06775718849840257,8.156923076923077,2024.0,11.0,8.0,0.3609154929577465,0.7329192546583851,0.3609154929577465,0.7329192546583851,,,0.0,0.0
1028,Roads & Highways,Ministry of Road Transport & Highways,617890,Construction of Champawat Bypass with two lane with paved shoulder configuration starting from existing chainage 121.700 to existing chainage 129.450 Design Length 9.847 of NH-125 in District-Champawat in the state of Uttrakhand on EPC mode.,221,,0.0,8,1044.0,1.1882272416153319,0.4157088122605364,33.57088122605364,0.0,0.0,2025.0,2.0,0.0,0.3609154929577465,0.7321613236814891,0.3609154929577465,0.7321613236814891,,,,
1029,Roads & Highways,Ministry of Road Transport & Highways,617951,Construction of Chintamani Bypass from Design Ch.0000 Existing Ch.428880 to Design Ch.15400 Existing Ch.444010 on NH-69 in the State of Karnataka in EPC Mode under NHO Annual Plan 2022-23. NH-69-KNT-2022-23-989 dated 24.03.2023,315,,7.02,14,1577.0,3.1019849418206706,0.7184527584020292,57.845275840202916,0.022285714285714284,0.46799999999999997,2023.0,3.0,1.0,0.3609154929577465,0.7329192546583851,0.3609154929577465,0.7329192546583851,,,0.0,0.0
1030,Roads & Highways,Ministry of Road Transport & Highways,618262,Construction of Deoria Bypass from existing Km. 27.140 to existing Km. 46.780 Design Km. 49.109 on NH727A Design length 21.969 Km. to four lane with paved shoulder configuration under Hybrid Annuity Mode HAM in the State of Uttar Pradesh,1735,,0.0,10,1587.0,3.0937713894592744,0.7120352867044738,61.20352867044738,0.0,0.0,2023.0,3.0,8.0,0.3609154929577465,0.7329192546583851,0.3609154929577465,0.7329192546583851,,,0.0,0.0
1031,Roads & Highways,Ministry of Road Transport & Highways,618079,Construction of Dharmagarh Bypass on NH-130C including land acquisition in the state of Odisha on EPC Mode under Annual plan 2022-23.,173,,0.0,15,1318.0,3.132101300479124,0.8679817905918058,71.79817905918058,0.0,0.0,2023.0,3.0,0.0,0.3609154929577465,0.7329192546583851,0.3609154929577465,0.7329192546583851,,,0.0,0.0
1032,Roads & Highways,Ministry of Road Transport & Highways,619004,"Construction of Dubrajpur Bypass with 4-lane configuration of length 5.676 km on NH-60 new NH-14 from design chainage 0.00 existing km 316.135 on NH-60 to design chainage 5.676 existing km 320.980 on NH-60 in the district of Birbhum, West Bengal under Annual Plan 2022-23 in EPC Mode- reg. Job. No. 014-WB-2022-23/518 .",561,,0.31,8,1725.0,3.0882956878850103,0.6539130434782608,57.39130434782608,0.000552584670231729,0.034444444444444444,2023.0,3.0,3.0,0.3609154929577465,0.7329192546583851,0.3609154929577465,0.7329192546583851,,,-0.0328515111695138,0.0
1033,Roads & Highways,Ministry of Road Transport & Highways,619271,Construction of Elevated Corridor at Kherwara Town on Udaipur Ratanpur Shamlaji Section of NH-48 in Udaipur District in the State of Rajasthan on EPC mode,364,,0.38,0,1015.0,0.08487337440109514,0.030541871921182268,3.054187192118227,0.001043956043956044,0.38,2026.0,3.0,2.0,0.3609154929577465,0.7329192546583851,0.3609154929577465,0.7329192546583851,,,0.0,0.0
1034,Roads & Highways,Ministry of Road Transport & Highways,617935,"Construction of Elevated corridor from Km. 135.650 to 136.300 on 63, from Km. 249 to Km. 250.050 on old NH-4 and from Km. 192.910 to Km. 193.350 on NH-218 from decongestion of traffic in Ranichennamma circle in Hubli city in the state of Karnataka on EPC basis",298,349.49,232.09,65,1373.0,5.661875427789186,1.506190823015295,85.61908230152949,0.7788255033557047,3.5165151515151516,2020.0,8.0,1.0,0.35978835978835977,0.7318840579710145,0.35978835978835977,0.7318840579710145,17.27852348993289,1.0,29.86202365308804,1.0
1035,Roads & Highways,Ministry of Road Transport & Highways,618525,Construction of flyover at Gammon Junction at Km.903.265 on NH16 including vent at Diwancheruvu junction at Km.902.308 Blackspot ID No.AP03299 in Andhra Pradesh on EPC mode under NHO,327,223.29,43.82,19,957.0,1.1471594798083504,0.4378265412748171,24.782654127481713,0.13400611620795108,2.191,2025.0,3.0,2.0,0.36155202821869487,0.7329192546583851,0.36155202821869487,0.7329192546583851,-31.715596330275233,0.0,0.0,0.0
1036,Roads & Highways,Ministry of Road Transport & Highways,619141,Construction of four lane access controlled highway from Chillakuru cross road to Turpu KanupurPart 1 of Package - II km 0.000 131.500 of NH - 16 to km 23.770 on New NH-516W including six lane flyover and approaches on NH-16 length km 1.050 and six lane access controlled from Turpu Kanupur to Port South Gate Part 2 of Package - II km 23.770 to km 35.015 on New NH-516W in the state of Andhra Pradesh on HAM Mode under Bharatmala Pariyojana Phase I,864,844.39,358.97,56,1214.0,3.7207392197125255,1.1194398682042834,55.943986820428336,0.4154745370370371,6.297719298245615,2022.0,8.0,5.0,0.36155202821869487,0.7318840579710145,0.36155202821869487,0.7318840579710145,-2.2696759259259274,0.0,3.0223390275952693,1.0
1037,Roads & Highways,Ministry of Road Transport & Highways,618853,Construction of Four lane Elevated Structure at Raniwada Circle in Sanchore City on NH-68,353,241.34,192.88,89,894.0,2.2505133470225873,0.9194630872483222,2.946308724832221,0.5464022662889518,2.143111111111111,2024.0,1.0,2.0,0.36155202821869487,0.7318840579710145,0.36155202821869487,0.7318840579710145,-31.63172804532578,0.0,4.402102496714849,1.0
1038,Roads & Highways,Ministry of Road Transport & Highways,619194,"Construction of Four Lane Gola Flyover at Km 99.850 of NH 730 Major Junction with State Highways -93 of Engineering, Procurement and Construction EPC mode in the State of Uttar Pradesh.",168,,0.0,12,947.0,1.0951403148528405,0.42238648363252373,30.238648363252373,0.0,0.0,2025.0,3.0,0.0,0.3609154929577465,0.7329192546583851,0.3609154929577465,0.7329192546583851,,,0.0,0.0
1039,Roads & Highways,Ministry of Road Transport & Highways,618883,Construction of Four Lane Highway form Ghazipur- Ballia-UP/Bihar State Border Greenfield section of NH-31 Package I [from Hridaipur km 0.000 to Shahapur km 42.500] on EPC Mode in the state of Uttar Pradesh.,1706,1579.59,1447.58,100,999.0,3.561943874058864,1.3023023023023024,30.230230230230234,0.8485228604923798,14.332475247524751,2022.0,10.0,8.0,0.36155202821869487,0.7318840579710145,0.36155202821869487,0.7318840579710145,-7.409730363423217,0.0,13.961892247043364,1.0
1040,Roads & Highways,Ministry of Road Transport & Highways,618884,Construction of Four Lane Highway from Ghazipur- Ballia-UP/Bihar State Border Greenfield section of NH-31 Package II [from Shahapur km 42.500 to Pindari km 78.150] on EPC Mode in the state of Uttar Pradesh.,1494,1311.44,775.96,98,1108.0,3.542778918548939,1.167870036101083,18.7870036101083,0.519384203480589,7.8379797979797985,2022.0,10.0,8.0,0.36155202821869487,0.7318840579710145,0.36155202821869487,0.7318840579710145,-12.219544846050868,0.0,10.11826544021025,1.0
1041,Roads & Highways,Ministry of Road Transport & Highways,619154,Construction of Four Lane Highway from Ghazipur- Ballia-UP/Bihar State Border Greenfield section of NH-31 Package III [from Pindari km 78.150 to Rawalganj Bypass Km 117.120] on EPC Mode in the state of Uttar Pradesh.,1494,1493.59,1044.81,86,1058.0,3.567419575633128,1.231568998109641,37.15689981096409,0.6993373493975903,12.009310344827586,2022.0,10.0,8.0,0.36155202821869487,0.7318840579710145,0.36155202821869487,0.7318840579710145,-0.027443105756364248,0.0,14.09329829172142,1.0
1042,Roads & Highways,Ministry of Road Transport & Highways,618885,Construction of Four Lane Highway from Ghazipur- Ballia-UP/Bihar State Border Greenfield section of NH-31 Package IV [from Buxur Spur of length km 17.270 on EPC Mode in the state of Uttar Pradesh.,618,549.02,286.1,91,976.0,3.5482546201232035,1.3278688524590163,41.78688524590163,0.46294498381877025,3.1097826086956526,2022.0,10.0,4.0,0.36155202821869487,0.7318840579710145,0.36155202821869487,0.7318840579710145,-11.161812297734631,0.0,17.542706964520367,1.0
1043,Roads & Highways,Ministry of Road Transport & Highways,618164,Construction of four lane highway with paved shoulder from Km.74.700 to Km.112.950 of NH-731A i/c Yamuna Bridge on HAM in the state of Uttar Pradesh.,1142,1157.31,0.0,100,1546.0,4.084873374401095,0.9650711513583441,-3.492884864165589,0.0,0.0,2022.0,3.0,6.0,0.36155202821869487,0.7329192546583851,0.36155202821869487,0.7329192546583851,1.340630472854636,0.0,2.266754270696452,0.0
1044,Roads & Highways,Ministry of Road Transport & Highways,619300,Construction of Four Lane Nagpur-Katol section of NH-353J including Mitigation Structures from Design Ch. 37000 to Ch. 45990 Tiger Corridor-I Mitigation Structures from Design Ch. 37000 to Ch. 45990 Tiger Corridor-I in the State of Maharashtra on EPC Mode,301,,0.0,0,703.0,0.2929500342231348,0.15220483641536273,15.220483641536273,0.0,0.0,2026.0,1.0,1.0,0.3609154929577465,0.7329192546583851,0.3609154929577465,0.7329192546583851,,,0.0,0.0
1045,Roads & Highways,Ministry of Road Transport & Highways,618003,Construction of four lane ROB and its approaches in lieu of existing Level Crossing No. RV-71 at km 435 on NH-217 New NH-353 at Khariar including land acquisition under NHO in Annual Plan 2021-22 for the state of Odisha for F.Y. 2021-22 to F.Y 2033-34,154,,25.17,90,1137.0,4.454483230663929,1.4309586631486368,53.095866314863684,0.16344155844155844,0.2765934065934066,2021.0,11.0,0.0,0.3609154929577465,0.7318840579710145,0.3609154929577465,0.7318840579710145,,,21.12352168199737,1.0
1046,Roads & Highways,Ministry of Road Transport & Highways,618790,Construction of four laning of Bakarpur- Manikpur road section starting from village Chitarsenpur km 0000 and terminating at SH-74 near Manikpur 38814 at NH-139W under Bharatmalapariyona,1422,1537.99,635.91,49,1470.0,3.0937713894592744,0.7687074829931972,27.87074829931973,0.4471940928270042,12.7182,2023.0,3.0,7.0,0.35978835978835977,0.7318840579710145,0.35978835978835977,0.7318840579710145,8.156821378340366,1.0,5.847568988173456,1.0
1047,Roads & Highways,Ministry of Road Transport & Highways,618059,Construction of four-lane Concrete Road from Police Headquarter Gondia City to Rawanwadi Village Birsi Airport Junction from design km 0.000 to km 15.781 existing km 39/720 of NH-753 to existing Km 8/400 of NH 543 on sections from Kohmara- Goregaon- Police HeadquarterKaranja - Collector Office Square - Balaghat T Point- Rawanwadi- Rajegaon of NH-753 and NH-543 in Gondia District in the state of Maharashtra. Total Length of the project 15.781 Km.,328,,111.48,34,912.0,3.2060232717316905,1.2839912280701755,94.39912280701756,0.33987804878048783,3.185142857142857,2023.0,2.0,2.0,0.3609154929577465,0.7318840579710145,0.3609154929577465,0.7318840579710145,,,14.520367936925098,1.0
1048,Roads & Highways,Ministry of Road Transport & Highways,618120,construction of Four-Lane of chausa-Buxar Bypass from Km 45.000 to Km 65.915 Package - 2 in the State of Bihar on EPC Mode.,1060,,0.22,4,1939.0,3.6030116358658453,0.6787003610108303,63.87003610108303,0.00020754716981132075,0.044,2022.0,9.0,6.0,0.3609154929577465,0.7329192546583851,0.3609154929577465,0.7329192546583851,,,0.0,0.0
1049,Roads & Highways,Ministry of Road Transport & Highways,619068,Construction of Greenfield Connectivity to Jewar International Airport from DND-Faridabad-Ballabhgarh Bypass KMP Link - Spur to Delhi Mumbai Expressway,2921,3485.77,1772.67,76,1080.0,3.813826146475017,1.2898148148148147,52.98148148148147,0.6068709346114345,23.02168831168831,2022.0,7.0,9.0,0.35978835978835977,0.7318840579710145,0.35978835978835977,0.7318840579710145,19.33481684354673,1.0,21.81340341655716,1.0
1050,Roads & Highways,Ministry of Road Transport & Highways,618412,Construction of i Connecting Road from Z-Morh Tunnel to Zojila Tunnel Road Length 18.475km and ii 14.150 Km long 2-L Bi-directional single tube Zoji-la Tunnel across Zojila Pass on Sonamarg - Kargil section from Km 82 to Km 118 of NH-01 under PMDP,6809,,3574.5,69,3177.0,8.279260780287474,0.9518413597733711,26.18413597733712,0.5249669555000734,51.06428571428572,2018.0,1.0,9.0,0.3609154929577465,0.7318840579710145,0.3609154929577465,0.7318840579710145,,,16.95137976346912,1.0
1051,Roads & Highways,Ministry of Road Transport & Highways,618405,"Construction of Intermediate Lane of Pango to Jorging Road from 0000 to Design Km Design Km 40000 Design Length 40.00 Km, Pkg-l, Greenfield Alignment in the State of Arunachal Pradesh on EPC mode Pkg-1",898,,255.52,40,1278.0,2.2888432580424367,0.6541471048513302,25.414710485133014,0.28454342984409803,6.23219512195122,2024.0,1.0,5.0,0.3609154929577465,0.7329192546583851,0.3609154929577465,0.7329192546583851,,,0.0,0.0
1052,Roads & Highways,Ministry of Road Transport & Highways,618403,Construction of Intermediate Lane Road with hard shoulder from design Km 0.000 to Km 17.387 Total length 17.387 km of Hunli to Ithun Bridge section on NH-913 Frontier Highway in State of Arunachal Pradesh on EPC mode under NHO-NE,276,,163.15,56,1068.0,2.1711156741957565,0.7425093632958801,18.250936329588015,0.5911231884057971,2.862280701754386,2024.0,2.0,1.0,0.3609154929577465,0.7329192546583851,0.3609154929577465,0.7329192546583851,,,0.0,0.0
1053,Roads & Highways,Ministry of Road Transport & Highways,618402,"Construction of Intermediate Lane with Hard Shoulder of Hunli to Hayuliang from Design Km 0.000 to Km 53.000 Design Length 53.000 km, Greenfield Section of Frontier Highway NH-913 in the State of Arunachal Pradesh on EPC Mode Package-I",1262,,255.45,19,1463.0,2.1711156741957565,0.5420369104579631,35.20369104579631,0.20241679873217114,12.772499999999999,2024.0,2.0,7.0,0.3609154929577465,0.7329192546583851,0.3609154929577465,0.7329192546583851,,,0.0328515111695138,0.0
1054,Roads & Highways,Ministry of Road Transport & Highways,618401,"Construction of Intermediate Lane with Hard Shoulder of Hunli to Hayuliang Package-III from design Km 60.000 to Km 121.500 Design Length 61.500 km, Greenfield Section of Frontier Highway NH-913 in the State of Arunachal Pradesh on EPC Mode Pkg-3",1419,,93.19,2,1602.0,2.1711156741957565,0.4950062421972534,47.50062421972534,0.06567300916138125,31.063333333333333,2024.0,2.0,7.0,0.3609154929577465,0.7329192546583851,0.3609154929577465,0.7329192546583851,,,0.0,0.0
1055,Roads & Highways,Ministry of Road Transport & Highways,617922,Construction of Jharsuguda Bypass including Land acqusition on NH-49 from km 258.636 to km 283.300 design chainage 258.636 to km 289.876 under NHO in Annual Plan 2022-23 for the state of Odisha Job No.NH-49-OD-2022-23-655,587,,52.58,25,2110.0,4.591375770020534,0.79478672985782,54.478672985782,0.08957410562180579,2.022307692307692,2021.0,9.0,4.0,0.3609154929577465,0.7329192546583851,0.3609154929577465,0.7329192546583851,,,0.0,0.0
1056,Roads & Highways,Ministry of Road Transport & Highways,618068,"Construction of Kaithi-Padaria Kala bypass, Patna-Tamoli bypass, Jaso bypass and Nagod bypass total length 15.44 Km to 2-lane with paved shoulders flexible pavement on NH-943 in the State of Madhya Pradesh on EPC Mode.",158,,36.36,63,1312.0,4.15605749486653,1.1570121951219512,52.701219512195124,0.230126582278481,0.568125,2022.0,3.0,0.0,0.3609154929577465,0.7318840579710145,0.3609154929577465,0.7318840579710145,,,14.816031537450723,1.0
1057,Roads & Highways,Ministry of Road Transport & Highways,618129,"Construction of Kasrawad bypass, Selani bypass, Khargone bypass & Bistan bypass Total length. 31.950 km Section of NH-347 C to Two lane with paved shoulder configuration in the State of Madhya Pradesh on EPC mode.",468,,167.65,99,1378.0,3.1019849418206706,0.8222060957910015,-16.77939042089986,0.35822649572649573,1.6765,2023.0,3.0,3.0,0.3609154929577465,0.7329192546583851,0.3609154929577465,0.7329192546583851,,,0.0,0.0
1058,Roads & Highways,Ministry of Road Transport & Highways,618399,Construction of Kishtwar bypass with 2 lane with paved shoulder from Design Km. 80.675 Dulhasti to km 95.550 Bandarkoot of 14.88 km & a link road to Kishtwar town from 0000 to 1.871 of length1.871 Km on Khellani - Kishtwar - Chattroo section in UT of Jammu and Kashmir on EPC Mode Pkg-4,860,,363.03,51,876.0,5.084188911704312,2.1198630136986303,160.98630136986304,0.4221279069767441,6.981346153846153,2021.0,3.0,5.0,0.3609154929577465,0.7318840579710145,0.3609154929577465,0.7318840579710145,,,46.222076215505915,1.0
1059,Roads & Highways,Ministry of Road Transport & Highways,618554,Construction of left out portion of Agra Inner Ring Road connecting village Deori to NH-44 village Bad from Km. 0.000 to Km. 7.772,879,787.58,629.11,94,797.0,3.79192334017796,1.7377666248431618,79.77666248431618,0.7157110352673492,6.62221052631579,2022.0,7.0,5.0,0.36155202821869487,0.7318840579710145,0.36155202821869487,0.7318840579710145,-10.400455062571098,0.0,23.35742444152431,1.0
1060,Roads & Highways,Ministry of Road Transport & Highways,618404,Construction of lntermediate Lane Road with hard shoulder from design chainage Km 0.000 to Km 53.040 Existing Length68.500 Km & Total Design length 53.04 km of Tato to Monigong section of NH-913 Frontier Highway on Nafra Bomdila to Vijaynagar along China border in state of Arunachal pradesh on EPC mode,626,,269.64,23,1438.0,2.3956194387405887,0.6084840055632823,37.84840055632823,0.4307348242811501,11.235,2023.0,12.0,4.0,0.3609154929577465,0.7329192546583851,0.3609154929577465,0.7329192546583851,,,0.0,0.0
1061,Roads & Highways,Ministry of Road Transport & Highways,617989,Construction of Major Bridge at Km.180.865 across river Krishna on NH 167 Hagari Jadcherla section,157,187.61,103.33,69,976.0,7.151266255989048,2.6762295081967213,198.62295081967216,0.6581528662420382,1.4761428571428572,2019.0,3.0,0.0,0.35978835978835977,0.7318840579710145,0.35978835978835977,0.7318840579710145,19.496815286624212,1.0,65.73587385019711,1.0
1062,Roads & Highways,Ministry of Road Transport & Highways,618956,Construction of Major Bridge over Baghmati and Lakhandei River along with Approaches from Design km.16.500 to km.21.500,499,380.3,57.23,27,1171.0,2.206707734428474,0.6883005977796754,41.83005977796755,0.11468937875751502,2.0439285714285713,2024.0,2.0,3.0,0.36155202821869487,0.7318840579710145,0.36155202821869487,0.7318840579710145,-23.7875751503006,0.0,10.545335085413928,1.0
1063,Roads & Highways,Ministry of Road Transport & Highways,617895,Construction of Mangaldoi Bypass NH-15 starting at Ch 26400 and terminating at Ch 41505 under Rangia NH Division L 15.105 Km in the State of Assam. Job No. 15/AS/2021-22/234,535,,209.27,76,1125.0,4.084873374401095,1.3262222222222222,56.622222222222206,0.3911588785046729,2.717792207792208,2022.0,3.0,3.0,0.3609154929577465,0.7318840579710145,0.3609154929577465,0.7318840579710145,,,19.38239159001314,1.0
1064,Roads & Highways,Ministry of Road Transport & Highways,618081,Construction of Mariahu Bypass with four lane paved shoulder configuration Km. 53.540 to Km.59.200 of NH-135A on EPC mode in the state of Uttar Pradesh,438,362.39,81.45,55,1095.0,3.164955509924709,1.0557077625570777,50.57077625570777,0.18595890410958904,1.4544642857142858,2023.0,3.0,3.0,0.36155202821869487,0.7318840579710145,0.36155202821869487,0.7318840579710145,-17.262557077625573,0.0,10.052562417871222,1.0
1065,Roads & Highways,Ministry of Road Transport & Highways,618253,Construction of missing link from Birhu to Lathiani from Km 35/550 Design chainage Km 0.000 to Km 42/800 Design Chainage Km 8.153on NH-503A including Lathiani Bridge on back water of Govindsagar and its approaches in Himachal Pradesh.,871,896.86,0.0,0,2106.0,2.8528405201916494,0.49477682811016144,49.477682811016145,0.0,0.0,2023.0,6.0,5.0,0.36155202821869487,0.7329192546583851,0.36155202821869487,0.7329192546583851,2.9690011481056273,0.0,0.0,0.0
1066,Roads & Highways,Ministry of Road Transport & Highways,618156,"Construction of Morena bypass, Ambah bypass & Porsa bypass Totat length 27.16 km Section of NH-552 Ext. to TWo lane with paved shoulder configuration in the state of Madhya Pradesh on EPC mode",493,,0.0,74,1332.0,3.2224503764544834,0.8836336336336337,14.363363363363362,0.0,0.0,2023.0,2.0,3.0,0.3609154929577465,0.7329192546583851,0.3609154929577465,0.7329192546583851,,,0.0,0.0
1067,Roads & Highways,Ministry of Road Transport & Highways,618159,"Construction of new 2 Lane with paved shoulders of NH Standards from km 0.080 to km 11.690 L11.610 km in Majuli and from km 19.715 to km 27.484 L 7.769 km in Jorhat on the newly declared NH 715K and construction of 1.10 km flyover on NH-715 with its approaches and service roads L1.10 km, Total Length 20.479 km in the State of Assam Job No. 715K/AS/2023-24/256",382,,28.96,7,1129.0,2.1820670773442847,0.7059344552701505,63.59344552701505,0.07581151832460734,3.62,2024.0,2.0,2.0,0.3609154929577465,0.7329192546583851,0.3609154929577465,0.7329192546583851,,,0.0,0.0
1068,Roads & Highways,Ministry of Road Transport & Highways,618286,Construction of New 2-Lane Bridge with its approaches from km 0000 to Km 4385 across River Brahmaputra on NH-17 at Jogighopa in Assam on EPC mode,747,,435.79,81,1158.0,4.63791923340178,1.46286701208981,65.28670120898099,0.5833868808567604,5.314512195121951,2021.0,9.0,4.0,0.3609154929577465,0.7318840579710145,0.3609154929577465,0.7318840579710145,,,25.229960578186596,1.0
1069,Roads & Highways,Ministry of Road Transport & Highways,617926,Construction of new 4 lane major bridge with approaches on Sabarmati River near Dharoi at Km. 82/00 to 86/00 Design length 3.300 km on NH-58 in the State of Gujarat on Hybrid Annuity Mode HAM,398,,0.0,53,1252.0,2.1245722108145104,0.6198083067092651,8.980830670926515,0.0,0.0,2024.0,3.0,2.0,0.3609154929577465,0.7329192546583851,0.3609154929577465,0.7329192546583851,,,0.0,0.0
1070,Roads & Highways,Ministry of Road Transport & Highways,618246,Construction of New 4-Lane Bridge Parallel to existing Vikramashila Setufrom km 8920 to Km 13375including approach road 35m Naugachhia side &53 m Bhagalpur sideacross River Ganga on newly declared NH-131B at Bhagalpur in the State of Bihar,1110,,522.58,53,2486.0,5.7850787132101305,0.8499597747385358,31.995977473853586,0.47079279279279285,9.677407407407408,2020.0,7.0,6.0,0.3609154929577465,0.7318840579710145,0.3609154929577465,0.7318840579710145,,,22.766097240473062,1.0
1071,Roads & Highways,Ministry of Road Transport & Highways,618801,Construction of New Double Tier 4-lane Elevated Corridor from Chennai Port to Maduravoyal in Chennai District from Km -0342 to Km 20223 Package 1 from Km -0342 to Km 4604,1389,1388.59,275.2,23,1162.0,3.1266255989048597,0.9827882960413081,75.2788296041308,0.19812814974802015,11.466666666666667,2023.0,3.0,7.0,0.36155202821869487,0.7318840579710145,0.36155202821869487,0.7318840579710145,-0.02951763858891878,0.0,34.36268068331143,1.0
1072,Roads & Highways,Ministry of Road Transport & Highways,618800,Construction of New Double Tier 4L Elevated Corridor from Chennai Port to Maduravoyal in Chennai District from km -0.342 to Km 20.593 and Package II from Km 4.604 to Km 9.700,1617,1616.97,250.4,18,1162.0,3.1266255989048597,0.9827882960413081,80.2788296041308,0.15485466914038343,13.178947368421053,2023.0,3.0,8.0,0.36155202821869487,0.7318840579710145,0.36155202821869487,0.7318840579710145,-0.0018552875695715964,0.0,34.36268068331143,1.0
1073,Roads & Highways,Ministry of Road Transport & Highways,619139,Construction of New Double Tier 4L Elevated Corridor from Chennai Port to Maduravoyal in Chennai District from km -0.342 to Km 20.593 and Package III from Km 9.700 to Km 14.185,1299,1299.36,193.34,17,1162.0,3.1266255989048597,0.9827882960413081,81.2788296041308,0.14883756735950732,10.741111111111111,2023.0,3.0,7.0,0.36155202821869487,0.7318840579710145,0.36155202821869487,0.7318840579710145,0.027713625866043104,0.0,34.36268068331143,1.0
1074,Roads & Highways,Ministry of Road Transport & Highways,619045,Construction of New Double Tier 4L Elevated Corridor from Chennai Port to Maduravoyal in Chennai District from km -0.342 to Km 20.593 and Package IV from Km 14.185 to Km 20.593,1205,1210.21,88.16,9,1162.0,3.1266255989048597,0.9827882960413081,89.2788296041308,0.07316182572614108,8.815999999999999,2023.0,3.0,7.0,0.36155202821869487,0.7318840579710145,0.36155202821869487,0.7318840579710145,0.4323651452282188,0.0,34.36268068331143,1.0
1075,Roads & Highways,Ministry of Road Transport & Highways,617932,Construction of New Four Lane Bypass to Parbhani City Parwa to Asola Km 463/265 to Km 481/180 Design Ch. 19220 to Ch. 34434 Length-15.214 Km section of NH-61 on EPC mode in the State of Maharashtra.,497,,210.17,70,931.0,4.087611225188227,1.6036519871106338,90.36519871106339,0.4228772635814889,2.9601408450704225,2022.0,3.0,3.0,0.3609154929577465,0.7318840579710145,0.3609154929577465,0.7318840579710145,,,24.47437582128778,1.0
1076,Roads & Highways,Ministry of Road Transport & Highways,617960,Construction of new road at the missing link portion of NH-81 along approved alignment between Harishchandrapur and Eastern approach of Kalindri Bridge from Km 46.550 to Km 59.697 in the district of Malda. Job No-081-WB-2015-16/400,271,291.2,216.61,86,811.0,9.713894592744696,4.374845869297164,351.4845869297164,0.79929889298893,2.489770114942529,2016.0,8.0,1.0,0.35978835978835977,0.7318840579710145,0.35978835978835977,0.7318840579710145,7.453874538745383,1.0,95.9592641261498,1.0
1077,Roads & Highways,Ministry of Road Transport & Highways,618355,"Construction of of 2 -Lane with paved shoulders road from Tamenglong-Tousem-Lisang-Mahur Road NH-137 starting near Dialong Village from km 10.000 at Dialong to km 31.430 near Old Tamenglong , near Barak River on EPC Mode Package-2",484,,375.87,95,604.0,4.777549623545517,2.8890728476821192,193.90728476821192,0.7765909090909091,3.9153125,2021.0,7.0,3.0,0.3609154929577465,0.7318840579710145,0.3609154929577465,0.7318840579710145,,,36.498028909329825,1.0
1078,Roads & Highways,Ministry of Road Transport & Highways,618254,Construction of Paderu bypass Km 0000 to Km 13000 of 2- lane with paved shoulder on NH-516E,244,,21.96,13,1197.0,3.0882956878850103,0.9423558897243107,81.23558897243107,0.09,1.5685714285714287,2023.0,3.0,1.0,0.3609154929577465,0.7318840579710145,0.3609154929577465,0.7318840579710145,,,5.781865965834428,1.0
1079,Roads & Highways,Ministry of Road Transport & Highways,618055,Construction of Pratapgarh Bypass Extension connecting NH-31 to NH-330 on EPC mode in the State of Uttar Pradesh.,225,,66.96,78,994.0,3.5537303216974676,1.3058350100603622,52.583501006036215,0.2976,0.8475949367088607,2022.0,10.0,0.0,0.3609154929577465,0.7318840579710145,0.3609154929577465,0.7318840579710145,,,15.013140604467806,1.0
1080,Roads & Highways,Ministry of Road Transport & Highways,617897,Construction of proposed 4Lane Revelgunj bypass NH-19 in the State of Bihar on EPC mode connecting NH 19 to 85 origin,295,,44.18,89,1196.0,4.082135523613963,1.2466555183946488,35.66555183946488,0.1497627118644068,0.4908888888888889,2022.0,3.0,1.0,0.3609154929577465,0.7318840579710145,0.3609154929577465,0.7318840579710145,,,17.73981603153745,1.0
1081,Roads & Highways,Ministry of Road Transport & Highways,618244,Construction of Raebareli Ring Road Phase-2 with four Lane configuration for Raebareli City in the state of Uttar Pradesh on Hybrid Annuity Model HAM basis,1274,,0.0,55,1857.0,4.082135523613963,0.802907915993538,25.290791599353796,0.0,0.0,2022.0,3.0,7.0,0.3609154929577465,0.7329192546583851,0.3609154929577465,0.7329192546583851,,,0.0,0.0
1082,Roads & Highways,Ministry of Road Transport & Highways,618204,Construction of realignment between Pandrass- Pashkyun Total length 27.10 km on road Zozila-Kargil -Leh NH-1 to 2 lane specifications i.e. Drass alignment 9.30 km Kharboo realignment 6.30 km & Kargil alignment 11.50 km under project Vijayak BRO in the UT of Ladakh on EPC Mode,426,,112.2,55,1317.0,4.470910335386721,1.239939255884586,68.99392558845861,0.2633802816901408,2.0035714285714286,2021.0,11.0,3.0,0.3609154929577465,0.7318840579710145,0.3609154929577465,0.7318840579710145,,,25.394218134034166,1.0
1083,Roads & Highways,Ministry of Road Transport & Highways,617909,Construction of Rewa Bypass to 4-lane with paved shoulder along with service road from Ratahara Chowk to Chorhata Chowk Road section of NH-30 from km 00.000 to 19.200 in the State of Madhya Pradesh on Hybrid Annuity Mode HAM.,648,,0.0,50,1078.0,2.1245722108145104,0.7198515769944341,21.98515769944342,0.0,0.0,2024.0,3.0,4.0,0.3609154929577465,0.7329192546583851,0.3609154929577465,0.7329192546583851,,,0.0,0.0
1084,Roads & Highways,Ministry of Road Transport & Highways,618540,Construction of Ring Road around Kanpur from Ch.23.325 to Ch.32.090 Chaudhariya to Transganga Package-IIA,1089,977.45,252.18,50,1185.0,1.7412731006160165,0.5367088607594936,3.670886075949362,0.2315702479338843,4.944705882352942,2024.0,8.0,6.0,0.36155202821869487,0.7318840579710145,0.36155202821869487,0.7318840579710145,-10.243342516069784,0.0,5.946123521681997,1.0
1085,Roads & Highways,Ministry of Road Transport & Highways,618538,Construction of Ring Road around kanpur from Ch.51.200 to Ch. 68.650 Badarka to Harbanch-Uchti Pkg-III,1793,1126.75,284.83,35,1420.0,2.647501711156742,0.6809859154929577,33.098591549295776,0.15885666480758504,7.911944444444444,2023.0,9.0,8.0,0.36155202821869487,0.7329192546583851,0.36155202821869487,0.7329192546583851,-37.15839375348578,0.0,0.0,0.0
1086,Roads & Highways,Ministry of Road Transport & Highways,618536,Construction of Ring Road around Kanpur from Ch.68.650 to Ch.93.209 Jarkala to Pakari Package-IV in State of Uttar Pradesh.,1604,1192.16,266.36,39,1600.0,3.216974674880219,0.734375,34.4375,0.16605985037406484,6.659000000000001,2023.0,2.0,8.0,0.36155202821869487,0.7329192546583851,0.36155202821869487,0.7329192546583851,-25.675810473815456,0.0,0.0,0.0
1087,Roads & Highways,Ministry of Road Transport & Highways,618537,Construction of Ring Road around Kanpur from Km.000 to Km. 23.325 Chachendi Sachendi I to Maharajpur Package-I,1754,1311.7,479.56,62,1252.0,3.326488706365503,0.9704472843450479,35.04472843450479,0.27340935005701256,7.612063492063492,2023.0,1.0,8.0,0.36155202821869487,0.7318840579710145,0.36155202821869487,0.7318840579710145,-25.21664766248574,0.0,8.771353482260183,1.0
1088,Roads & Highways,Ministry of Road Transport & Highways,618539,Construction of Ring Road Kanpur from Ch. 32.090 to Ch.51.200 Transganaga to Sathara Package-II B,1089,1106.92,54.19,20,1145.0,1.7412731006160165,0.5554585152838428,35.54585152838428,0.04976124885215794,2.5804761904761904,2024.0,8.0,6.0,0.36155202821869487,0.7329192546583851,0.36155202821869487,0.7329192546583851,1.6455463728191067,0.0,0.0,0.0
1089,Roads & Highways,Ministry of Road Transport & Highways,617931,Construction of ROB and its approaches in lieu of LC No. 10/B/T at Km 307.050 of NH-60.,156,138.57,20.6,17,3442.0,10.154688569472963,1.077571179546775,90.75711795467751,0.13205128205128205,1.1444444444444446,2016.0,3.0,0.0,0.36155202821869487,0.7318840579710145,0.36155202821869487,0.7318840579710145,-11.173076923076927,0.0,26.806833114323258,1.0
1090,Roads & Highways,Ministry of Road Transport & Highways,617967,Construction of Rudraprayag tunnel of length 900.30 MTR including approaches and one major bridge on river Alaknanda connecting NH-107/old-109 to NH-07old-58 on EPC mode in the state of Uttarakhand.,252,,108.94,99,1620.0,5.19917864476386,1.1722222222222223,18.22222222222223,0.4323015873015873,1.0894,2021.0,2.0,1.0,0.3609154929577465,0.7318840579710145,0.3609154929577465,0.7318840579710145,,,12.187910643889618,1.0
1091,Roads & Highways,Ministry of Road Transport & Highways,618260,"Construction of Salempur bypass to 4LPS from km 64.000 of NH-727A Km 171.00 of Sonauli Balia Marg, old SH-01, near Mahadahan Chauraha to km 61.500 of NH-727B Km 178.500 of Sonauli Balia Marg, old SH-01, near near Ahirauli Village under Hybrid Annuity Mode HAM in the State of Uttar Pradesh",1348,,0.0,35,2054.0,4.093086926762491,0.7278481012658228,37.78481012658227,0.0,0.0,2022.0,3.0,7.0,0.3609154929577465,0.7329192546583851,0.3609154929577465,0.7329192546583851,,,0.0328515111695138,0.0
1092,Roads & Highways,Ministry of Road Transport & Highways,618057,Construction of Shohratgarh Bypass on NH-730 under EPC mode in the State of Uttar Pradesh,189,,31.42,54,956.0,3.5537303216974676,1.3577405857740585,81.77405857740587,0.16624338624338625,0.5712727272727273,2022.0,10.0,0.0,0.3609154929577465,0.7318840579710145,0.3609154929577465,0.7318840579710145,,,19.2838370565046,1.0
1093,Roads & Highways,Ministry of Road Transport & Highways,618038,Construction of Shopian Bypass on NH-444 taking off from existing chainage Km 36500 and re-joining at km 47588 of existing Chainage New Design Ch. From km 28000 to km 36925 as 2- lane with paved shoulder in the UT of Jammu & Kashmir on EPC mode.,224,,0.0,3,1401.0,2.135523613963039,0.556745182012848,52.6745182012848,0.0,0.0,2024.0,3.0,0.0,0.3609154929577465,0.7321613236814891,0.3609154929577465,0.7321613236814891,,,,
1094,Roads & Highways,Ministry of Road Transport & Highways,617980,Construction of six lane elevated corridor from km 7.950 Uppal to km 14.200 of NH-163 to De-Congest the urban limits of Hyderabad-Bhoopalapatnam section on EPC mode in the state of Telangana,627,,24.4,54,827.0,8.093086926762492,3.5743651753325274,303.43651753325275,0.03891547049441786,0.4436363636363636,2018.0,3.0,4.0,0.3609154929577465,0.7318840579710145,0.3609154929577465,0.7318840579710145,,,89.98028909329828,1.0
1095,Roads & Highways,Ministry of Road Transport & Highways,617942,Construction of Six lane Elevated Corridor from Km. 508.000 to Km. 513.150 including approaches on NH-66,641,,0.0,99,1086.0,3.0143737166324436,1.0138121546961325,2.3812154696132524,0.0,0.0,2023.0,4.0,4.0,0.3609154929577465,0.7318840579710145,0.3609154929577465,0.7318840579710145,,,5.978975032851511,1.0
1096,Roads & Highways,Ministry of Road Transport & Highways,618535,Construction of Six lane elevated flyover including reconstruction/rehabilitation of existing pavement from Km 406100 to Km 411150 Length 5.05 Km at Gobindpur area in the Barwa Adda Panagarh section of NH-19 from Km.398.240 to Km.521.120 including Panagarh Bypass in the State of Jharkhand on EPC Mode.,688,442.52,67.84,20,1149.0,1.2539356605065024,0.39860748476936464,19.860748476936465,0.0986046511627907,3.2304761904761907,2025.0,1.0,4.0,0.36155202821869487,0.7329192546583851,0.36155202821869487,0.7329192546583851,-35.68023255813954,0.0,0.0,0.0
1097,Roads & Highways,Ministry of Road Transport & Highways,618534,Construction of Six lane elevated flyover including reconstruction/rehabilitation of existing pavement from Km 426230 to Km 430500 Length 4.27 Km at Nirsa in the Barwa Adda Panagarh section of NH-19 from Km.398.240 to Km.521.120 including Panagarh Bypass in the State of Jharkhand on EPC Mode.,471,,0.93,0,1297.0,1.2539356605065024,0.35312259059367773,35.312259059367776,0.0019745222929936305,0.93,2025.0,1.0,3.0,0.3609154929577465,0.7329192546583851,0.3609154929577465,0.7329192546583851,,,0.0,0.0
1098,Roads & Highways,Ministry of Road Transport & Highways,619042,"Construction of six lane Flyover at Katraj junction at Km, 3/880 of NH 548-DD Vadgaon - Katraj - Kondhwa - Mantarwadi Chowk - Loni Kalbhor - Theur Phata - Lonikand Road in Pune Dist of the State of Maharashtra. On Engineering Procurement and construction EPC Basis mode L.1.326 Km,",164,,80.23,83,1821.0,5.1800136892539355,1.0389895661724327,20.89895661724327,0.4892073170731708,0.9551190476190476,2021.0,2.0,0.0,0.3609154929577465,0.7329192546583851,0.3609154929577465,0.7329192546583851,,,-35.775295663600524,0.0
1099,Roads & Highways,Ministry of Road Transport & Highways,617950,Construction of Srinivasapura Bypass from existing Km 453.890 Design Ch. 0000 to existing Km 461.450 Design Ch 10080 on NH-69 in the State of Karnataka Under NH O in EPC mode under Annual Plan 2022-23 NH-69-KNT-2022-23-966 dated 22.11.2022,204,,9.76,22,1503.0,3.4140999315537304,0.8296739853626082,60.967398536260816,0.04784313725490196,0.42434782608695654,2022.0,11.0,0.0,0.3609154929577465,0.7329192546583851,0.3609154929577465,0.7329192546583851,,,0.0,0.0
1100,Roads & Highways,Ministry of Road Transport & Highways,618939,Construction of Standalone Flyover cum ROB from Design Ch.66.600 to Design Ch.68.800 in Gadchandur Town on NH-353B,191,107.76,37.07,40,881.0,1.1772758384668036,0.4880817253121453,8.808172531214531,0.19408376963350785,0.9041463414634147,2025.0,2.0,0.0,0.36155202821869487,0.7329192546583851,0.36155202821869487,0.7329192546583851,-43.581151832460726,0.0,0.0,0.0
1101,Roads & Highways,Ministry of Road Transport & Highways,618480,Construction of Trumpet Interchange Connecting Bangalore Chennai Expressway km.261705 to km. 262800 with Maduravoyal to Walajapet Section of NH 48 near Sriperumbudur Toll Plaza at km. 35700,163,162.56,54.98,39,843.0,2.9924709103353866,1.2965599051008303,90.65599051008303,0.3373006134969325,1.3744999999999998,2023.0,5.0,0.0,0.36155202821869487,0.7318840579710145,0.36155202821869487,0.7318840579710145,-0.2699386503067471,0.0,14.257555847568987,1.0
1102,Roads & Highways,Ministry of Road Transport & Highways,618549,Construction of twin tube tunnels on Jammu Kashmir Ring Road NH-244A Between Design Ch. 50600 to 51700 and design Ch. 53535 to 55700 on EPC mode under residual NHDP component of Bharatmala Pariyojna,243,731.59,677.47,84,922.0,3.4195756331279945,1.3546637744034706,51.46637744034706,2.787942386831276,7.970235294117647,2022.0,11.0,1.0,0.35978835978835977,0.7318840579710145,0.35978835978835977,0.7318840579710145,201.06584362139918,1.0,18.791064388961892,1.0
1103,Roads & Highways,Ministry of Road Transport & Highways,618323,Construction of Twin Tube Uni-directional Aizawl Bypass Tunnel of 2.5 km and its approaches of 2.1 km from km 10.600 to km 15.200 on Sarrang - Phaibawk section of NH-6 in the State of Mizoram on EPC Mode under NHO-NE Package-2,1313,,0.11,0,1788.0,2.302532511978097,0.4703579418344519,47.03579418344519,8.377760853008378e-05,0.11,2024.0,1.0,7.0,0.3609154929577465,0.7321613236814891,0.3609154929577465,0.7321613236814891,,,,
1104,Roads & Highways,Ministry of Road Transport & Highways,618170,Construction of Two lane with paved shoulder configuration of Shujalpur Bypass section of NH-752C from km 33100 Design to km. 42570 Design total design length 10.470 km in the State of Madhya Pradesh on EPC mode.,214,,38.07,46,907.0,3.1074606433949348,1.2513781697905182,79.13781697905182,0.17789719626168224,0.81,2023.0,3.0,0.0,0.3609154929577465,0.7318840579710145,0.3609154929577465,0.7318840579710145,,,15.538764783180026,1.0
1105,Roads & Highways,Ministry of Road Transport & Highways,618075,Construction of two lane with paved shoulder from existing Km.0.000 to Km.55.610 design km. 0.000 to km. 54.048 of NH-124D,841,773.58,210.11,77,1509.0,4.353182751540041,1.0536779324055665,28.36779324055665,0.24983353151010704,2.693717948717949,2021.0,12.0,5.0,0.36155202821869487,0.7318840579710145,0.36155202821869487,0.7318840579710145,-8.016646848989293,0.0,13.66622864651774,1.0
1106,Roads & Highways,Ministry of Road Transport & Highways,618071,Construction of two lane with paved shoulder Gangtok Bypass Road from Ranipool to Burtuk Ch 0.00 Km to 23.316 L23.316 Km in the State of Sikkim,385,342.89,203.36,92,947.0,4.531143052703627,1.7476240760295672,82.76240760295673,0.5282077922077922,2.186666666666667,2021.0,10.0,2.0,0.36155202821869487,0.7318840579710145,0.36155202821869487,0.7318840579710145,-10.93766233766234,0.0,31.307490144546648,1.0
1107,Roads & Highways,Ministry of Road Transport & Highways,618169,Construction of Two Lane with paved shoulder highway from Design Ch.0.000 to Ch.49.2OO of NH-731B on EPC Mode,640,602.76,270.82,98,1346.0,4.101300479123887,1.112927191679049,13.292719167904906,0.42315625,2.7355555555555555,2022.0,3.0,4.0,0.36155202821869487,0.7318840579710145,0.36155202821869487,0.7318840579710145,-5.818750000000001,0.0,10.019710906701707,1.0
1108,Roads & Highways,Ministry of Road Transport & Highways,619251,Construction of two lane with paved shoulder of Ghatol Bypass from km 133.250 to km 140.950 of NH-56 old NH No. 113 on EPC mode in the State of Rajasthan.,170,,0.0,17,907.0,1.0841889117043122,0.43660418963616315,26.660418963616316,0.0,0.0,2025.0,3.0,0.0,0.3609154929577465,0.7321613236814891,0.3609154929577465,0.7321613236814891,,,,
1109,Roads & Highways,Ministry of Road Transport & Highways,618843,Construction of two lane with paved shoulders bypass to Mungrabadshapur town starting from near Kodahu at Km 47/225 of NH-319D and ending near Nauwadandi at Km 219/720 of NH-31 under NHO in the state of Uttar Pradesh on EPC mode,198,165.28,54.54,23,766.0,1.2073921971252566,0.5757180156657964,34.57180156657964,0.27545454545454545,2.2725,2025.0,2.0,0.0,0.36155202821869487,0.7329192546583851,0.36155202821869487,0.7329192546583851,-16.525252525252522,0.0,0.0,0.0
1110,Roads & Highways,Ministry of Road Transport & Highways,618848,Construction of Underpass beneath airport runway on NH-31 old NH-56 for proposed expansion of runway of Babatpur Airport Varanasi,649,,0.09,22,968.0,1.2347707049965777,0.4659090909090909,24.590909090909086,0.0001386748844375963,0.003913043478260869,2025.0,2.0,4.0,0.3609154929577465,0.7329192546583851,0.3609154929577465,0.7329192546583851,,,0.0,0.0
1111,Roads & Highways,Ministry of Road Transport & Highways,617894,"Construction or 4 lane Raniganj Bypass of length 5.261 km on NH-60 new NH-14 from km 273.00 of NH to km 478.18 of NH-2 New NH 16 in paschim Bardhaman, West Bengal in EPC Mode- reg. Job No. 014-WB-2022-23/514",411,,184.64,67,1098.0,3.1512662559890487,1.0482695810564664,37.82695810564664,0.4492457420924574,2.7152941176470584,2023.0,3.0,2.0,0.3609154929577465,0.7318840579710145,0.3609154929577465,0.7318840579710145,,,13.896189224704337,1.0
1112,Roads & Highways,Ministry of Road Transport & Highways,617902,construction or By-pass road on NH-26 for Nabrangpur Town,169,,11.13,38,1345.0,3.0937713894592744,0.8401486988847584,46.01486988847584,0.06585798816568048,0.2853846153846154,2023.0,3.0,0.0,0.3609154929577465,0.7329192546583851,0.3609154929577465,0.7329192546583851,,,0.9855453350854139,0.0
1113,Roads & Highways,Ministry of Road Transport & Highways,618963,Construction work of 4-laning of Shahganj bypass end to Badi Package-IV of NH-146B from design km 102.000 to design km 142.357 Design length 40.357 km,784,836.64,318.16,52,1120.0,2.1683778234086244,0.7071428571428572,18.714285714285722,0.4058163265306123,6.003018867924529,2024.0,2.0,5.0,0.35978835978835977,0.7329192546583851,0.35978835978835977,0.7329192546583851,6.714285714285713,1.0,0.0,0.0
1114,Roads & Highways,Ministry of Road Transport & Highways,618390,"Construction, Operation & Maintenance of 2-L Bi-directional Silkyara Bend- Barkot Tunnel with escape passage including approaches Tunnel-4.531 & Approach road- 0.328 on Dharasu-Yamunotri section b/w Chainage 25.400km and 51.00km falling along NH-134 Old NH-94 on EPC mode",1384,,842.44,76,1582.0,8.14236824093087,1.8798988621997472,111.98988621997472,0.608699421965318,10.940779220779222,2018.0,3.0,7.0,0.3609154929577465,0.7318840579710145,0.3609154929577465,0.7318840579710145,,,56.73455978975033,1.0
1115,Roads & Highways,Ministry of Road Transport & Highways,618426,Construction/Up gradation of Existing road to 2 Lane with Paved Shoulder including Geometric Improvement from Ranipool to Pakyong Balance work from Km 2.000 to 16.167 of NH-717-A on EPC basis under SARDP-NE Phase A in the State of Sikkim,265,380.94,127.34,87,2298.0,8.106776180698152,1.2885117493472584,41.85117493472583,0.48052830188679246,1.4470454545454545,2018.0,3.0,1.0,0.35978835978835977,0.7318840579710145,0.35978835978835977,0.7318840579710145,43.75094339622642,1.0,29.829172141918527,1.0
1116,Roads & Highways,Ministry of Road Transport & Highways,619038,Construction/upgradation to 2-lane with paved shoulder from Design Km 95.55 Bandarkoot to Km. 111.06 Chattroo of 15.52 Km length on Khellani-Kishtwar-Chattroo section on NH-244 in UT of Jammu and Kashmir on EPC Mode Pkg-5,497,,270.82,100,690.0,5.08145106091718,2.689855072463768,168.9855072463768,0.5449094567404427,2.681386138613861,2021.0,3.0,3.0,0.3609154929577465,0.7318840579710145,0.3609154929577465,0.7318840579710145,,,37.319316688567675,1.0
1117,Roads & Highways,Ministry of Road Transport & Highways,618550,Corridor Efficiency Improvement including removal of black spots in Lakhanpur - Samba section of NH-44 from Chainage Km. 16.300 to Km. 74.100,856,215.68,203.55,75,726.0,3.871321013004791,1.9476584022038568,119.76584022038568,0.23779205607476636,2.678289473684211,2022.0,6.0,5.0,0.36155202821869487,0.7318840579710145,0.36155202821869487,0.7318840579710145,-74.80373831775701,0.0,30.12483574244415,1.0
1118,Roads & Highways,Ministry of Road Transport & Highways,619119,Cuttack-Angul Section of NH-42 New NH-55 from km 0.400 to km 60.200 Pkg-I in the State of Odisha,999,1178.31,1128.52,99,995.0,8.511978097193703,3.1246231155778896,213.46231155778895,1.1296496496496495,11.2852,2017.0,10.0,6.0,0.35978835978835977,0.7318840579710145,0.35978835978835977,0.7318840579710145,17.948948948948942,1.0,74.47437582128778,1.0
1119,Roads & Highways,Ministry of Road Transport & Highways,619215,Cuttack-Angul Section of NH-42 New NH-55 from Km.60.200 to Km. 112.000 Pkg-II in the State of Odisha,991,1168.82,1083.8,100,1047.0,8.511978097193703,2.9694364851957977,196.94364851957977,1.0936427850655903,10.73069306930693,2017.0,10.0,6.0,0.35978835978835977,0.7318840579710145,0.35978835978835977,0.7318840579710145,17.94349142280524,1.0,72.76609724047306,1.0
1120,Roads & Highways,Ministry of Road Transport & Highways,618518,Davanagere - Haveri of NH-48 Old NH-4 from km. 260.00 to km. 338.923,1455,1805.84,1273.5,99,1289.0,9.295003422313483,2.6338246702870443,164.3824670287044,0.8752577319587629,12.735,2017.0,1.0,8.0,0.35978835978835977,0.7318840579710145,0.35978835978835977,0.7318840579710145,24.112714776632295,1.0,77.23390275952694,1.0
1121,Roads & Highways,Ministry of Road Transport & Highways,618804,Dedicated Port road to Krishnapatnam Port Package-I from Km. 0.000 to Km. 18.000,349,341.36,310.54,80,998.0,8.093086926762492,2.961923847695391,216.1923847695391,0.8897994269340975,3.8338271604938274,2018.0,3.0,2.0,0.36155202821869487,0.7318840579710145,0.36155202821869487,0.7318840579710145,-2.189111747850999,0.0,75.32851511169514,1.0
1122,Roads & Highways,Ministry of Road Transport & Highways,618497,Delhi Amritsar Katra Expressway Phase-II Pkg XVIII Development and Upgradation of Four lane Access Control Expressway from Design Chainage KM 530.00 to KM 545.300 Sidhra to Domel Section of NH-44,1026,975.38,631.2,70,1065.0,3.359342915811088,1.152112676056338,45.21126760563381,0.6152046783625732,8.890140845070423,2022.0,12.0,6.0,0.36155202821869487,0.7318840579710145,0.36155202821869487,0.7318840579710145,-4.933723196881092,0.0,19.316688567674113,1.0
1123,Roads & Highways,Ministry of Road Transport & Highways,618482,Delhi-Amritsar-Katra Expressway Phase-I Pkg-I from Jussur Kheri on NH-KMP Expressway to Junction with Rohtak-Panipat road NH-709 near Rukhi Paani village Km 0000 to Km 34000,1866,2429.9,1609.72,100,1114.0,5.393566050650239,1.7684021543985637,76.84021543985637,0.862658092175777,15.937821782178219,2020.0,12.0,9.0,0.35978835978835977,0.7318840579710145,0.35978835978835977,0.7318840579710145,30.219721329046095,1.0,31.143232588699078,1.0
1124,Roads & Highways,Ministry of Road Transport & Highways,618483,Delhi-Amritsar-Katra Expressway Phase-I Pkg-II from Junction with Rohtak-Panipat road NH-709 near Rukhi Paani village to Junction with Jind-Panipat road NH-352A near Gangana village Km 34000 to Km 60800,1534,1792.53,1176.23,100,1116.0,5.349760438056126,1.7508960573476702,75.08960573476702,0.7667731421121252,11.645841584158417,2020.0,12.0,8.0,0.35978835978835977,0.7318840579710145,0.35978835978835977,0.7318840579710145,16.853324641460233,1.0,30.55190538764783,1.0
1125,Roads & Highways,Ministry of Road Transport & Highways,618489,Delhi-Amritsar-Katra Expressway Phase-I Pkg-IX from Junction with Ludhiana-Moga road NH-5 near Mullanpur Dakha to Junction with Jalandhar - Moga road NH-703 near Kang Sahibu village Km 260860 to km 303900,1851,2407.14,1935.88,73,1301.0,5.349760438056126,1.5019215987701768,77.19215987701767,1.0458562938951919,26.16054054054054,2020.0,12.0,8.0,0.35978835978835977,0.7318840579710145,0.35978835978835977,0.7318840579710145,30.04538087520259,1.0,32.45729303547963,1.0
1126,Roads & Highways,Ministry of Road Transport & Highways,618486,Delhi-Amritsar-Katra Expressway Phase-I Pkg-V from Junction with Ambala-Kaithal-Hissar road NH-152 near Kharak Pandwa village to Junction with Patiala-Samana-Patran road SH-10 near Ghagga village Km 120250 to Km 157920,1742,2281.02,1508.2,99,1210.0,5.25119780971937,1.5851239669421489,59.512396694214885,0.8657864523536165,15.082,2021.0,1.0,8.0,0.35978835978835977,0.7318840579710145,0.35978835978835977,0.7318840579710145,30.942594718714123,1.0,27.299605781865964,1.0
1127,Roads & Highways,Ministry of Road Transport & Highways,618492,Delhi-Amritsar-Katra Expressway Phase-I Pkg-XII from Junction with Amritsar-Mehta-SriHargobindpur-Tanda road NH-503A near SriHargobindpur to Junction with Pathankot-Gurdaspur road NH-54 near Gurdaspur Km 362420 to km 397700,1734,1538.47,780.61,28,2179.0,5.155373032169747,0.8641578705828362,58.41578705828363,0.45017877739331025,26.91758620689655,2021.0,3.0,8.0,0.36155202821869487,0.7318840579710145,0.36155202821869487,0.7318840579710145,-11.276239907727795,0.0,4.270696452036794,1.0
1128,Roads & Highways,Ministry of Road Transport & Highways,618493,Delhi-Amritsar-Katra Expressway Phase-I Spur-I from Jn. with Kapurthala - Sultanpur Lodhi Road NH-703A near Isharwal village to Jn. with Kapurthala - Tarn Taran road NH-703AA near Goinwal Sahib [Km 24000 to Km 41000 of Amritsar connectivity],2165,1519.6,618.22,35,1585.0,4.37782340862423,1.0088328075709778,65.88328075709778,0.28555196304849884,17.172777777777778,2021.0,12.0,9.0,0.36155202821869487,0.7318840579710145,0.36155202821869487,0.7318840579710145,-29.810623556581987,0.0,22.798948751642573,1.0
1129,Roads & Highways,Ministry of Road Transport & Highways,619200,Delhi-Amritsar-Katra Expressway Phase-I Spur-III from Junction with Amritsar-Jalandhar road NH-3 near Bhishambarpura to Junction with Amritsar-Anjala road NH-354 near Amritsar Airport [Km 71000 to Km 99000 of Amritsar connectivity],1642,1951.7,1364.2,34,1332.0,5.155373032169747,1.4136636636636637,107.36636636636638,0.830816077953715,38.97714285714286,2021.0,3.0,8.0,0.35978835978835977,0.7318840579710145,0.35978835978835977,0.7318840579710145,18.861144945188794,1.0,36.136662286465175,1.0
1130,Roads & Highways,Ministry of Road Transport & Highways,619066,Delhi-Amritsar-Katra Expressway Phase-II Pkg-XIV from Junction with Pathankot-Gurdaspur road NH-54 near Balsua to Junction with Hiranagar Road near village Gurha Baildaran km 423500 to km 468100,3044,3707.91,1776.5,87,1062.0,4.501026694045175,1.5480225988700564,67.80225988700565,0.5836070959264126,20.1875,2021.0,10.0,9.0,0.35978835978835977,0.7318840579710145,0.35978835978835977,0.7318840579710145,21.8104467805519,1.0,25.164257555847566,1.0
1131,Roads & Highways,Ministry of Road Transport & Highways,618494,Delhi-Amritsar-Katra Expressway Phase-II Pkg-XV [Junction with Hiranagar Road near village Gurha Baildaran to Junction with Jammu Ring Road NH-244A near Jakh village from Km 468100 to Km 503250],2715,3716.56,1846.59,90,1084.0,4.561259411362081,1.53690036900369,63.690036900368995,0.6801436464088397,20.2921978021978,2021.0,10.0,9.0,0.35978835978835977,0.7318840579710145,0.35978835978835977,0.7318840579710145,36.88987108655617,1.0,27.16819973718791,1.0
1132,Roads & Highways,Ministry of Road Transport & Highways,618496,Delhi-Amritsar-Katra Expressway Phase-II Pkg-XVI Existing Jakh Vijaypur-Kunjwani section of NH-44 including spur Connectivity to Jammu Airport NH-144A [Km 503500 to km 514500],1822,2522.56,1238.6,94,1119.0,4.654346338124572,1.519213583556747,57.9213583556747,0.6798024149286498,13.037894736842103,2021.0,9.0,8.0,0.35978835978835977,0.7318840579710145,0.35978835978835977,0.7318840579710145,38.45005488474204,1.0,24.113009198423125,1.0
1133,Roads & Highways,Ministry of Road Transport & Highways,618457,Delhi-Vadodara Greenfield Alignment NH-148N Pkg-10 Ch. 292.950 to Ch. 319.400 [End of Interchange on NH-166 near village Mui to Hardeoganj village near Indergarh],1273,1265.16,1150.13,95,1273.0,6.4284736481861735,1.8444619010212098,89.44619010212097,0.9034799685781619,11.980520833333335,2019.0,11.0,7.0,0.36155202821869487,0.7318840579710145,0.36155202821869487,0.7318840579710145,-0.6158680282796479,0.0,40.34165571616294,1.0
1134,Roads & Highways,Ministry of Road Transport & Highways,618458,Delhi-Vadodara Greenfield Alignment NH-148N Pkg-15 Ch. 419.000 to Ch.427.300 [Junction with NH-12 near village Ummedpura to Major bridge over Takli river near Nayagaon Jageer village],1855,1854.68,1530.92,98,1280.0,5.823408624229979,1.66171875,68.171875,0.8252938005390836,15.463838383838384,2020.0,7.0,9.0,0.36155202821869487,0.7318840579710145,0.36155202821869487,0.7318840579710145,-0.017250673854444006,0.0,31.340341655716163,1.0
1135,Roads & Highways,Ministry of Road Transport & Highways,618459,Delhi-Vadodara Greenfield Alignment NH-148N Pkg-26 Ch.696890 to Ch.726390,1555,1556.4,1288.32,86,1453.0,5.639972621492129,1.4177563661390227,55.775636613902265,0.8285016077170417,14.808275862068966,2020.0,9.0,8.0,0.36155202821869487,0.7318840579710145,0.36155202821869487,0.7318840579710145,0.09003215434084186,0.0,29.927726675427067,1.0
1136,Roads & Highways,Ministry of Road Transport & Highways,619197,Delhi-Vadodara Greenfield Alignment NH-148N Pkg-27 Ch.729.700 to Ch.756.052,1186,1259.27,1045.08,99,1254.0,5.639972621492129,1.6427432216905902,65.27432216905902,0.8811804384485665,10.4508,2020.0,9.0,6.0,0.35978835978835977,0.7318840579710145,0.35978835978835977,0.7318840579710145,6.177908937605395,1.0,29.829172141918527,1.0
1137,Roads & Highways,Ministry of Road Transport & Highways,618462,Delhi-Vadodara Greenfield Alignment NH-148N Pkg-31 Ch.824920 to Ch.844382 [Junction near Pratap nagar Village - Junction near Dodka Village],1645,1651.14,1297.76,100,1270.0,6.4284736481861735,1.8488188976377953,84.88188976377953,0.7889118541033434,12.84910891089109,2019.0,11.0,8.0,0.36155202821869487,0.7318840579710145,0.36155202821869487,0.7318840579710145,0.3732522796352644,0.0,38.76478318002628,1.0
1138,Roads & Highways,Ministry of Road Transport & Highways,618612,Deogarh near Dhandhaniya-Rajasthan/Gujarat Border Phase-I AJ/DRGB-Package-6,847,740.62,705.48,100,1410.0,6.579055441478439,1.7042553191489362,70.42553191489361,0.8329161747343565,6.984950495049505,2019.0,10.0,5.0,0.36155202821869487,0.7318840579710145,0.36155202821869487,0.7318840579710145,-12.559622195985831,0.0,36.662286465177395,1.0
1139,Roads & Highways,Ministry of Road Transport & Highways,618613,Deogarh near Dhandhaniya-Rajasthan/Gujarat Border Phase-I AJ/DRGB-Package-7,662,597.77,561.75,99,1383.0,6.579055441478439,1.737527114967462,74.7527114967462,0.8485649546827795,5.6175,2019.0,10.0,4.0,0.36155202821869487,0.7318840579710145,0.36155202821869487,0.7318840579710145,-9.702416918429007,0.0,37.54927726675427,1.0
1140,Roads & Highways,Ministry of Road Transport & Highways,618803,Development of 4L Road from Samarlakota to Achampeta Junction as part of Kakinada Port Connectivity to NH-16 Rajanagaram Junction in East Godavari District,646,750.2,680.09,93,1075.0,3.649555099247091,1.24,31.0,1.0527708978328174,7.235,2022.0,9.0,4.0,0.35978835978835977,0.7318840579710145,0.35978835978835977,0.7318840579710145,16.13003095975233,1.0,16.45860709592641,1.0
1141,Roads & Highways,Ministry of Road Transport & Highways,618648,"Development of 6-lane Greenfield Southern Ludhiana Bypass from intersection with NH-44 near Village Rajgarh to intersection with Delhi Katra Expressway NE-5 near Village Ballowal, km 0000 to km 25240",1425,,162.39,6,1200.0,1.434633812457221,0.43666666666666665,37.666666666666664,0.11395789473684209,23.198571428571427,2024.0,11.0,7.0,0.3609154929577465,0.7329192546583851,0.3609154929577465,0.7329192546583851,,,0.0,0.0
1142,Roads & Highways,Ministry of Road Transport & Highways,618552,Development of 6L Greenfield Jalandhar Bypass starting from Kahlwan NH-03 ending at Kang Sahbu NH-703 via Sarmastpur NH-44 - Madara NH-03 - Khajurla NH-44,1755,2167.39,1252.02,57,1385.0,5.08145106091718,1.340072202166065,77.0072202166065,0.7134017094017094,21.58655172413793,2021.0,3.0,8.0,0.35978835978835977,0.7318840579710145,0.35978835978835977,0.7318840579710145,23.49800569800569,1.0,29.467805519053876,1.0
1143,Roads & Highways,Ministry of Road Transport & Highways,618675,Development of 6L of Basanwahi Marangpuri Section from km 99.500 to km 124.661 of NH-130-CD,1307,1303.63,489.55,71,1304.0,4.1095140314852845,1.1510736196319018,44.107361963190186,0.3745600612088753,6.799305555555556,2022.0,3.0,7.0,0.36155202821869487,0.7318840579710145,0.36155202821869487,0.7318840579710145,-0.25784238714612784,0.0,17.47700394218134,1.0
1144,Roads & Highways,Ministry of Road Transport & Highways,618673,Development of 6L of Jhanki Sargi Section Road from km 0.000 to km 42.800 of NH-130CD Pkg-CG-1,1368,1129.14,715.32,99,1041.0,4.435318275154004,1.5561959654178674,56.619596541786734,0.5228947368421053,7.153200000000001,2021.0,11.0,7.0,0.36155202821869487,0.7318840579710145,0.36155202821869487,0.7318840579710145,-17.460526315789465,0.0,28.48226018396846,1.0
1145,Roads & Highways,Ministry of Road Transport & Highways,618674,Development of 6L Sargi Basanwahi Section from km 42.800 to km 99.500 of NH-130CD Pkg-CG-2,1471,1461.81,757.62,100,1115.0,4.358658453114305,1.4278026905829597,42.78026905829597,0.5150373895309314,7.501188118811881,2021.0,12.0,8.0,0.36155202821869487,0.7318840579710145,0.36155202821869487,0.7318840579710145,-0.6247450713800173,0.0,19.71090670170828,1.0
1146,Roads & Highways,Ministry of Road Transport & Highways,618509,Development of 6L UER II [Package - I] NH-1 Near Bakoli till Karala Kanjhawala Road from km. 0.70 to km.15.00,2090,2203.45,1834.91,100,1211.0,5.823408624229979,1.7563996696944675,75.63996696944676,0.8779473684210527,18.16742574257426,2020.0,7.0,9.0,0.35978835978835977,0.7318840579710145,0.35978835978835977,0.7318840579710145,5.428229665071762,1.0,34.13272010512483,1.0
1147,Roads & Highways,Ministry of Road Transport & Highways,618455,Development of External Trunk Connectivity and Internal Infrastructure Works at Multi Model Logistics ParkMMLP at Jogighopa in the State of Assam on EPC Mode Package-I Road and Utility Works,694,,308.85,100,788.0,6.236824093086927,2.8908629441624365,189.08629441624367,0.44502881844380404,3.057920792079208,2020.0,2.0,4.0,0.3609154929577465,0.7318840579710145,0.3609154929577465,0.7318840579710145,,,29.993429697766096,1.0
1148,Roads & Highways,Ministry of Road Transport & Highways,618010,Development to 4-lane with paved shoulder for the road section Talwandi Sabo-Raman road to refinery Road junction with Bathinda Dabwali Road of NH-254 from existing Km 131.600 to Km 155.650 Design Km 131600 to km 155600 in the State of Punjab. Job No NH-254-PB-2022-23-565,547,,0.0,45,1317.0,3.0882956878850103,0.856492027334852,40.6492027334852,0.0,0.0,2023.0,3.0,3.0,0.3609154929577465,0.7329192546583851,0.3609154929577465,0.7329192546583851,,,0.0,0.0
1149,Roads & Highways,Ministry of Road Transport & Highways,618824,"Development to 4-laning of the de-scoped stretches from Km 115.342 to Km 191.700 of NH-34 in Nadia District 3.962 & Murshidabad District 5.538 pertaining to Krishnagar to Berhampore section of NH-34 New NH-12 , in the state of West Bengal under NHO.",201,197.74,64.63,55,682.0,2.1519507186858315,1.152492668621701,60.2492668621701,0.3215422885572139,1.1541071428571428,2024.0,3.0,0.0,0.36155202821869487,0.7318840579710145,0.36155202821869487,0.7318840579710145,-1.6218905472636773,0.0,17.41130091984231,1.0
1150,Roads & Highways,Ministry of Road Transport & Highways,618227,Development to 4/6-lanning of NH-31 New NH-10 with both side service roads from km 569.258 to km 581.030 end of AH-02 project on NH- 31 near Shivmandir to Sevoke Army Cantonment in districts of Darjeeling and Jalpaiguri in the state of West Bengal on EPC Mode Job No. 010/WB/2021-22/490,995,1059.2,590.78,75,1283.0,4.123203285420945,1.1738113795791114,42.381137957911136,0.593748743718593,7.773421052631579,2022.0,3.0,6.0,0.35978835978835977,0.7318840579710145,0.35978835978835977,0.7318840579710145,6.452261306532668,1.0,18.331143232588698,1.0
1151,Roads & Highways,Ministry of Road Transport & Highways,618155,Development/Widening of Talegaon Chakan Shikrapur Nhavara Section of NH-548D from existing chainage km. 54/000 to 82/300 and Design chainage Km. 54/000 to 82/120 Shikrapur to Nhavara Section to 2LPS/4L Configuration on EPC Mode in the State of Maharashtra.,396,,99.7,76,849.0,2.132785763175907,0.917550058892815,15.755005889281506,0.25176767676767675,1.2948051948051948,2024.0,3.0,2.0,0.3609154929577465,0.7329192546583851,0.3609154929577465,0.7329192546583851,,,2.726675427069645,0.0
1152,Roads & Highways,Ministry of Road Transport & Highways,619100,Dhangaon - Borgaon section km 81.000 to km 139.000 [Indore - Edlabad Pkg IV],866,1185.04,746.57,100,1308.0,6.321697467488022,1.7652905198776758,76.52905198776759,0.8620900692840647,7.391782178217822,2020.0,1.0,5.0,0.35978835978835977,0.7318840579710145,0.35978835978835977,0.7318840579710145,36.840646651270205,1.0,36.892247043363994,1.0
1153,Roads & Highways,Ministry of Road Transport & Highways,619210,Dharampuri-Lonand from km. 117.00 to 166.40 Pkg-IV on Mohol-Alandi Section,1412,1358.68,1474.28,97,972.0,5.286789869952088,1.9866255144032923,101.66255144032922,1.0441076487252126,15.043673469387755,2021.0,1.0,7.0,0.36155202821869487,0.7318840579710145,0.36155202821869487,0.7318840579710145,-3.776203966005661,0.0,36.530880420499344,1.0
1154,Roads & Highways,Ministry of Road Transport & Highways,618710,DL/UP Border - EPE Crossing Pkg-02,2003,1889.78,1739.72,100,1155.0,5.639972621492129,1.7835497835497836,78.35497835497836,0.8685571642536196,17.224950495049505,2020.0,9.0,9.0,0.36155202821869487,0.7318840579710145,0.36155202821869487,0.7318840579710145,-5.652521218172742,0.0,33.77135348226018,1.0
1155,Roads & Highways,Ministry of Road Transport & Highways,618589,Durg-Raipur Bypass Section Package - 1 from km. 0.00 to km. 44.50 near Tendesara to near Khatti Village,1828,1656.73,1063.62,75,1117.0,3.8357289527720737,1.2542524619516562,50.42524619516561,0.5818490153172866,13.995,2022.0,6.0,8.0,0.36155202821869487,0.7318840579710145,0.36155202821869487,0.7318840579710145,-9.36925601750547,0.0,20.33508541392904,1.0
1156,Roads & Highways,Ministry of Road Transport & Highways,618590,Durg-Raipur-Arang Package - 2 from km. 44.50 to km. 92.23 near Khatti Village to near Aurang,1959,1561.97,1001.18,74,1064.0,3.8357289527720737,1.3167293233082706,57.67293233082705,0.5110668708524757,13.349066666666666,2022.0,6.0,9.0,0.36155202821869487,0.7318840579710145,0.36155202821869487,0.7318840579710145,-20.266972945380296,0.0,22.07621550591327,1.0
1157,Roads & Highways,Ministry of Road Transport & Highways,619202,Dwarka Expressway from Km -0.600 to Km 5.300 - Pkg-I Shivmurti Chowk-RuB near Dwarka Sector 21,2145,3929.5,3512.17,99,1654.0,8.125941136208077,1.7944377267230955,80.44377267230956,1.6373752913752915,35.121700000000004,2018.0,3.0,9.0,0.35978835978835977,0.7318840579710145,0.35978835978835977,0.7318840579710145,83.19347319347318,1.0,47.20762155059133,1.0
1158,Roads & Highways,Ministry of Road Transport & Highways,618454,"Earthwork in Formation, Road Work, Construction of Bridges, Blanketing, P. Way Linking works including Supply of P. Way Fittings and Track Ballast in connection with Construction of Railway Siding from Jogighopa Railway Station to MMLP at Jogighopa from Ch. 00 to 3760 on Item Rate basis Package -3, Railway Siding from Jogighopa Railway Station to MMLP",694,,40.17,93,849.0,6.236824093086927,2.6831566548881036,175.31566548881034,0.05788184438040346,0.4273404255319149,2020.0,2.0,4.0,0.3609154929577465,0.7318840579710145,0.3609154929577465,0.7318840579710145,,,27.660972404730618,1.0
1159,Roads & Highways,Ministry of Road Transport & Highways,618146,Estimate for Improvement to two lane with paved shoulder from Ramnagar to Roseda from km 3.500 to 43.000 of NH 527 E on EPC mode in State of Bihar,495,,0.38,39,1551.0,4.298425735797399,1.0122501611863315,62.22501611863315,0.0007676767676767677,0.0095,2022.0,1.0,3.0,0.3609154929577465,0.7318840579710145,0.3609154929577465,0.7318840579710145,,,12.614980289093298,1.0
1160,Roads & Highways,Ministry of Road Transport & Highways,618866,"Four Lane Highway from Chandan Nagar Existing Km. 59.025 of NH 530B/Design Km. 179.5000 to Bareilly BypassStartExisting Km. 59.025 of NH 530B/Design Km. 218.000 Section of NH 530B, in the State of Uttar Pradesh on HAM Mode under NH0",2077,1112.44,486.09,34,1074.0,1.3880903490759753,0.4720670391061452,13.206703910614522,0.2340346653827636,13.888285714285713,2024.0,12.0,9.0,0.36155202821869487,0.7329192546583851,0.36155202821869487,0.7329192546583851,-46.44005777563794,0.0,0.0,0.0
1161,Roads & Highways,Ministry of Road Transport & Highways,618626,Four laning from Dive Ghat Km. 220.900 to Hadapsar Km. 234.150 of Mohol Alandi section Pkg VI of NH-965,820,400.0,141.4,70,1035.0,2.3764544832306638,0.8386473429951691,13.864734299516911,0.17243902439024392,1.991549295774648,2023.0,12.0,5.0,0.36155202821869487,0.7318840579710145,0.36155202821869487,0.7318840579710145,-51.21951219512195,0.0,5.913272010512483,1.0
1162,Roads & Highways,Ministry of Road Transport & Highways,618768,Four laning of Agra-Aligarh Section from Km. 0.000 Junction of NH-34 Aligarh Km 144.60 to Km. 28.000 near Asroi village in Hathras of NH-509 Package-I,1309,,310.08,4,1389.0,1.9028062970568105,0.5003599712023038,46.03599712023038,0.23688311688311686,62.016,2024.0,6.0,7.0,0.3609154929577465,0.7318840579710145,0.3609154929577465,0.7318840579710145,,,8.21287779237845,1.0
1163,Roads & Highways,Ministry of Road Transport & Highways,619118,Four Laning of Angul to Sambalpur from Km.112.000 to Km.265.000,2510,2632.91,2464.91,100,1073.0,9.60164271047228,3.2684063373718546,226.84063373718544,0.9820358565737051,24.405049504950494,2016.0,9.0,9.0,0.36155202821869487,0.7318840579710145,0.36155202821869487,0.7318840579710145,4.896812749003978,0.0,84.00131406044677,1.0
1164,Roads & Highways,Ministry of Road Transport & Highways,619131,Four Laning of Chettikulam to Natham section of NH-785,838,823.93,641.93,100,966.0,8.131416837782341,3.0745341614906834,207.45341614906835,0.7660262529832935,6.355742574257425,2018.0,3.0,5.0,0.36155202821869487,0.7318840579710145,0.36155202821869487,0.7318840579710145,-1.6789976133651612,0.0,67.83837056504599,1.0
1165,Roads & Highways,Ministry of Road Transport & Highways,619145,Four Laning of Una to Kodinar from km. 180.478 to km. 221.610 Package-V,878,1126.66,1008.79,100,1268.0,10.198494182067078,2.937697160883281,193.7697160883281,1.1489635535307516,9.988019801980197,2016.0,2.0,5.0,0.35978835978835977,0.7318840579710145,0.35978835978835977,0.7318840579710145,28.32118451025058,1.0,67.73981603153744,1.0
1166,Roads & Highways,Ministry of Road Transport & Highways,619295,Four/Six laning of Bhaniyawala-Jollygrant-Rishikesh spur section of NH-07 from Km. 0.000 to Km 19.780,742,664.92,13.35,0,1761.0,3.2361396303901437,0.6712095400340715,67.12095400340715,0.017991913746630728,13.35,2023.0,2.0,4.0,0.36155202821869487,0.7329192546583851,0.36155202821869487,0.7329192546583851,-10.388140161725074,0.0,0.0,0.0
1167,Roads & Highways,Ministry of Road Transport & Highways,617961,Gaya-Hisua-Rajgir-Nalanda-Biharsharif section km0.00 to 92.935 NH-82,1409,2138.16,0.0,97,2115.0,12.271047227926077,2.119148936170213,114.9148936170213,0.0,0.0,2014.0,1.0,7.0,0.35978835978835977,0.7318840579710145,0.35978835978835977,0.7318840579710145,51.75017743080198,1.0,83.80420499342969,1.0
1168,Roads & Highways,Ministry of Road Transport & Highways,619096,Goa / Karnataka Km.93.700 to Kundapur Km.283.30,1645,1990.99,1849.51,98,1489.0,13.74674880219028,3.3720617864338482,239.20617864338482,1.124322188449848,18.681919191919192,2012.0,7.0,8.0,0.35978835978835977,0.7318840579710145,0.35978835978835977,0.7318840579710145,21.032826747720364,1.0,122.07621550591327,1.0
1169,Roads & Highways,Ministry of Road Transport & Highways,618580,Gohana - Sonipat PKG-2,1275,1957.44,1225.85,98,1276.0,7.260780287474333,2.0783699059561127,109.83699059561127,0.9614509803921568,12.382323232323232,2019.0,1.0,7.0,0.35978835978835977,0.7318840579710145,0.35978835978835977,0.7318840579710145,53.52470588235294,1.0,48.22601839684625,1.0
1170,Roads & Highways,Ministry of Road Transport & Highways,618052,Gorantla - Hindupur section from Km 120/300 to 165/000 of NH716G in the State of Andhra Pradesh,809,,0.0,38,1036.0,1.538672142368241,0.5424710424710425,16.247104247104247,0.0,0.0,2024.0,10.0,5.0,0.3609154929577465,0.7329192546583851,0.3609154929577465,0.7329192546583851,,,0.0,0.0
1171,Roads & Highways,Ministry of Road Transport & Highways,618737,Grade separated Interchanges at Km. 113.730 junction with Ranchi Hazaribagh Road & Km. 139.225 junction with Ranchi Jamshedpur road on 4L Ranchi Bypass of NH-33,304,5.58,4.98,0,1060.0,1.2484599589322383,0.43018867924528303,43.0188679245283,0.016381578947368424,4.98,2025.0,1.0,1.0,0.36155202821869487,0.7329192546583851,0.36155202821869487,0.7329192546583851,-98.16447368421053,0.0,0.0,0.0
1172,Roads & Highways,Ministry of Road Transport & Highways,618551,Greenfield connectivity from Govindsar village on Delhi Amritsar Katra Expressway to Talwara village on NH-44 Pathankot by-pass,667,690.47,217.52,29,979.0,1.4729637234770705,0.5495403472931563,25.954034729315623,0.32611694152923537,7.250666666666667,2024.0,11.0,4.0,0.36155202821869487,0.7329192546583851,0.36155202821869487,0.7329192546583851,3.5187406296851615,0.0,0.0,0.0
1173,Roads & Highways,Ministry of Road Transport & Highways,617984,"Gudivada Town 2 RoB, and Road improvement NH-165",317,,158.64,75,1162.0,4.123203285420945,1.2960413080895008,54.60413080895009,0.5004416403785489,2.0873684210526315,2022.0,3.0,2.0,0.3609154929577465,0.7318840579710145,0.3609154929577465,0.7318840579710145,,,22.306176084099867,1.0
1174,Roads & Highways,Ministry of Road Transport & Highways,618097,Guhagar - Rampur - 2L-PS - km 0/00 Guhagar to 26/230 Rampur and 40/00 Mirjoli to 53/600 Sati on NH-166E,407,,0.0,92,870.0,9.262149212867898,3.8885057471264366,296.85057471264366,0.0,0.0,2017.0,1.0,2.0,0.3609154929577465,0.7318840579710145,0.3609154929577465,0.7318840579710145,,,74.60578186596584,1.0
1175,Roads & Highways,Ministry of Road Transport & Highways,618934,Guwahati Ring Road in the State of Assam,5729,,328.42,0,2000.0,1.7412731006160165,0.318,31.8,0.057325885843951825,328.42,2024.0,8.0,9.0,0.3609154929577465,0.7329192546583851,0.3609154929577465,0.7329192546583851,,,0.0,0.0
1176,Roads & Highways,Ministry of Road Transport & Highways,618951,Hariharganj to Parwa Mode section from km 23.284 to km 57.049 of NH-98,1126,1186.56,830.06,91,1248.0,5.582477754962355,1.6338141025641026,72.38141025641028,0.7371758436944937,9.022391304347826,2020.0,9.0,6.0,0.35978835978835977,0.7318840579710145,0.35978835978835977,0.7318840579710145,5.378330373001771,1.0,30.02628120893561,1.0
1177,Roads & Highways,Ministry of Road Transport & Highways,619117,Hassan km 184.912 to Maranahally km 230.060 of NH - 75 in Karnataka,1022,1091.4,1068.91,98,1164.0,10.335386721423683,3.243127147766323,226.31271477663233,1.0459001956947163,10.797070707070707,2015.0,12.0,6.0,0.35978835978835977,0.7318840579710145,0.35978835978835977,0.7318840579710145,6.790606653620361,1.0,89.81603153745071,1.0
1178,Roads & Highways,Ministry of Road Transport & Highways,618581,Hosur to Dhamrapuri Pkg-1 [Neraluru - Thorapalli Agraharam],1829,1828.66,1464.36,79,1113.0,4.561259411362081,1.4968553459119496,70.68553459119497,0.8006342263531984,18.304499999999997,2021.0,10.0,8.0,0.36155202821869487,0.7318840579710145,0.36155202821869487,0.7318840579710145,-0.018589393110985137,0.0,27.233902759526938,1.0
1179,Roads & Highways,Ministry of Road Transport & Highways,618944,Hyderabad - Maneguda,959,1218.49,431.45,24,1876.0,4.561259411362081,0.8880597014925373,64.80597014925374,0.44989572471324296,17.258,2021.0,10.0,5.0,0.35978835978835977,0.7318840579710145,0.35978835978835977,0.7318840579710145,27.058394160583944,1.0,5.946123521681997,1.0
1180,Roads & Highways,Ministry of Road Transport & Highways,618663,i 4L Vidisha to Hinotiya from km 0.000 to Km 27.000 Vidisha Mehulwa-Talbehat Pkg-I Section of NH- 346 and ii 4L Vidisha to Morikori from Km 39.000 to 59.476 section of NH-146,1004,941.12,434.04,90,1188.0,3.6112251882272415,1.1102693602693603,21.026936026936028,0.4323107569721116,4.76967032967033,2022.0,9.0,6.0,0.36155202821869487,0.7318840579710145,0.36155202821869487,0.7318840579710145,-6.2629482071713145,0.0,12.352168199737187,1.0
1181,Roads & Highways,Ministry of Road Transport & Highways,618928,"Improvement & Up-gradation of NH-734 Section of Moradabad-Thakurdwara Kashipur including Moradabad & Kashipur Bypasse Package-III Kashipur Bypass Length 14.490 Km., Starts from Ch. 38770 and ends at Ch. 53260 existing Ch. 05560",936,717.5,386.34,54,955.0,3.238877481177276,1.2387434554973822,69.87434554973822,0.41275641025641024,7.024363636363636,2023.0,2.0,5.0,0.36155202821869487,0.7318840579710145,0.36155202821869487,0.7318840579710145,-23.344017094017094,0.0,18.495400788436267,1.0
1182,Roads & Highways,Ministry of Road Transport & Highways,618350,Improvement & widening of existing NH-08 to 4-lane with Paved Shoulder from Champak Nagar to Khayerpur section design Km 242500 to Km 261610 in the state of Tripura on EPC basis under NHO-NE,921,,404.6,48,1012.0,2.3572895277207393,0.8507905138339921,37.079051383399204,0.4393051031487514,8.257142857142858,2023.0,12.0,5.0,0.3609154929577465,0.7318840579710145,0.3609154929577465,0.7318840579710145,,,6.044678055190539,1.0
1183,Roads & Highways,Ministry of Road Transport & Highways,618586,Improvement and strengthening of existing 2 lane stretch to 2-Lane with PS 1.5m on both sides on Ghoti-Sinnar section of NH-160A using Thin White Topping 200mm thick in the State Of Maharashtra on EPC Mode,255,147.64,115.05,77,467.0,1.1498973305954825,0.8993576017130621,12.935760171306214,0.4511764705882353,1.4749999999999999,2025.0,3.0,1.0,0.36155202821869487,0.7329192546583851,0.36155202821869487,0.7329192546583851,-42.10196078431373,0.0,2.4967148488830486,0.0
1184,Roads & Highways,Ministry of Road Transport & Highways,618251,"Improvement and Up gradation to four lane with Paved shoulder configuration from Existing Km 0000 to Km 39500 design km 0500 to Km 40342, Design length km of NH 227A near Mehrauna GhatUP Bihar Border to Siwan on the state of Bihar on Hybrid Annuity Model HAM basis",1661,,0.83,9,1823.0,3.143052703627652,0.6297312122874383,53.973121228743835,0.0004996989765201686,0.08299999999999999,2023.0,3.0,8.0,0.3609154929577465,0.7329192546583851,0.3609154929577465,0.7329192546583851,,,0.0,0.0
1185,Roads & Highways,Ministry of Road Transport & Highways,618856,"Improvement and Up-Gradation of Existing Road to 4L PS from Km 123.650 to 175.080, from Start of Shahabad Bypass to End of Hardoi bypass of NH 731 Pkg-2B",1102,1212.26,519.69,69,1158.0,3.6139630390143735,1.1398963730569949,44.98963730569949,0.47158802177858444,7.424142857142858,2022.0,9.0,6.0,0.35978835978835977,0.7318840579710145,0.35978835978835977,0.7318840579710145,10.005444646098002,1.0,16.327201051248355,1.0
1186,Roads & Highways,Ministry of Road Transport & Highways,618859,"Improvement and Up-Gradation of Existing Road to 4L PS from Km 229.070 to 260.800, End of Hardoi District to Lucknow Ring road of NH 731 Pkg-4",576,553.61,390.09,99,1132.0,4.616016427104722,1.489399293286219,49.9399293286219,0.6772395833333333,3.9008999999999996,2021.0,9.0,3.0,0.36155202821869487,0.7318840579710145,0.36155202821869487,0.7318840579710145,-3.8871527777777755,0.0,22.24047306176084,1.0
1187,Roads & Highways,Ministry of Road Transport & Highways,618858,"Improvement and Up-Gradation of Existing Road to 4L PS from Km 88.750 to 123.650, from Start of Shahjahanpur Bypass to start of Shahabad bypass of NH 731Pkg.-2A",955,955.34,369.94,71,1218.0,3.6139630390143735,1.083743842364532,37.37438423645321,0.3873717277486911,5.138055555555556,2022.0,9.0,5.0,0.36155202821869487,0.7318840579710145,0.36155202821869487,0.7318840579710145,0.03560209424084103,0.0,14.35611038107753,1.0
1188,Roads & Highways,Ministry of Road Transport & Highways,618112,"Improvement and up-gradation of NH-227B 84 Kosi Parikrama Marg Package I, from km 228.920 Jagarnathpur to Km 235.960/0.000 MakhaudaDham to Km 29.000 Sarpur in the State of Uttar Pradesh on EPC basis",912,,8.72,8,1702.0,4.082135523613963,0.8760282021151586,79.60282021151586,0.00956140350877193,0.9688888888888889,2022.0,3.0,5.0,0.3609154929577465,0.7318840579710145,0.3609154929577465,0.7318840579710145,,,5.946123521681997,1.0
1189,Roads & Highways,Ministry of Road Transport & Highways,618113,"Improvement and up-gradation of NH-227B 84 Kosi Parikrama Marg Package III, from Km.47.800 Gosaiganj to Km.73.300 Bikapur in the State of Uttar Pradesh on EPC basis.",588,,80.16,51,1693.0,4.082135523613963,0.880685174246899,37.0685174246899,0.1363265306122449,1.5415384615384615,2022.0,3.0,4.0,0.3609154929577465,0.7318840579710145,0.3609154929577465,0.7318840579710145,,,5.946123521681997,1.0
1190,Roads & Highways,Ministry of Road Transport & Highways,618114,"Improvement and up-gradation of NH-227B 84 Kosi Parikrama Marg PackageV, from Design Km.140.960 Patranga to Km.160.200 Bahuvan Madar Majha on EPC mode in the State of Uttar Pradesh",1192,,0.0,4,1973.0,3.1211498973305956,0.5778003041054233,53.780030410542324,0.0,0.0,2023.0,3.0,7.0,0.3609154929577465,0.7329192546583851,0.3609154929577465,0.7329192546583851,,,0.0,0.0
1191,Roads & Highways,Ministry of Road Transport & Highways,618162,"Improvement and up-gradation to 2LPS of NH-227B 84-Kosi Parikrama Marg PackageVI, Design Km 160200 Bahuvan Madar Majha to Km 224040 Jagarnathpur under HAM",2009,,0.0,20,1698.0,2.937713894592745,0.6319199057714959,43.191990577149596,0.0,0.0,2023.0,5.0,9.0,0.3609154929577465,0.7329192546583851,0.3609154929577465,0.7329192546583851,,,0.0,0.0
1192,Roads & Highways,Ministry of Road Transport & Highways,618056,Improvement and Up-gradation to two Lane with Paved Shoulder Configuration from existing km. 420.00 Shohrathgarh to km. 454.00 Uska Bazar of NH-730 in the state of Uttar Pradesh EPC basis,510,484.42,120.57,62,1345.0,4.306639288158795,1.1695167286245354,54.951672862453535,0.23641176470588235,1.9138095238095236,2022.0,1.0,3.0,0.36155202821869487,0.7318840579710145,0.36155202821869487,0.7318840579710145,-5.0156862745098,0.0,15.538764783180026,1.0
1193,Roads & Highways,Ministry of Road Transport & Highways,618252,"Improvement and Up-gradation to two Lane with Paved Shoulder/Four Lane configuration from existing Km 130.000 to Km 191.000 design km 131.500 to Km 188.735, Design length 57.235 Km of NH-227A near Barhalganj to Mehrauna Ghat in the state of Uttar Pradesh on Hybrid Annuity Model HAM basis",974,1344.61,1.2,58,1942.0,4.306639288158795,0.809989701338826,22.998970133882594,0.0012320328542094455,0.020338983050847456,2022.0,1.0,6.0,0.35978835978835977,0.7329192546583851,0.35978835978835977,0.7329192546583851,38.05030800821354,1.0,-0.0328515111695138,0.0
1194,Roads & Highways,Ministry of Road Transport & Highways,618111,Improvement and upgradation to two lane with paved shoulder configuration from existing km 90.00 to 130.00 Design length 39.15 of NH-227A near Sikriganj to Barhalganj in the State of UP on EPC Mode.,403,345.34,142.17,96,1402.0,4.725530458590007,1.231098430813124,27.109843081312405,0.3527791563275434,1.4656701030927834,2021.0,8.0,2.0,0.36155202821869487,0.7318840579710145,0.36155202821869487,0.7318840579710145,-14.307692307692314,0.0,14.684625492772668,1.0
1195,Roads & Highways,Ministry of Road Transport & Highways,618294,Improvement and Widening of National Highway No. 127B Darugiri - Songsak - Williamnagar Junction Section to two lane with paved shoulder from design Km 0000 to Km 36635 Design length 36.635 Km existing Km 112000 to Km 151060 of NH-1278 under Bharatmala Pariyojana Lot-1 Pkg-1B Meghalaya portion,801,,176.55,27,1640.0,3.082819986310746,0.6865853658536586,41.658536585365866,0.2204119850187266,6.305357142857143,2023.0,3.0,5.0,0.3609154929577465,0.7329192546583851,0.3609154929577465,0.7329192546583851,,,0.0,0.0
1196,Roads & Highways,Ministry of Road Transport & Highways,618368,Improvement and Widening to 2-lane with paved shoulder of road from design Km 36.000 Rangamati to design Km 72.000 Pati Chhari Total length 36.000 Km on Teliamura to Harina section of NH 208 in the state of Tripura on EPC mode under JICA ODA Loan Phase VI Package-3,671,,183.24,15,967.0,2.305270362765229,0.8707342295760083,72.07342295760083,0.2730849478390462,11.4525,2024.0,1.0,4.0,0.3609154929577465,0.7318840579710145,0.3609154929577465,0.7318840579710145,,,8.902759526938238,1.0
1197,Roads & Highways,Ministry of Road Transport & Highways,618367,Improvement and Widening to 2-lane with paved shoulder of road from design Km 72.000 Pati Chhari to design Km 107.654 Harina Total length 35.654 Km on Teliamura to Harina section of NH 208 in the state of Tripura on EPC mode under JICA ODA Loan Phase VI Package-4,727,,100.25,10,1076.0,2.305270362765229,0.7825278810408922,68.25278810408922,0.13789546079779919,9.113636363636363,2024.0,1.0,4.0,0.3609154929577465,0.7318840579710145,0.3609154929577465,0.7318840579710145,,,6.307490144546649,1.0
1198,Roads & Highways,Ministry of Road Transport & Highways,618369,Improvement and Widening to 2-lane with paved shoulder of road from existing Km 438.170 Khowai Chowmuhani to existing Km 439.410 South Pulinpur of NH-08 and from design Km 0.000 South Pulinpur to design Km 36.00 near Rangamati of NH 208 on Khowai Teliamura- Harina section Total length 37.24 in the state of Tripura on EPC mode under JICA ODA Loan Phase VI Package-2,657,,301.86,61,967.0,2.305270362765229,0.8707342295760083,26.073422957600826,0.45945205479452056,4.868709677419355,2024.0,1.0,4.0,0.3609154929577465,0.7318840579710145,0.3609154929577465,0.7318840579710145,,,6.898817345597897,1.0
1199,Roads & Highways,Ministry of Road Transport & Highways,618370,Improvement and Widening to 2-lane with paved shoulder of road from Km 101.300 to km 127.319 Total Length 26.019 Km i.e. the Khowai Teliamura-Amarpur-Harina-Sabroom section of NH 208 in the state of Tripura on EPC under JICA ODA Loan Phase VI Package-1,432,,265.36,63,920.0,2.305270362765229,0.9152173913043479,28.52173913043478,0.6142592592592593,4.14625,2024.0,1.0,3.0,0.3609154929577465,0.7318840579710145,0.3609154929577465,0.7318840579710145,,,9.00131406044678,1.0
1200,Roads & Highways,Ministry of Road Transport & Highways,618076,Improvement and Widening two lannig with paved Shoulder of NH 127B from km 31.500 Goeragre to km 63.224 Package-II in state of Meghalaya,504,350.67,0.0,4,1254.0,2.3928815879534566,0.696969696969697,65.6969696969697,0.0,0.0,2023.0,12.0,3.0,0.36155202821869487,0.7321613236814891,0.36155202821869487,0.7321613236814891,-30.422619047619044,0.0,,
1201,Roads & Highways,Ministry of Road Transport & Highways,618806,Improvement of 4L road to 6L road and 4L dedicated Port Roads for the Port connectivity road from Convent junction to Sheelanagar Junction,686,680.21,493.92,79,1120.0,3.274469541409993,1.0678571428571428,27.785714285714278,0.72,6.174,2023.0,1.0,4.0,0.36155202821869487,0.7318840579710145,0.36155202821869487,0.7318840579710145,-0.844023323615155,0.0,10.545335085413928,1.0
1202,Roads & Highways,Ministry of Road Transport & Highways,618416,"Improvement of existing road to 2 laning with Hard Shoulders of Maram -Peren section Package-1A, length- 22.340Km from Design Chainage 0.000 km to 22.340 km on NH-129A in the State of Manipur on EPC mode",226,,190.19,75,679.0,5.212867898699521,2.804123711340206,205.4123711340206,0.8415486725663717,2.5025,2021.0,2.0,0.0,0.3609154929577465,0.7318840579710145,0.3609154929577465,0.7318840579710145,,,51.24835742444152,1.0
1203,Roads & Highways,Ministry of Road Transport & Highways,618415,"Improvement of existing road to 2 laning with Hard Shoulders of Maram-Peren section Package-1B, length- 17.660 km from Design Chainage 22.340 km to 40.000 km on NH-129A in the State of Manipur on EPC mode",188,,0.0,100,679.0,5.212867898699521,2.804123711340206,180.4123711340206,0.0,0.0,2021.0,2.0,0.0,0.3609154929577465,0.7318840579710145,0.3609154929577465,0.7318840579710145,,,38.43626806833114,1.0
1204,Roads & Highways,Ministry of Road Transport & Highways,618073,Improvement to Two lane with Paved Shoulder from Junction of NH22 near Hajipur to Junction of NH -122 at Bachhwara via Mahnar and Mohiuddin Nagar from Km 0.00 to Km 29.730 of NH 122 B in the State of Bihar.,226,,0.0,61,732.0,2.1711156741957565,1.0833333333333333,47.33333333333333,0.0,0.0,2024.0,2.0,0.0,0.3609154929577465,0.7318840579710145,0.3609154929577465,0.7318840579710145,,,11.990801576872535,1.0
1205,Roads & Highways,Ministry of Road Transport & Highways,618080,Improvement to two lane with paved shoulders of BH WB Border Amdabad Manihari section from design Km 0.000 to Km 23.945 of NH 131 A Total length 23.945 Km under EPC mode in the state of Bihar,353,,0.0,8,1770.0,4.262833675564682,0.8796610169491526,79.96610169491525,0.0,0.0,2022.0,1.0,2.0,0.3609154929577465,0.7318840579710145,0.3609154929577465,0.7318840579710145,,,6.9973718791064385,1.0
1206,Roads & Highways,Ministry of Road Transport & Highways,618121,Improvement to two lane with paved shoulders of NH-319A from km 0 to km 45 in state of Bihar under EPC mode,427,,198.23,93,1044.0,4.219028062970568,1.4760536398467432,54.60536398467431,0.4642388758782201,2.1088297872340425,2022.0,2.0,3.0,0.3609154929577465,0.7318840579710145,0.3609154929577465,0.7318840579710145,,,23.35742444152431,1.0
1207,Roads & Highways,Ministry of Road Transport & Highways,618211,Improvement/construction of 2-lane with paved shoulder of Askote Llipulekh road from Tawaghat village to Budhi village design km. 56935 to km 95748 and from end of Tunnel portal to Kali Mandir design km 113828 to km. 133078 [total design length 58.063 km] under project Hirak of BRO in the state of Uttarakhand under Bharatmala Pariyojna on EPC Mode,650,,0.0,37,1650.0,3.9479808350444903,0.8739393939393939,50.39393939393939,0.0,0.0,2022.0,5.0,4.0,0.3609154929577465,0.7318840579710145,0.3609154929577465,0.7318840579710145,,,7.555847568988173,1.0
1208,Roads & Highways,Ministry of Road Transport & Highways,618216,"Improvement/construction of existing CL-5 Road to NH Intermediate lane specification with hard shoulder from Km 133.000 to 166.000 net Length 33.000 kms of NH-505 Sumdo-Kaza-Gramphoo road in the state of Himachal Pradesh on EPC mode under project Deepak, BRO",231,203.15,31.4,23,1940.0,5.144421629021219,0.9685567010309278,73.85567010309278,0.13593073593073593,1.3083333333333333,2021.0,3.0,1.0,0.36155202821869487,0.7318840579710145,0.36155202821869487,0.7318840579710145,-12.056277056277054,0.0,15.013140604467806,1.0
1209,Roads & Highways,Ministry of Road Transport & Highways,618215,"Improvement/construction of existing CL-5 Road to NH Intermediate lane specification with hard shoulder from Km 166.000 to 203.77 net Length 37.770 kms of NH-505 Sumdo-Kaza-Gramphoo road in the state of Himachal Pradesh on EPC mode under project Deepak, BRO",274,194.0,0.0,22,2186.0,4.876112251882272,0.8147301006404392,59.47301006404392,0.0,0.0,2021.0,6.0,1.0,0.36155202821869487,0.7329192546583851,0.36155202821869487,0.7329192546583851,-29.1970802919708,0.0,0.0,0.0
1210,Roads & Highways,Ministry of Road Transport & Highways,618217,Improvement/construction of existing Class-5 Road to NH Intermediate lane specification with hard shoulder from existing Km 76/340 to 134/940 Design chainage from Km 76/300 to 133/000 net Length 56.700 kms of NH-505 Sumdo-Kaza-Gramphoo road in the state of Himachal Pradesh Package I,315,244.15,93.27,62,1895.0,5.158110882956879,0.9941952506596307,37.41952506596307,0.2960952380952381,1.4804761904761905,2021.0,3.0,1.0,0.36155202821869487,0.7318840579710145,0.36155202821869487,0.7318840579710145,-22.49206349206349,0.0,15.670170827858081,1.0
1211,Roads & Highways,Ministry of Road Transport & Highways,618299,Improvement/Up-gradation of existing 2-Lane Road to 4-Lane Divided Highway from Daili to Kuraopokpi section of Imphal-Kohima road NH-02 Design Chainage from Km 274610 to Km 287000 in the state of Manipur on EPC mode Pkg-4B,269,,206.28,77,2103.0,5.6591375770020536,0.9828815977175464,21.288159771754636,0.7668401486988847,2.644615384615385,2020.0,9.0,1.0,0.3609154929577465,0.7318840579710145,0.3609154929577465,0.7318840579710145,,,7.654402102496714,1.0
1212,Roads & Highways,Ministry of Road Transport & Highways,618300,Improvement/Up-gradation of existing 2-Lane Road to 4-Lane Divided Highway from Taphukuki to Daili section of Imphal-Kohima road NH-02 Design Chainage from Km 262175 to Km 274610 in the state of Manipur on EPC mode Pkg-4A,379,,314.73,91,594.0,5.6591375770020536,3.4797979797979797,256.979797979798,0.8304221635883905,3.4209782608695654,2020.0,9.0,2.0,0.3609154929577465,0.7318840579710145,0.3609154929577465,0.7318840579710145,,,52.43101182654402,1.0
1213,Roads & Highways,Ministry of Road Transport & Highways,618295,Improvement/Widening of New NH-217 Dainadubi-Darugiri section to Two lane with paved shoulder in Meghalaya from design Km 0000 to Km 40840 existing Km 8600 to Km 53000 of Old NH-62 under BMP Lot-1 Pkg-1B Meghalaya portion,706,,0.0,46,1459.0,3.1074606433949348,0.7779300891021247,31.793008910212464,0.0,0.0,2023.0,3.0,4.0,0.3609154929577465,0.7329192546583851,0.3609154929577465,0.7329192546583851,,,-0.0328515111695138,0.0
1214,Roads & Highways,Ministry of Road Transport & Highways,618374,Improvement/Widening to 2-L with Paved Shoulder/ 4-Laning of NH-40 section from Km 151330 to Km 163400 design Km 63.530 to Km 71.520 including Dawki Bridge of length 368 m between Shillong-Dawki under JICA ODA Loan assistance Phase-II Pkg-5 -Balance work,284,,170.81,43,2314.0,5.796030116358659,0.9148660328435609,48.48660328435609,0.601443661971831,3.882045454545455,2020.0,7.0,1.0,0.3609154929577465,0.7329192546583851,0.3609154929577465,0.7329192546583851,,,0.0,0.0
1215,Roads & Highways,Ministry of Road Transport & Highways,618377,Improvement/Widening to 2-L with Paved Shoulder/4-L from Km 81740 to Km 93490 design Km 0000 to Km 10670 of NH-40 New NH-106 & 206 section & 4-L from design Km 0.00 to Km 0.930 of NH-44 section between Shillong-Dawki under JICA ODA Loan assistance Phase-II -Balance Work Pkg-1,351,,243.15,100,1927.0,5.796030116358659,1.0985988583290087,9.859885832900872,0.6927350427350427,2.4074257425742576,2020.0,7.0,2.0,0.3609154929577465,0.7318840579710145,0.3609154929577465,0.7318840579710145,,,7.752956636005256,1.0
1216,Roads & Highways,Ministry of Road Transport & Highways,618376,Improvement/Widening to 2-Lane with Paved Shoulder between Shillong-Dawki road up to Bangladesh Border from design Km 10.670 to Km 37.550 under JICA ODA Loan assistance Phase-II -Balance Work-Pkg-2,526,,0.0,53,2216.0,5.796030116358659,0.9553249097472925,42.53249097472924,0.0,0.0,2020.0,7.0,3.0,0.3609154929577465,0.7318840579710145,0.3609154929577465,0.7318840579710145,,,4.7963206307490145,1.0
1217,Roads & Highways,Ministry of Road Transport & Highways,618375,Improvement/Widening to 2-Lane with Paved Shoulder from design Km 45.760 to Km 63.530 between Shillong-Dawki under JICA ODA Loan assistance Phase-II -Balance work Pkg-4,446,,42.39,53,2106.0,5.796030116358659,1.0052231718898386,47.52231718898386,0.09504484304932735,0.785,2020.0,7.0,3.0,0.3609154929577465,0.7318840579710145,0.3609154929577465,0.7318840579710145,,,6.40604467805519,1.0
1218,Roads & Highways,Ministry of Road Transport & Highways,618561,Improving the Alignment of Thoppur Ghat Section from Km 158.500 to Km 165.100 in Dharmapuri - Salem Section of NH-44,905,731.09,211.34,48,1474.0,2.1464750171115674,0.5318860244233379,5.188602442333789,0.23352486187845303,4.313061224489796,2024.0,3.0,5.0,0.36155202821869487,0.7329192546583851,0.36155202821869487,0.7329192546583851,-19.216574585635353,0.0,0.0,0.0
1219,Roads & Highways,Ministry of Road Transport & Highways,618621,Indore - Edlabad Pkg-II [Tejajinagar to Balwara],1163,1530.82,824.5,87,1041.0,4.136892539356605,1.4514889529298751,58.148895292987504,0.7089423903697335,9.369318181818182,2022.0,3.0,6.0,0.35978835978835977,0.7318840579710145,0.35978835978835977,0.7318840579710145,31.626827171109195,1.0,21.48488830486202,1.0
1220,Roads & Highways,Ministry of Road Transport & Highways,618694,Indore - Harda Pkg-I [Indore to Raghav Garh from km. 0.25 to km. 26.903],1011,813.03,688.03,96,1004.0,4.243668720054757,1.543824701195219,58.38247011952191,0.680544015825915,7.0930927835051545,2022.0,1.0,6.0,0.36155202821869487,0.7318840579710145,0.36155202821869487,0.7318840579710145,-19.581602373887243,0.0,21.97766097240473,1.0
1221,Roads & Highways,Ministry of Road Transport & Highways,619114,Indore - Harda Pkg-II [Raghavgarh to Nanasa from km. 29.30 to km. 92.30],1082,1146.63,369.46,40,1165.0,3.3182751540041067,1.040343347639485,64.0343347639485,0.34146025878003694,9.01121951219512,2023.0,1.0,6.0,0.35978835978835977,0.7318840579710145,0.35978835978835977,0.7318840579710145,5.973197781885407,1.0,20.2365308804205,1.0
1222,Roads & Highways,Ministry of Road Transport & Highways,618762,Itarsi Km. 63.000 to Betul Km. 137.000 of NH-69 in Madhya Pradesh,950,788.33,663.67,100,904.0,8.66255989048597,3.5,250.0,0.6986,6.570990099009901,2017.0,8.0,5.0,0.36155202821869487,0.7318840579710145,0.36155202821869487,0.7318840579710145,-17.017894736842102,0.0,77.75952693823916,1.0
1223,Roads & Highways,Ministry of Road Transport & Highways,618936,Jagadhari - Tajewala from Km -0.175 to 32.337 km of NH-344,1270,919.43,712.77,68,1043.0,4.082135523613963,1.429530201342282,74.95302013422818,0.5612362204724409,10.33,2022.0,3.0,7.0,0.36155202821869487,0.7318840579710145,0.36155202821869487,0.7318840579710145,-27.60393700787402,0.0,25.7227332457293,1.0
1224,Roads & Highways,Ministry of Road Transport & Highways,618407,Jammu-Akhnoor Road Pkg-I,245,,115.21,75,2493.0,8.128678986995208,1.1909346169273967,44.093461692739666,0.47024489795918367,1.515921052631579,2018.0,3.0,1.0,0.3609154929577465,0.7318840579710145,0.3609154929577465,0.7318840579710145,,,21.681997371879106,1.0
1225,Roads & Highways,Ministry of Road Transport & Highways,619208,Kadambattukonam-Kazhakuttom,3636,3526.33,2124.13,44,1139.0,4.396988364134154,1.4100087796312555,97.00087796312556,0.5841941694169417,47.20288888888889,2021.0,12.0,9.0,0.36155202821869487,0.7318840579710145,0.36155202821869487,0.7318840579710145,-3.016226622662268,0.0,28.350854139290405,1.0
1226,Roads & Highways,Ministry of Road Transport & Highways,618899,Kallagam km.38.700 to Meensurutti Km.98.433 of NH-227 in Tamil Nadu,1499,1499.12,1111.9,100,1150.0,8.16974674880219,2.594782608695652,159.4782608695652,0.7417611741160774,11.00891089108911,2018.0,2.0,8.0,0.36155202821869487,0.7318840579710145,0.36155202821869487,0.7318840579710145,0.00800533689125356,0.0,64.2904073587385,1.0
1227,Roads & Highways,Ministry of Road Transport & Highways,618895,Kamalapuram to Oddanchatram from km. 0.00 to km. 35.822,1319,1319.42,649.83,94,1459.0,7.268993839835729,1.8197395476353666,87.97395476353665,0.4926686884003033,6.840315789473685,2019.0,1.0,7.0,0.36155202821869487,0.7318840579710145,0.36155202821869487,0.7318840579710145,0.031842304776351235,0.0,44.31668856767411,1.0
1228,Roads & Highways,Ministry of Road Transport & Highways,617948,Kante - Wakad section of NH-66 4L PS from Km.281/300 to 332/200,1118,2020.56,375.93,90,1335.0,10.119096509240247,2.7685393258426965,186.85393258426967,0.33625223613595706,4.131098901098901,2016.0,3.0,6.0,0.35978835978835977,0.7318840579710145,0.35978835978835977,0.7318840579710145,80.7298747763864,1.0,72.60183968462549,1.0
1229,Roads & Highways,Ministry of Road Transport & Highways,618521,Karaipettai to Walajapet from Km 71.015 to 107.091,767,766.51,613.76,94,916.0,7.72621492128679,3.0807860262008733,214.07860262008734,0.8002086049543676,6.4606315789473685,2018.0,8.0,4.0,0.36155202821869487,0.7318840579710145,0.36155202821869487,0.7318840579710145,-0.06388526727509897,0.0,66.13009198423127,1.0
1230,Roads & Highways,Ministry of Road Transport & Highways,618408,Kargil Zanskar Road,398,,337.19,97,642.0,5.08145106091718,2.8909657320872273,192.0965732087227,0.8472110552763819,3.440714285714286,2021.0,3.0,2.0,0.3609154929577465,0.7318840579710145,0.3609154929577465,0.7318840579710145,,,43.39684625492772,1.0
1231,Roads & Highways,Ministry of Road Transport & Highways,619201,Karnal ring road Lot-4/Pkg-1,1741,2041.54,834.54,97,1030.0,3.485284052019165,1.2359223300970874,26.592233009708735,0.47934520390580126,8.515714285714285,2022.0,11.0,8.0,0.35978835978835977,0.7318840579710145,0.35978835978835977,0.7318840579710145,17.262492820218263,1.0,14.027595269382392,1.0
1232,Roads & Highways,Ministry of Road Transport & Highways,617946,Kashedi to Parshuram Ghat section of NH-66 from Km 161/600 - Km 205/400 - 4L PS,1143,,427.48,98,1427.0,10.146475017111568,2.5970567624386827,161.70567624386825,0.3739982502187227,4.317979797979798,2016.0,3.0,6.0,0.3609154929577465,0.7318840579710145,0.3609154929577465,0.7318840579710145,,,70.92641261498028,1.0
1233,Roads & Highways,Ministry of Road Transport & Highways,618746,Khammam-Devarapalle Pkg I [4L Access Controlled Greenfield from Thallampadu village to Somavaram village Design Chainage 0000 to 33604],797,1337.18,684.62,97,1377.0,5.2676249144421625,1.3972403776325344,42.72403776325345,0.8589962358845671,6.9859183673469385,2021.0,1.0,5.0,0.35978835978835977,0.7318840579710145,0.35978835978835977,0.7318840579710145,67.77666248431619,1.0,23.226018396846253,1.0
1234,Roads & Highways,Ministry of Road Transport & Highways,619128,Khammam-Devarapalle Pkg II [4L Access Controlled Greenfield from Somavaram village to Chintagudem village Design Chainage 33604 to 63117],616,981.64,524.11,98,1329.0,5.2676249144421625,1.4477050413844996,46.77050413844995,0.8508279220779221,5.2940404040404045,2021.0,1.0,4.0,0.35978835978835977,0.7318840579710145,0.35978835978835977,0.7318840579710145,59.357142857142854,1.0,23.587385019710904,1.0
1235,Roads & Highways,Ministry of Road Transport & Highways,618747,Khammam-Devarapalle Pkg III [4L Access Controlled Greenfield from Chintagudem village to Recherla village Design Chainage 63117 to 105236],830,1227.07,649.55,99,1343.0,5.2676249144421625,1.4326135517498138,44.26135517498136,0.7825903614457831,6.4955,2021.0,1.0,5.0,0.35978835978835977,0.7318840579710145,0.35978835978835977,0.7318840579710145,47.83975903614457,1.0,23.127463863337713,1.0
1236,Roads & Highways,Ministry of Road Transport & Highways,618101,Kondamodu to Perecherla Section Design Ch. Km 000 to Km 49917 of NH-167AG to to 4LPS,882,,0.0,38,916.0,1.538672142368241,0.6135371179039302,23.35371179039302,0.0,0.0,2024.0,10.0,5.0,0.3609154929577465,0.7329192546583851,0.3609154929577465,0.7329192546583851,,,0.0,0.0
1237,Roads & Highways,Ministry of Road Transport & Highways,617965,Kopargaon to Savali Vihir section,195,,105.76,93,752.0,3.8548939082819986,1.872340425531915,94.2340425531915,0.5423589743589744,1.1251063829787236,2022.0,6.0,0.0,0.3609154929577465,0.7318840579710145,0.3609154929577465,0.7318840579710145,,,25.558475689881732,1.0
1238,Roads & Highways,Ministry of Road Transport & Highways,618607,Kottankulangara- Start of Kollam Bypass,2842,3680.49,2373.2,74,1217.0,4.892539356605065,1.4683648315529991,72.8364831552999,0.8350457424349049,31.642666666666663,2021.0,6.0,9.0,0.35978835978835977,0.7318840579710145,0.35978835978835977,0.7318840579710145,29.50351864883884,1.0,29.730617608409986,1.0
1239,Roads & Highways,Ministry of Road Transport & Highways,619098,Kozhikode Bypass Calicut Bypass Vengalam Jn. to Ramanattukara Jn.,1425,2139.18,1066.67,99,1832.0,8.202600958247775,1.6353711790393013,64.53711790393012,0.7485403508771931,10.6667,2018.0,2.0,7.0,0.35978835978835977,0.7318840579710145,0.35978835978835977,0.7318840579710145,50.117894736842096,1.0,42.27989487516425,1.0
1240,Roads & Highways,Ministry of Road Transport & Highways,617986,Kurnool/Kadapa Border-Jammalamadugu section of NH-167K i.e. Design Ch. Km 248010 to km 269900 to 2,293,,0.0,96,1374.0,3.1293634496919918,0.8318777292576419,-12.812227074235807,0.0,0.0,2023.0,3.0,1.0,0.3609154929577465,0.7329192546583851,0.3609154929577465,0.7329192546583851,,,0.0,0.0
1241,Roads & Highways,Ministry of Road Transport & Highways,617888,Landslide treatment work on NH 58 from Kodiyala Km. 266.130 to Devprayag Km. 296.925 10 location under EPC mode in the State of Uttarakhand on EPC Mode,193,,0.0,99,764.0,3.3045859000684463,1.5798429319371727,58.984293193717264,0.0,0.0,2023.0,1.0,0.0,0.3609154929577465,0.7318840579710145,0.3609154929577465,0.7318840579710145,,,17.57555847568988,1.0
1242,Roads & Highways,Ministry of Road Transport & Highways,618116,lmprovement and Up-gradation from Km. 73.300 Bikapur to Km.140.960 Patranga of NH-227B 84 Kosi Parikrama Marg to 2LPS along with Parikrama Path,1680,,172.89,40,1905.0,3.4715947980835042,0.6656167979002625,26.561679790026247,0.10291071428571427,4.216829268292683,2022.0,11.0,8.0,0.3609154929577465,0.7329192546583851,0.3609154929577465,0.7329192546583851,,,0.0,0.0
1243,Roads & Highways,Ministry of Road Transport & Highways,619014,"lmprovement and Widening to 2 lane with paved Shoulder of NH-15 old NH-52 from Existing Km 770.600 Design Km 24.819 to Existing km 805.750 Design Km 59.885 Kamlang T-Junction to Chowkham, Existing Length 35.150 Km, Design Length-35.066 Km in the state of Arunachal Pradesh on EPC mode Pkg-2",317,,34.98,15,1542.0,2.3928815879534566,0.5667963683527886,41.679636835278856,0.11034700315457412,2.18625,2023.0,12.0,2.0,0.3609154929577465,0.7329192546583851,0.3609154929577465,0.7329192546583851,,,0.0,0.0
1244,Roads & Highways,Ministry of Road Transport & Highways,619248,"lmprovement and Widening to 2-lane with Paved Shoulder of NH-13 & 15 Old NH-52 from Existing Km 745.60 Design Km 0.000 to Existing km 770.600 Design Km 24.819 Brahmakund T-junction to Kamlang T-Junction, Existing Length 25.00 Km, Design Length 24.819 Km in the state of Arunachal Pradesh on EPC mode Pkg-1",441,,25.88,15,1638.0,2.3928815879534566,0.5335775335775336,38.35775335775336,0.05868480725623582,1.6175,2023.0,12.0,3.0,0.3609154929577465,0.7329192546583851,0.3609154929577465,0.7329192546583851,,,0.0,0.0
1245,Roads & Highways,Ministry of Road Transport & Highways,618331,lmprovement to 4-Lane with Paved Shoulder from existing km 260000 Design Ch.4560 km to existing km Ch.233000 D. Ch.24560 of Silchar near Nutan Dayapur village - Budha Nagar Section Length-20.00 Km of NH-37 under Package Silchar-Jiribam Pkg-1 in the state of Assam on HAM Mode,958,,214.64,47,1452.0,2.2642026009582477,0.5695592286501377,9.955922865013775,0.22405010438413359,4.471666666666667,2024.0,1.0,5.0,0.3609154929577465,0.7329192546583851,0.3609154929577465,0.7329192546583851,,,0.0,0.0
1246,Roads & Highways,Ministry of Road Transport & Highways,618653,Loha-Waranga Section of NH-361 from km 187.800 to km 244.369,1236,3466.58,1503.59,96,1119.0,8.164271047227926,2.6648793565683646,170.48793565683644,1.2164967637540451,15.500927835051545,2018.0,3.0,7.0,0.35978835978835977,0.7318840579710145,0.35978835978835977,0.7318840579710145,180.46763754045307,1.0,69.25098554533508,1.0
1247,Roads & Highways,Ministry of Road Transport & Highways,619129,Mahabalipuram - Pondicherry Pkg-I [Mamallapuram to Mugaiyur],1361,1477.94,904.84,59,1912.0,7.2060232717316905,1.3765690376569037,78.65690376569037,0.664834680382072,15.080666666666668,2019.0,2.0,7.0,0.35978835978835977,0.7318840579710145,0.35978835978835977,0.7318840579710145,8.59221160911095,1.0,32.72010512483574,1.0
1248,Roads & Highways,Ministry of Road Transport & Highways,619130,Mahabalipuram - Pondicherry Pkg-II [Mugaiyur to Marakkanam],1116,1463.75,804.69,53,2486.0,7.2060232717316905,1.0587288817377314,52.872888173773134,0.7210483870967742,14.901666666666667,2019.0,2.0,6.0,0.35978835978835977,0.7318840579710145,0.35978835978835977,0.7318840579710145,31.160394265232977,1.0,15.801576872536137,1.0
1249,Roads & Highways,Ministry of Road Transport & Highways,618903,Maheshkunt -Saharsa-Purnea Pkg II,1245,1244.09,1230.43,94,1352.0,9.084188911704311,2.4541420118343193,151.41420118343194,0.9882971887550202,12.951894736842107,2017.0,3.0,7.0,0.36155202821869487,0.7318840579710145,0.36155202821869487,0.7318840579710145,-0.07309236947791822,0.0,69.61235216819973,1.0
1250,Roads & Highways,Ministry of Road Transport & Highways,618902,Maheshkunt-Saharsa-Purnea Pkg I km 0.00 to km. 90.00 of NH-107,662,1311.22,1126.22,90,1756.0,9.169062286105408,1.9071753986332574,100.71753986332573,1.7012386706948641,12.376043956043956,2017.0,2.0,4.0,0.35978835978835977,0.7318840579710145,0.35978835978835977,0.7318840579710145,98.06948640483384,1.0,57.35873850197109,1.0
1251,Roads & Highways,Ministry of Road Transport & Highways,618411,Melaghar-Srimantapur section on NH-08 Spur from Km 23 to Km 34.500 11.5 Km and overlay from Km 20.30 to Km 22.00 1.7 Km Total Length 13.2 Km,196,,95.54,72,692.0,3.3155373032169746,1.75,103.0,0.48744897959183675,1.3087671232876714,2023.0,1.0,0.0,0.3609154929577465,0.7318840579710145,0.3609154929577465,0.7318840579710145,,,23.028909329829172,1.0
1252,Roads & Highways,Ministry of Road Transport & Highways,618756,Melur - Pilayarpatti - Karaikudi from km 99.920 of NH 38 to km 12.9 of NH 383 Ext.,1104,1085.41,956.44,98,1181.0,7.359342915811088,2.2760372565622355,129.60372565622356,0.866340579710145,9.6610101010101,2018.0,12.0,6.0,0.36155202821869487,0.7318840579710145,0.36155202821869487,0.7318840579710145,-1.6838768115941956,0.0,53.547963206307486,1.0
1253,Roads & Highways,Ministry of Road Transport & Highways,618152,Mhaswad to Tembhurni section of NH-548C - 2L PS,489,,0.0,96,917.0,9.259411362080767,3.688113413304253,272.8113413304253,0.0,0.0,2017.0,1.0,3.0,0.3609154929577465,0.7318840579710145,0.3609154929577465,0.7318840579710145,,,84.98685939553219,1.0
1254,Roads & Highways,Ministry of Road Transport & Highways,618764,Moga - Bagha Purana - Bajakhana from km. 0.00 to km. 43.32,1033,1264.17,799.77,76,1694.0,5.968514715947981,1.2868949232585596,52.68949232585595,0.7742207163601161,10.386623376623376,2020.0,5.0,6.0,0.35978835978835977,0.7318840579710145,0.35978835978835977,0.7318840579710145,22.37850919651501,1.0,24.014454664914584,1.0
1255,Roads & Highways,Ministry of Road Transport & Highways,618053,Muddanur to B. Kothapalli section of NH-716G from Km. 0/000 to Km. 56/500 56.500 Km in the State of Andhra Pradesh on EPC mode Job no. 741,1020,,0.0,34,1029.0,1.538672142368241,0.5461613216715258,20.61613216715258,0.0,0.0,2024.0,10.0,6.0,0.3609154929577465,0.7329192546583851,0.3609154929577465,0.7329192546583851,,,0.0,0.0
1256,Roads & Highways,Ministry of Road Transport & Highways,618629,Nandigama Bypass and Kanchikacherla bypass,416,444.58,387.77,98,572.0,8.470910335386721,5.409090909090909,442.9090909090909,0.932139423076923,3.916868686868687,2017.0,11.0,2.0,0.35978835978835977,0.7318840579710145,0.35978835978835977,0.7318840579710145,6.870192307692304,1.0,87.8777923784494,1.0
1257,Roads & Highways,Ministry of Road Transport & Highways,618088,Nandurshingote to Kolhar,326,,32.41,42,815.0,1.593429158110883,0.7141104294478527,29.41104294478528,0.09941717791411042,0.753720930232558,2024.0,9.0,2.0,0.3609154929577465,0.7329192546583851,0.3609154929577465,0.7329192546583851,,,0.0,0.0
1258,Roads & Highways,Ministry of Road Transport & Highways,617987,Nandyala-Kurnool/Kadapa Border section of NH-167K i.e. Km 186/000 to Km 250/000Design Ch.186000 to 248010 to 2LPS,692,,0.0,50,1054.0,1.538672142368241,0.5332068311195446,3.320683111954459,0.0,0.0,2024.0,10.0,4.0,0.3609154929577465,0.7329192546583851,0.3609154929577465,0.7329192546583851,,,0.0,0.0
1259,Roads & Highways,Ministry of Road Transport & Highways,617934,Nasratpur to Barasgaon section of NH-61 2L / 4L PS from Km.514/00 to 558/200,407,,528.24,96,794.0,8.818617385352498,4.0566750629722925,309.66750629722924,1.297886977886978,5.4457731958762885,2017.0,7.0,2.0,0.3609154929577465,0.7318840579710145,0.3609154929577465,0.7318840579710145,,,83.77135348226018,1.0
1260,Roads & Highways,Ministry of Road Transport & Highways,618850,Nerchowk km 190.000 to Pandoh including Pandoh bypass km221.305,1464,1651.67,1574.85,100,1563.0,10.080766598220396,2.3557261676263597,135.57261676263596,1.075717213114754,15.592574257425742,2016.0,3.0,8.0,0.35978835978835977,0.7318840579710145,0.35978835978835977,0.7318840579710145,12.818989071038256,1.0,73.65308804204993,1.0
1261,Roads & Highways,Ministry of Road Transport & Highways,617898,New construction of Major Bridge with Approaches from Km 0.000 to 1.200 Madhopur -Badabanta section of NH-20 under NHO in Annual Plan 2022-23 in the State of Odisha,200,,0.32,0,1668.0,3.1238877481177276,0.684052757793765,68.4052757793765,0.0016,0.32,2023.0,3.0,0.0,0.3609154929577465,0.7329192546583851,0.3609154929577465,0.7329192546583851,,,0.0,0.0
1262,Roads & Highways,Ministry of Road Transport & Highways,619120,Nidagatta-Mysore Pkg II,2920,4113.89,3715.84,99,1561.0,8.16974674880219,1.911595131326073,92.15951313260732,1.2725479452054795,37.1584,2018.0,2.0,9.0,0.35978835978835977,0.7318840579710145,0.35978835978835977,0.7318840579710145,40.88664383561645,1.0,51.77398160315374,1.0
1263,Roads & Highways,Ministry of Road Transport & Highways,618688,Outer Ring Road of Jabalpur Town from Amjhar Road including Airport Connectivity to barela Pkg-V,795,539.9,105.34,32,1078.0,1.5030800821355237,0.5092764378478665,18.927643784786646,0.13250314465408805,3.1921212121212124,2024.0,10.0,5.0,0.36155202821869487,0.7329192546583851,0.36155202821869487,0.7329192546583851,-32.08805031446541,0.0,0.0,0.0
1264,Roads & Highways,Ministry of Road Transport & Highways,618687,Outer Ring Road of Jabalpur Town from Barela to Manegaon Pkg-1,652,651.88,500.97,90,916.0,3.6605065023956196,1.4596069868995634,55.96069868995633,0.7683588957055215,5.505164835164836,2022.0,9.0,4.0,0.36155202821869487,0.7318840579710145,0.36155202821869487,0.7318840579710145,-0.01840490797546082,0.0,17.641261498028907,1.0
1265,Roads & Highways,Ministry of Road Transport & Highways,618686,Outer Ring Road of Jabalpur Town from Kushner to Amjhar Road including Airport Connectivity Pkg-IV,613,509.82,363.91,80,1287.0,3.676933607118412,1.0435120435120435,24.35120435120436,0.5936541598694943,4.492716049382716,2022.0,8.0,4.0,0.36155202821869487,0.7318840579710145,0.36155202821869487,0.7318840579710145,-16.831973898858077,0.0,8.771353482260183,1.0
1266,Roads & Highways,Ministry of Road Transport & Highways,618684,Outer Ring Road of Jabalpur Town from Manegaon to NH-45 Pkg-2,917,786.47,520.38,79,1216.0,3.477070499657769,1.044407894736842,25.440789473684205,0.5674809160305343,6.50475,2022.0,11.0,5.0,0.36155202821869487,0.7318840579710145,0.36155202821869487,0.7318840579710145,-14.234460196292254,0.0,12.779237844940866,1.0
1267,Roads & Highways,Ministry of Road Transport & Highways,618685,Outer Ring Road of Jabalpur Town from NH45 to Kushner Pkg-3,911,773.23,552.62,80,1261.0,3.6084873374401094,1.0452022204599525,24.520222045995254,0.6066081229418222,6.82246913580247,2022.0,9.0,5.0,0.36155202821869487,0.7318840579710145,0.36155202821869487,0.7318840579710145,-15.122941822173432,0.0,9.921156373193167,1.0
1268,Roads & Highways,Ministry of Road Transport & Highways,618172,Paithan - Shirur section 2LPS Km 0.0 to 55.00,342,,208.25,82,823.0,9.163586584531142,4.066828675577157,324.6828675577157,0.6089181286549707,2.5090361445783134,2017.0,3.0,2.0,0.3609154929577465,0.7318840579710145,0.3609154929577465,0.7318840579710145,,,88.92904073587384,1.0
1269,Roads & Highways,Ministry of Road Transport & Highways,618177,Pal Phata Phulambri - Khultabad 2LPS,227,,5.78,95,642.0,8.093086926762492,4.604361370716511,365.43613707165105,0.025462555066079296,0.060208333333333336,2018.0,3.0,1.0,0.3609154929577465,0.7318840579710145,0.3609154929577465,0.7318840579710145,,,72.07621550591327,1.0
1270,Roads & Highways,Ministry of Road Transport & Highways,618851,Pandoh bypass 221.305 to Takoli 242.000 of NH-21 in the state of Himachal Pradesh,3420,4465.94,2883.58,96,1563.0,8.878850102669405,2.074856046065259,111.48560460652592,0.8431520467836258,29.72762886597938,2017.0,6.0,9.0,0.35978835978835977,0.7318840579710145,0.35978835978835977,0.7318840579710145,30.5830409356725,1.0,66.1957950065703,1.0
1271,Roads & Highways,Ministry of Road Transport & Highways,618606,Paravoor-Kottankulangara,3274,3200.24,2858.55,71,1159.0,4.353182751540041,1.3718723037100948,66.18723037100949,0.8731062919975565,39.702083333333334,2021.0,12.0,9.0,0.36155202821869487,0.7318840579710145,0.36155202821869487,0.7318840579710145,-2.252901649358589,0.0,25.164257555847566,1.0
1272,Roads & Highways,Ministry of Road Transport & Highways,618094,Pen to Khopoli 2LPS,369,,333.1,86,641.0,8.112251882272416,4.622464898595944,376.2464898595944,0.902710027100271,3.8287356321839083,2018.0,3.0,2.0,0.3609154929577465,0.7318840579710145,0.3609154929577465,0.7318840579710145,,,72.33902759526939,1.0
1273,Roads & Highways,Ministry of Road Transport & Highways,618571,Permanent rectification of 3 nos. of black spots in project Highway NH-27 of U.P border - Dewapur - Kotwa section from Km.360.915 to km.440.000 Total Length of 79.085 Km of NH-27& Permanent rectification of 5 nos. of black spots of project Highway NH-27 of Kotwa - Mehsi - Muzaffarpur Section from km.440.000 to km.520.000 Total length 80.00Km,227,321.23,233.7,83,1339.0,4.049281314168378,1.104555638536221,27.455563853622095,1.0295154185022026,2.782142857142857,2022.0,4.0,1.0,0.35978835978835977,0.7318840579710145,0.35978835978835977,0.7318840579710145,41.51101321585904,1.0,12.64783180026281,1.0
1274,Roads & Highways,Ministry of Road Transport & Highways,618846,Poondiyankuppam Km.67.000 to Sattanathapuram Km.123.800,2566,2319.35,1210.2,100,2150.0,8.164271047227926,1.3869767441860466,38.69767441860466,0.47162899454403745,11.982178217821783,2018.0,3.0,9.0,0.36155202821869487,0.7318840579710145,0.36155202821869487,0.7318840579710145,-9.612236944660953,0.0,32.35873850197109,1.0
1275,Roads & Highways,Ministry of Road Transport & Highways,618074,Pre construction activity of NH 122B from km 0 to 72.348 and Improvement to two lane with paved shoulders of NH 122B from km 29.730 to km 72.348 in state of Bihar under EPC mode,624,,154.25,96,1640.0,4.219028062970568,0.9396341463414634,-2.036585365853668,0.24719551282051283,1.5902061855670102,2022.0,2.0,4.0,0.3609154929577465,0.7329192546583851,0.3609154929577465,0.7329192546583851,,,0.7227332457293035,0.0
1276,Roads & Highways,Ministry of Road Transport & Highways,618126,"Pre-Construction activities from Km 134.000 to Km 190.233 of NH-333A and Construction of 4 no. of Bypasses at Katoria, Lakhpura, Banka & Panjwara total length-14.359 Km to two lane with paved shoulders standard in State of Bihar.",479,,67.37,59,1489.0,3.468856947296372,0.8509066487575554,26.090664875755536,0.1406471816283925,1.1228333333333333,2022.0,11.0,3.0,0.3609154929577465,0.7318840579710145,0.3609154929577465,0.7318840579710145,,,3.712220762155059,1.0
1277,Roads & Highways,Ministry of Road Transport & Highways,618845,Puducherry Km.29.000 to Poondiyankuppam Km.67.000,1588,1415.9,460.45,99,2084.0,8.164271047227926,1.4309021113243763,44.09021113243762,0.289955919395466,4.6045,2018.0,3.0,8.0,0.36155202821869487,0.7318840579710145,0.36155202821869487,0.7318840579710145,-10.83753148614609,0.0,34.526938239159,1.0
1278,Roads & Highways,Ministry of Road Transport & Highways,618180,Pune raigarh District Border To Mangaon Ch 69000 to 103775 NH-753F,223,,0.0,89,655.0,8.125941136208077,4.531297709923664,364.12977099236645,0.0,0.0,2018.0,3.0,0.0,0.3609154929577465,0.7318840579710145,0.3609154929577465,0.7318840579710145,,,78.97503285151117,1.0
1279,Roads & Highways,Ministry of Road Transport & Highways,618428,Realignment of NH-717A from Design Ch.0.00 Km 77.800 of NH-10 to Design Ch.2.00 Km 3.100 of NH-717A with two lane paved shoulder including Major Bridge of 680 m in the State of Sikkim on EPC Mode-COS work,265,380.94,70.71,100,826.0,5.316906228610541,2.351089588377724,135.10895883777238,0.26683018867924524,0.70009900990099,2021.0,1.0,1.0,0.35978835978835977,0.7318840579710145,0.35978835978835977,0.7318840579710145,43.75094339622642,1.0,37.352168199737186,1.0
1280,Roads & Highways,Ministry of Road Transport & Highways,619221,Realignment of Rudrapur-Kathgodam Section of NH-87 New NH-109 From Design Chainage 000 Existing Chainage Km.54050 To Design Chainage 7875 Existing Chainage Km.61550 Due To Proposed Expansion Of Pantnagar Airport in the state of Uttarakhand.,253,,0.14,0,763.0,0.7118412046543463,0.34076015727391873,34.07601572739188,0.0005533596837944665,0.14,2025.0,8.0,1.0,0.3609154929577465,0.7329192546583851,0.3609154929577465,0.7329192546583851,,,0.0,0.0
1281,Roads & Highways,Ministry of Road Transport & Highways,618025,Rehabiitation and upgradation from km 121/000 to 154/000 Nakrekal to Mallampally section of NH-365 to 2 lane with paved shoulders in the state of Telangana in the EPC mode,193,,141.82,96,635.0,8.131416837782341,4.677165354330708,371.7165354330708,0.7348186528497409,1.462061855670103,2018.0,3.0,0.0,0.3609154929577465,0.7318840579710145,0.3609154929577465,0.7318840579710145,,,81.73455978975032,1.0
1282,Roads & Highways,Ministry of Road Transport & Highways,618067,"Rehabilitation & Up-gradation from design Km. 0.000 to Km. 69.280 of NH-931 Pratapgarh - Amethi - Gauriganj -Musafirkhana to two lane with paved shoulder on Engineering, Procurement & Construction EpC mode in the State of Uttar Pradesh",1086,,24.29,9,1637.0,2.954140999315537,0.659132559560171,56.913255956017096,0.02236648250460405,2.429,2023.0,5.0,6.0,0.3609154929577465,0.7329192546583851,0.3609154929577465,0.7329192546583851,,,0.0,0.0
1283,Roads & Highways,Ministry of Road Transport & Highways,618089,Rehabilitation & Up-gradation of Mudkhed to Nanded section from Km. 372000 to Km 388400 of NH 161A i.e. Nanded-Bhokar-Himayatnagar-Kinwat-Mahur-Arani Road Design chainage from Km 372000 Mudkhed to Km 387650 Nanded of NH 161A Length 15.65 Km to 2/4Lane with paved shoulders configuration in the State of Maharashtra on EPC mode.,207,,74.51,65,1105.0,4.101300479123887,1.3556561085972851,70.56561085972851,0.35995169082125605,1.128939393939394,2022.0,3.0,0.0,0.3609154929577465,0.7318840579710145,0.3609154929577465,0.7318840579710145,,,18.922470433639948,1.0
1284,Roads & Highways,Ministry of Road Transport & Highways,618035,Rehabilitation & Upgradation of existing intermediate lane to two Lane with paved shoulder from km. 0.600 Gulganj bypass on NH-34 to km. 43.00 Barna River length 42.400 km. on Gulganj-Amanganj-Pawai-Katni NH43 Extn. in the state of Madhya Pradesh on EPCmode.,275,,0.0,60,1167.0,3.143052703627652,0.9837189374464439,38.371893744644396,0.0,0.0,2023.0,3.0,1.0,0.3609154929577465,0.7318840579710145,0.3609154929577465,0.7318840579710145,,,7.424441524310118,1.0
1285,Roads & Highways,Ministry of Road Transport & Highways,618218,Rehabilitation & upgradation of existing road to 2-lane with hard shoulder from Joshimath km 0.00 to Saraithota km 29.725 road on NH-107B under Bharatmala Pariyojna on EPC mode in the state of Uttarakhand,338,,0.0,80,945.0,3.5290896646132786,1.364021164021164,56.402116402116405,0.0,0.0,2022.0,10.0,2.0,0.3609154929577465,0.7318840579710145,0.3609154929577465,0.7318840579710145,,,22.306176084099867,1.0
1286,Roads & Highways,Ministry of Road Transport & Highways,618450,Rehabilitation & Upgradation of existing road to 2-lane with paved shoulder including geometric improvement of section from start of Rabangla km33.600 to km58.840 under SARDP-NE Phase A Pkg- IV,293,,253.63,65,661.0,5.806981519507187,3.208774583963691,255.8774583963691,0.8656313993174062,3.842878787878788,2020.0,7.0,1.0,0.3609154929577465,0.7318840579710145,0.3609154929577465,0.7318840579710145,,,55.97897503285151,1.0
1287,Roads & Highways,Ministry of Road Transport & Highways,618154,"Rehabilitation & upgradation of Jamkhed to Sautada Section of NH548 D from km 195.375 to km 208.774, Length 13.399 Km to 2L PS /4L configuration with rigid pavement in the state of Maharashtra on EPC mode.",158,,0.0,69,845.0,4.1067761806981515,1.7751479289940828,108.51479289940829,0.0,0.0,2022.0,3.0,0.0,0.3609154929577465,0.7318840579710145,0.3609154929577465,0.7318840579710145,,,23.52168199737188,1.0
1288,Roads & Highways,Ministry of Road Transport & Highways,618020,"Rehabilitation & Upgradation of KurwaiMungaoliChanderi Road section of NH-346, from Design Chainge 0.000 to 81.300 Km Total length 83.1 km to Two lane with paved shoulder configuration along with One time improvement in 07 nos of bypassed built-up areas in a total length of 22.615 km in the state of Madhya Pradesh on EPC mode.",386,,164.84,68,1048.0,4.1040383299110195,1.4303435114503817,75.03435114503819,0.42704663212435234,2.388985507246377,2022.0,3.0,2.0,0.3609154929577465,0.7318840579710145,0.3609154929577465,0.7318840579710145,,,22.864651773981603,1.0
1289,Roads & Highways,Ministry of Road Transport & Highways,618239,"Rehabilitation & Upgradation of NH214 New NH-216 from Km 34/230 to Km 84/550 Losari to Machavaram Section to two lane with paved shoulder in the state of Andhrapradesh under NHDP-IV through Engineering, Procurement& Construction EPC mode.",445,459.37,512.79,99,904.0,10.119096509240247,4.088495575221239,309.84955752212386,1.1523370786516853,5.1278999999999995,2016.0,3.0,3.0,0.36155202821869487,0.7318840579710145,0.36155202821869487,0.7318840579710145,3.2292134831460686,0.0,82.75295663600525,1.0
1290,Roads & Highways,Ministry of Road Transport & Highways,619265,Rehabilitation & Upgradation of Thorrur to Nehru Nagar section to Two Lane with Paved shoulders from Km 109/420 to Km 178/500 of NH 930P in the state of Telangana on EPC mode under Annual Plan 2022-2023,675,,0.0,0,1255.0,1.2539356605065024,0.3649402390438247,36.49402390438247,0.0,0.0,2025.0,1.0,4.0,0.3609154929577465,0.7329192546583851,0.3609154929577465,0.7329192546583851,,,0.0,0.0
1291,Roads & Highways,Ministry of Road Transport & Highways,618134,Rehabilitation /Upgradation from Lagam to Alapalli section Desing Km. 199/400 to km 227/400 Length 28.0 Km to 2 lane with Paved Shoulders/ 4 lane configuration section of NH-353 C Sakoli-Wadsa-Armori-Gadchiroli-Ashti-Alapalli Sironcha in Gadchiroli District on EPC mode in the state of Maharashtra.,459,,132.28,81,1302.0,3.2060232717316905,0.8993855606758833,8.938556067588323,0.2881917211328976,1.6131707317073172,2023.0,2.0,3.0,0.3609154929577465,0.7329192546583851,0.3609154929577465,0.7329192546583851,,,0.0,0.0
1292,Roads & Highways,Ministry of Road Transport & Highways,618821,Rehabilitation and Up gradation from 4 to 8 laning of Chandikhole Paradip Section of NH-53 Old NH 5A from Km 18.00 to Km 39.00 in the State of Odisha on HAM mode Package-2,920,950.4,424.45,98,993.0,3.0937713894592744,1.1379657603222557,15.796576032225573,0.4613586956521739,4.287373737373737,2023.0,3.0,5.0,0.36155202821869487,0.7318840579710145,0.36155202821869487,0.7318840579710145,3.3043478260869543,0.0,11.530880420499342,1.0
1293,Roads & Highways,Ministry of Road Transport & Highways,618822,Rehabilitation and Up gradation from 4 to 8 laning of Chandikhole Paradip Section of NH-53 Old NH 5A from Km.0.00 to Km.18.00Package-1,930,869.45,398.91,97,993.0,3.0937713894592744,1.1379657603222557,16.796576032225573,0.42893548387096775,4.070510204081633,2023.0,3.0,5.0,0.36155202821869487,0.7318840579710145,0.36155202821869487,0.7318840579710145,-6.510752688172038,0.0,13.567674113009199,1.0
1294,Roads & Highways,Ministry of Road Transport & Highways,618820,Rehabilitation and Up gradation from 4 to 8 laning of Chandikhole Paradip Section of NH-53 Old NH 5A from Km.39.000 to Km.60.00 Package-3,862,938.55,395.96,92,993.0,3.0937713894592744,1.1379657603222557,21.796576032225573,0.4593503480278422,4.257634408602151,2023.0,3.0,5.0,0.35978835978835977,0.7318840579710145,0.35978835978835977,0.7318840579710145,8.88051044083526,1.0,15.505913272010512,1.0
1295,Roads & Highways,Ministry of Road Transport & Highways,619181,Rehabilitation and Up gradation from 4 to 8 laning of Chandikhole Paradip Section of NH-53 Old NH 5A from Km.60.000 to Km.76.646 Package-4,882,1009.92,196.67,36,1314.0,3.0937713894592744,0.8599695585996956,49.99695585996956,0.22298185941043083,5.315405405405405,2023.0,3.0,5.0,0.35978835978835977,0.7318840579710145,0.35978835978835977,0.7318840579710145,14.503401360544213,1.0,13.994743758212877,1.0
1296,Roads & Highways,Ministry of Road Transport & Highways,619008,Rehabilitation and Up gradation of Charthana Jintur Section of NH 752 I Km 25100 to 47100 to 2 Lane with Paved Shoulder configuration Flexible Pavement in the state of Maharashtra on EPC mode. Reg- Resubmission of Annual Plan Estimate.,158,,0.01,51,851.0,1.0924024640657084,0.4688601645123384,-4.113983548766157,6.329113924050633e-05,0.0001923076923076923,2025.0,3.0,0.0,0.3609154929577465,0.7329192546583851,0.3609154929577465,0.7329192546583851,,,-11.957950065703022,0.0
1297,Roads & Highways,Ministry of Road Transport & Highways,618418,Rehabilitation and up gradation of Nongstoin-Rambrai-Kyrshai road up to Meghalaya-Assam border from Km 0.335 to km 34.039 to 2-Lane under NHO - NE in the State of Meghalaya Package-1,360,,310.07,83,977.0,4.605065023956194,1.721596724667349,89.15967246673489,0.8613055555555555,3.6913095238095237,2021.0,9.0,2.0,0.3609154929577465,0.7318840579710145,0.3609154929577465,0.7318840579710145,,,31.208935611038108,1.0
1298,Roads & Highways,Ministry of Road Transport & Highways,619185,Rehabilitation and up-gradation and completion of balance work of section from Km 155.00 to Km 181.00 End of Jarwa to Rangat of NH -4 Total length 26 Km to Intermediate Lane/2-lane with hard shoulders in the UT of A&N Islands on EPC basis - Package-III.B Balance work,184,333.12,163.63,50,2777.0,8.16974674880219,1.0745408714440043,57.45408714440043,0.8892934782608696,3.2084313725490197,2018.0,2.0,0.0,0.35978835978835977,0.7318840579710145,0.35978835978835977,0.7318840579710145,81.04347826086958,1.0,17.805519053876477,1.0
1299,Roads & Highways,Ministry of Road Transport & Highways,619184,"Rehabilitation and up-gradation and completion of balance works of the section from Km 107.760 km to 129.445 km After Middle strait to Humphrey, Km 130.600 to 138.300 After Humphrey to Kadamtala of NH-4 Intermediate/2-Lane with hard shoulder in the Union Territory of Andaman & Nicobar Islands on EPC basis Package-IIIA",207,376.48,0.0,82,2755.0,8.16974674880219,1.0831215970961887,26.312159709618868,0.0,0.0,2018.0,2.0,0.0,0.35978835978835977,0.7318840579710145,0.35978835978835977,0.7318840579710145,81.87439613526571,1.0,15.571616294349539,1.0
1300,Roads & Highways,Ministry of Road Transport & Highways,618163,"Rehabilitation and Up-gradation from km. 0000 to km.40390 of NH-730S MaharajganjNichloulThuthibari to two lane with paved shoulders in the State of U.P. on Engineering, Procurement & Construction EPC Basis.",809,603.19,167.84,60,1011.0,3.164955509924709,1.1434223541048467,54.342235410484676,0.20746600741656365,2.7514754098360656,2023.0,3.0,5.0,0.36155202821869487,0.7318840579710145,0.36155202821869487,0.7318840579710145,-25.44004944375772,0.0,12.81208935611038,1.0
1301,Roads & Highways,Ministry of Road Transport & Highways,618236,Rehabilitation and Up-gradation of Dhindi - Digamarru section from Km 126/510 to Km 135/740 of NH -214 New NH -216 and digamarru -Losari section from Km 0/000 tp Km 34/230 of NH-214 A New Nh-216 to two lane with paved shoulder in the state of AP-NH,316,288.76,222.43,100,806.0,10.17659137577002,4.61166253101737,361.16625310173697,0.7038924050632912,2.2022772277227722,2016.0,2.0,2.0,0.36155202821869487,0.7318840579710145,0.36155202821869487,0.7318840579710145,-8.620253164556965,0.0,65.86727989487517,1.0
1302,Roads & Highways,Ministry of Road Transport & Highways,618037,Rehabilitation and Up-gradation of existin of road from 2-lane to 2-lane with paved shoulders from km. 0.00 to km 53.590 total length-53.590 km of Raychoti to Vempalli section of NH-440 in the State of Andhra Pradesh on EPC mode.,440,359.52,213.12,90,856.0,4.336755646817249,1.8504672897196262,95.04672897196261,0.4843636363636364,2.341978021978022,2021.0,12.0,3.0,0.36155202821869487,0.7318840579710145,0.36155202821869487,0.7318840579710145,-18.290909090909093,0.0,28.942181340341655,1.0
1303,Roads & Highways,Ministry of Road Transport & Highways,618888,Rehabilitation and Up-gradation of existing road to 2L PS from End of Hamirpur Bypass near Chilbahal to Bhangbar section from Km. 138.295 to Km.175.270 of NH-88 Pkg-IV,1146,1358.62,987.35,97,1143.0,4.136892539356605,1.3219597550306212,35.19597550306213,0.8615619546247819,10.075000000000001,2022.0,3.0,6.0,0.35978835978835977,0.7318840579710145,0.35978835978835977,0.7318840579710145,18.55322862129144,1.0,20.13797634691196,1.0
1304,Roads & Highways,Ministry of Road Transport & Highways,618139,Rehabilitation and Up-gradation of Gangakhed Loha section of NH-361F from Km 169/00 to 210/00 to two lane with paved shoulder/ four lane configuration in the state of Maharashtra on EPC mode Length - 41.00 Km.,355,,0.0,43,929.0,2.1245722108145104,0.8353067814854682,40.530678148546826,0.0,0.0,2024.0,3.0,2.0,0.3609154929577465,0.7329192546583851,0.3609154929577465,0.7329192546583851,,,0.0,0.0
1305,Roads & Highways,Ministry of Road Transport & Highways,618150,Rehabilitation and Up-gradation of i. Deogaon phata to Digras phata Ch. 0/000 to 15/000 & Selu to Borgavhan Ch 20/900 to 35/800 [Length 29.9km] ii. Injegaon Dhamoni to Pohner Phata Ch.58/200 to Ch. 83/700 [Length25.5 km] and iii. Pohner phata to Pathri Design Ch. 42/700 to 58/200 [Length 15.5 km] sections of NH-548B to Two lane with paved shoulder configuartion in the state of Maharashtra on EPC mode Total project length 70.9 Km.,762,,0.0,15,1149.0,2.1245722108145104,0.6753698868581375,52.53698868581375,0.0,0.0,2024.0,3.0,4.0,0.3609154929577465,0.7329192546583851,0.3609154929577465,0.7329192546583851,,,0.0,0.0
1306,Roads & Highways,Ministry of Road Transport & Highways,618137,Rehabilitation and Up-gradation of Jarud - Sirsala section of NH-361F km 59500 to km11500 to Two lane with paved shoulder/ Four Lane in the state of Maharashtra on EPC mode Length 55.5 Km.,540,,158.38,68,1149.0,2.1245722108145104,0.6753698868581375,-0.46301131418624664,0.2932962962962963,2.2953623188405796,2024.0,3.0,3.0,0.3609154929577465,0.7329192546583851,0.3609154929577465,0.7329192546583851,,,0.0,0.0
1307,Roads & Highways,Ministry of Road Transport & Highways,617991,"Rehabilitation and up-gradation of NH-167 from Km 14/900 to Km70/000 Design Ch. 14/900 to 69/700 Chintakunta to Adoni section to two lane with paved shoulders in the State of Andhra Pradesh under Corridor Approach through Engineering, Procurement",290,,141.83,92,939.0,9.489390828199863,3.691160809371672,277.11608093716717,0.48906896551724144,1.5250537634408603,2016.0,11.0,1.0,0.3609154929577465,0.7318840579710145,0.3609154929577465,0.7318840579710145,,,91.06438896189225,1.0
1308,Roads & Highways,Ministry of Road Transport & Highways,617885,Rehabilitation and Up-gradation of Nongstoin Wahkaji section of Project Road Km 0000 to Km 43060 to Intermediate Lane with earthern shoulder under SARDP-NE Phase-A in the State of Meghalaya on EPC mode. Job No- SARDP-NE ong-Don-Maw/MG/2020-21/294,303,,187.77,100,1092.0,5.711156741957564,1.9102564102564104,91.02564102564102,0.6197029702970297,1.8591089108910892,2020.0,8.0,1.0,0.3609154929577465,0.7318840579710145,0.3609154929577465,0.7318840579710145,,,36.69513797634691,1.0
1309,Roads & Highways,Ministry of Road Transport & Highways,618385,Rehabilitation and up-gradation of road from design km 25.250 to km 36.460 Total lengh 11.210 km of Kailashahar-Kurti Bridge section on NH-208A to 2-lane with paved shoulder on EPC basis under NHO Package-III- Balance Work,174,,67.1,53,2196.0,6.1738535249828885,1.0268670309653916,49.68670309653916,0.38563218390804593,1.2425925925925925,2020.0,2.0,0.0,0.3609154929577465,0.7329192546583851,0.3609154929577465,0.7329192546583851,,,0.0,0.0
1310,Roads & Highways,Ministry of Road Transport & Highways,618307,Rehabilitation and up-gradation of road from km 16.077 to km 43.935 total length 27.858 km of Lalchara-Kanchanpur section via Shivbari on NH-44A to 2 lane with paved shoulder in the state of Tripura on EPC Mode Pkg-2 under BharatMala Pariyojana Manu-Simlung -2,457,,205.69,55,1050.0,4.177960301163586,1.4533333333333334,90.33333333333334,0.45008752735229757,3.673035714285714,2022.0,2.0,3.0,0.3609154929577465,0.7318840579710145,0.3609154929577465,0.7318840579710145,,,12.54927726675427,1.0
1311,Roads & Highways,Ministry of Road Transport & Highways,618238,Rehabilitation and Up-gradation of Thimmapuram to Gurajanapalli section from Km 26/150 to Km 41/161 of NH - 214 New NH - 216 to two lane with paved shoulder in the state of Andhra Pradesh under NHDP-IV,351,432.91,233.93,98,698.0,9.71937029431896,5.08595988538682,410.595988538682,0.6664672364672365,2.362929292929293,2016.0,8.0,2.0,0.35978835978835977,0.7318840579710145,0.35978835978835977,0.7318840579710145,23.336182336182343,1.0,98.71879106438895,1.0
1312,Roads & Highways,Ministry of Road Transport & Highways,618186,"Rehabilitation and Up-gradation of Valigonda to Thorrur Section to Two Lane with Paved Shoulders from Km 39.180 to Km 108.300 of NH-930P in the State of Telangana on Engineering, Procurement and Construction EPC Basis",549,,325.77,95,1088.0,4.314852840520191,1.4485294117647058,49.85294117647058,0.5933879781420764,3.3934374999999997,2022.0,1.0,3.0,0.3609154929577465,0.7318840579710145,0.3609154929577465,0.7318840579710145,,,21.057818659658345,1.0
1313,Roads & Highways,Ministry of Road Transport & Highways,618096,Rehabilitation and Up-gradation to 2 lane road with paved shoulders configuration for the balance work of 13 km length on Helwak-Patan-Karad section Km. 85000 to 133 417 of NH-166E in the state of Maharashtra on EPC mode.,181,,60.25,87,796.0,2.223134839151266,1.020100502512563,15.010050251256288,0.3328729281767956,0.6846590909090909,2024.0,2.0,0.0,0.3609154929577465,0.7318840579710145,0.3609154929577465,0.7318840579710145,,,8.5742444152431,1.0
1314,Roads & Highways,Ministry of Road Transport & Highways,618188,Rehabilitation and Up-gradation to 2 lane with paved shoulder configuration of Mahud Sangola road NH 965 G 159400 to 161900and 162400 to 183960 Design Chainage from km. 32/300 to km. 34/800 and km. 35/800 to km. 56/860 Rigid Pavement on EPC mode in the State of Maharashtra.,254,,98.95,100,826.0,3.2005475701574264,1.4152542372881356,41.525423728813564,0.38956692913385826,0.9797029702970297,2023.0,2.0,1.0,0.3609154929577465,0.7318840579710145,0.3609154929577465,0.7318840579710145,,,15.308804204993429,1.0
1315,Roads & Highways,Ministry of Road Transport & Highways,618225,Rehabilitation and up-gradation to 2 lane with paved shoulder from existing chainage km 134950 to km 166100 Design chainage km 116980 to km 146700 under 31 TF on Akhnoor-Poonch road NH-144A in the UT of Jammu & Kashmir under Project Sampark BRO on EPC mode Package-VI Job no NH-144A-J&K-2021-22-106,395,,162.0,89,1121.0,4.826830937713894,1.5727029438001785,68.27029438001784,0.41012658227848103,1.8,2021.0,7.0,2.0,0.3609154929577465,0.7318840579710145,0.3609154929577465,0.7318840579710145,,,29.139290407358736,1.0
1316,Roads & Highways,Ministry of Road Transport & Highways,618224,Rehabilitation and up-gradation to 2 lane with paved shoulder from existing chainage km 49150 to km 64535 Design chainage km 46.450 to km 55.800 including construction of Sungal Tunnel Total length of Tunnel 2.79 km under 13 TF on Akhnoor-Poonch road NH-144A under Project Sampark BRO in the UT of Jammu & Kashmir on EPC mode Package-II Job no NH-144A-J&K-2019-20-78,797,,440.97,92,1614.0,6.11088295687885,1.3828996282527881,46.28996282527882,0.5532873274780427,4.741612903225807,2020.0,3.0,5.0,0.3609154929577465,0.7318840579710145,0.3609154929577465,0.7318840579710145,,,24.342969776609724,1.0
1317,Roads & Highways,Ministry of Road Transport & Highways,618223,Rehabilitation and up-gradation to 2 lane with paved shoulder from existing chainage km 64535 to km 85385 Design chainage km 55800 to km 74350 under 13 TF on Akhnoor-Poonch road NH-144A under Project Sampark BRO in the UT of Jammu & Kashmir on EPC mode Package-III Job no NH-144A-J&K-2019-20-79,153,,77.62,90,1288.0,6.113620807665982,1.733695652173913,83.36956521739131,0.5073202614379085,0.852967032967033,2020.0,3.0,0.0,0.3609154929577465,0.7318840579710145,0.3609154929577465,0.7318840579710145,,,39.09329829172142,1.0
1318,Roads & Highways,Ministry of Road Transport & Highways,618119,Rehabilitation and up-gradation to 2-lane configuration of Bageshwar to Kangarchina road from km 129.600 to Km 161.600 Existing Chainage 136.00 to Km 169.00 of NH-309Ain the State of Uttarakhand Package-IV under NHO Annual Plan 2021-22,472,,0.0,67,1793.0,4.082135523613963,0.8315672058003346,16.156720580033465,0.0,0.0,2022.0,3.0,3.0,0.3609154929577465,0.7321613236814891,0.3609154929577465,0.7321613236814891,,,,
1319,Roads & Highways,Ministry of Road Transport & Highways,618263,"Rehabilitation and Up-gradation to 2LPS from Km. 0.000 to Km. 7.800 and Km. 35.400 to Km. 52.345 Design length 24.745 Km., except Bihar portion of NH-727B Tamkuhiraj to Bihar Border and Bihar Border to Majhauli on EPC mode in the State of Uttar Pradesh",701,,156.4,81,1225.0,3.1019849418206706,0.9248979591836735,11.48979591836735,0.22310984308131243,1.9073170731707318,2023.0,3.0,4.0,0.3609154929577465,0.7329192546583851,0.3609154929577465,0.7329192546583851,,,1.0183968462549278,0.0
1320,Roads & Highways,Ministry of Road Transport & Highways,618880,Rehabilitation and Up-gradation to 4L configuration & Strengthening of Thanpuri to Paror section from Km 85.135 to Km 100.840 of NH-154 Pkg-IIC,816,666.79,496.91,57,1247.0,3.8165639972621492,1.1178829190056134,54.78829190056135,0.6089583333333334,8.567413793103448,2022.0,7.0,5.0,0.36155202821869487,0.7318840579710145,0.36155202821869487,0.7318840579710145,-18.285539215686278,0.0,16.819973718791065,1.0
1321,Roads & Highways,Ministry of Road Transport & Highways,618176,Rehabilitation and upgradation from ch km 50/200 to 56/800 and km 62/600 to 100/403 of Kolde to Visarwadi Near Junction with NH-6 section of NH 752G total length 44.40 to two-lane with paved shoulder / four lanes in the State of Maharashtra on EPC mode.,349,,39.95,35,1011.0,1.0924024640657084,0.39465875370919884,4.465875370919882,0.11446991404011463,1.1097222222222223,2025.0,3.0,2.0,0.3609154929577465,0.7321613236814891,0.3609154929577465,0.7321613236814891,,,,
1322,Roads & Highways,Ministry of Road Transport & Highways,618103,Rehabilitation and upgradation from Km 22300 to 58635 of MudireddyPalle to Kadapa/Nellore Border via porumamilla Section of NH 167 Two Lane with paved Shoulder in,279,,168.7,90,1482.0,4.1067761806981515,1.0121457489878543,11.214574898785429,0.6046594982078852,1.8538461538461537,2022.0,3.0,1.0,0.3609154929577465,0.7318840579710145,0.3609154929577465,0.7318840579710145,,,3.6136662286465175,1.0
1323,Roads & Highways,Ministry of Road Transport & Highways,618124,Rehabilitation and upgradation from km 51.600 to km 75.700 of NH-321G Nuhkhas to Etah section to two lane with paved shoulder configuration under EPC mode in the State of Uttar Pradesh,344,,88.97,73,1328.0,4.306639288158795,1.1844879518072289,45.44879518072288,0.25863372093023257,1.2022972972972972,2022.0,1.0,2.0,0.3609154929577465,0.7318840579710145,0.3609154929577465,0.7318840579710145,,,15.078843626806833,1.0
1324,Roads & Highways,Ministry of Road Transport & Highways,619136,Rehabilitation and Upgradation of Chorma - Bairgania Section of National Highway No 227F to 2 lane with paved shoulders from Design Ch.0.000 to Ch. 34.566,611,628.65,337.4,100,1311.0,3.8329911019849416,1.0678871090770403,6.788710907704029,0.5522094926350245,3.3405940594059405,2022.0,6.0,4.0,0.36155202821869487,0.7318840579710145,0.36155202821869487,0.7318840579710145,2.8887070376432042,0.0,6.438896189224704,1.0
1325,Roads & Highways,Ministry of Road Transport & Highways,617974,Rehabilitation and upgradation of 2 lane with paved shoulder from existing km. 195.175 to km. 220.000 Design Chainage km71.300 to Km. 95.947 Excluding existing chainage Km 200.300 to Km 202.400 Design chainage Km 76.400 to Km 78.400 on Dharasu to Yamunotri Road of NH- 134 Old NH-94,345,,0.0,54,1052.0,0.9555099247091033,0.33174904942965777,-20.825095057034225,0.0,0.0,2025.0,5.0,2.0,0.3609154929577465,0.7321613236814891,0.3609154929577465,0.7321613236814891,,,,
1326,Roads & Highways,Ministry of Road Transport & Highways,618210,Rehabilitation and upgradation of Askot-Lipulekh on EPC Basis for Phase-I Existing Km 72.00 to 107.620 Design Chainage Km 21330 to Km 56935 under Project Hirak of BRO in the state of Uttarakhand under Bharatmala Pariyojna Phase-I on EPC Mode Length-35.605 Km CA No EPC/MORT&H/HRK/01/2021-22,604,,0.0,81,1170.0,5.6125941136208075,1.7521367521367521,94.2136752136752,0.0,0.0,2020.0,9.0,4.0,0.3609154929577465,0.7318840579710145,0.3609154929577465,0.7318840579710145,,,31.93166885676741,1.0
1327,Roads & Highways,Ministry of Road Transport & Highways,617940,"Rehabilitation and Upgradation of LB-Nagar to Malkapur section to 6-Lane main carriageway with service roads, drains cum footpath, including VUPs and widening of Minor bridge & road safety provisions from Km. 15/00 to Km 40/00 of NH-65 Old NH-9 under NH O for the year 2020-21 in the state of Telangana on EPC Mode.",545,,290.36,83,1214.0,5.0951403148528405,1.5329489291598024,70.29489291598023,0.5327706422018349,3.456666666666667,2021.0,3.0,3.0,0.3609154929577465,0.7318840579710145,0.3609154929577465,0.7318840579710145,,,29.303547963206306,1.0
1328,Roads & Highways,Ministry of Road Transport & Highways,618194,Rehabilitation and upgradation of New NH 544DD from design Chainage Km. 56/000 to 102/20 of Kalyandrg - Molakalmuru Section,294,285.29,312.4,99,689.0,8.112251882272416,4.300435413642961,331.0435413642961,1.0625850340136054,3.1239999999999997,2018.0,3.0,1.0,0.36155202821869487,0.7318840579710145,0.36155202821869487,0.7318840579710145,-2.9625850340135984,0.0,67.24704336399473,1.0
1329,Roads & Highways,Ministry of Road Transport & Highways,618125,Rehabilitation and upgradation of NH 326A from km 0/0 to 41/979 excluding km 2/255 to 3/372 and km 36/820 to 38/275 Odisha border to Narasamapeta to two lane with paved Shoulders in the State of Andhra Pradesh under NHO on EPC Mode,228,,44.94,100,745.0,8.131416837782341,3.9865771812080535,298.6577181208053,0.19710526315789473,0.4449504950495049,2018.0,3.0,1.0,0.3609154929577465,0.7318840579710145,0.3609154929577465,0.7318840579710145,,,66.36005256241786,1.0
1330,Roads & Highways,Ministry of Road Transport & Highways,617994,Rehabilitation and upgradation of NH-167 from design km 113.900 to 154.479 Mallepally Haliya section to two lane with paved shoulders on EPC mode in the stte of Telangana,294,257.61,249.23,88,640.0,8.172484599589323,4.6640625,378.40625,0.8477210884353741,2.8003370786516855,2018.0,2.0,1.0,0.36155202821869487,0.7318840579710145,0.36155202821869487,0.7318840579710145,-12.37755102040816,0.0,72.27332457293035,1.0
1331,Roads & Highways,Ministry of Road Transport & Highways,619193,Rehabilitation and upgradation of NH-221 from km 121/0 to 165/0 Rudrampur to Bhadrachalam section to two lane with paved shoulder under NHDPIV in the state of Telangana through EPC mode,295,334.82,375.14,83,759.0,11.255304585900069,5.416337285902503,458.63372859025026,1.2716610169491525,4.4659523809523805,2015.0,1.0,1.0,0.35978835978835977,0.7318840579710145,0.35978835978835977,0.7318840579710145,13.498305084745759,1.0,114.15900131406045,1.0
1332,Roads & Highways,Ministry of Road Transport & Highways,618213,Rehabilitation and Upgradation of road Rishikesh Dharasu Old NH-94 with 2-lane with paved shoulder from km 76.000 to km 110.000 Design Chainage from km 74.733 to km 107.347 32.614 km including construction of Kamand re-alignment from existing Chainage Km 105.200 to Km 108.600 design chainage Km 103.436 to Km 105.949 - total length 2513 mtrs and land slide treatment work between design chainage Km 73.800 to Km 74.00 200m on EPC mode under improvement to NH connectivity to Chardham in,274,,0.0,96,1022.0,8.112251882272416,2.8992172211350296,193.92172211350294,0.0,0.0,2018.0,3.0,1.0,0.3609154929577465,0.7318840579710145,0.3609154929577465,0.7318840579710145,,,66.78712220762155,1.0
1333,Roads & Highways,Ministry of Road Transport & Highways,618187,"Rehabilitation and upgradation of Salon - Jais - Jagdishpur Road section of NH-931A, from design Chainage km 0.000 to km 5.740 to four lane divided carriageway and from design Chainage km 5.740 to km 53.500 to two lane with paved Total length km 53.500 along with One time improvement in 04 no's of realigned/bypassed built-up areas in a total length of 9.732 km in the state of Uttar Pradesh on EPC mode",947,,26.64,9,1624.0,2.9568788501026693,0.6650246305418719,57.50246305418719,0.02813093980992608,2.664,2023.0,5.0,5.0,0.3609154929577465,0.7329192546583851,0.3609154929577465,0.7329192546583851,,,0.0,0.0
1334,Roads & Highways,Ministry of Road Transport & Highways,618214,Rehabilitation and upgradation to 2 lane / 2 lane with paved shoulder configuration for design chainage km 107.347 to km 129.208 & km 133.878 to km 138.570 existing chainage km 110.000 to km 133.020 & km 137.330 to km 142.028 and land slide treatment at existing km 138.500 Design chainage km 134.970 of NH -94 on EPC mode under improvement to NH connectivity to Chardham in the state of Uttarakhand.,346,,0.0,100,1207.0,8.112251882272416,2.4548467274233636,145.48467274233636,0.0,0.0,2018.0,3.0,2.0,0.3609154929577465,0.7318840579710145,0.3609154929577465,0.7318840579710145,,,34.75689881734559,1.0
1335,Roads & Highways,Ministry of Road Transport & Highways,618221,Rehabilitation and upgradation to 2 lane with paved shoulder from existing chainage Km 166.100 to Km 192.98 design chainage Km 146.700 to Km 162.800 including construction of Bhimber Gali Tunnel Total Length of Tunnel 1.100 Km under 31 BRTF on Akhnoor-Poonch Roads on EPC mode NH-144A Package-VII,735,,0.0,60,1780.0,4.6242299794661195,0.948876404494382,34.88764044943821,0.0,0.0,2021.0,9.0,4.0,0.3609154929577465,0.7318840579710145,0.3609154929577465,0.7318840579710145,,,12.02365308804205,1.0
1336,Roads & Highways,Ministry of Road Transport & Highways,618226,Rehabilitation and upgradation to 2 lane with paved shoulder from existing chainage Km 30.053 to Km 49.150 design chainage Km 30.000 to Km 46.450 including Kandi Tunnel under 31 BRTF on Akhnoor-Poonch Road NH-144A Under Project Sampark in the UT of Jammu & Kashmir EPC modePackage-I Job no NH-144A-J&K-2020-21-83.,272,,160.08,95,1604.0,5.809719370294319,1.3229426433915212,37.294264339152136,0.588529411764706,1.6675000000000002,2020.0,7.0,1.0,0.3609154929577465,0.7318840579710145,0.3609154929577465,0.7318840579710145,,,25.065703022339026,1.0
1337,Roads & Highways,Ministry of Road Transport & Highways,618231,Rehabilitation and Upgradation to 2-lane configuration of Hamirpur-Karnohal Section km 141.00 to 181.00 of NH-70 in the State of Himachal Pradesh under Green National Highways Corridor Project GNHCP with the loan assistance of World Bank on EPC mode.Package-1,372,,198.34,94,1592.0,5.716632443531828,1.3115577889447236,37.15577889447238,0.5331720430107527,2.0877894736842104,2020.0,8.0,2.0,0.3609154929577465,0.7318840579710145,0.3609154929577465,0.7318840579710145,,,21.320630749014455,1.0
1338,Roads & Highways,Ministry of Road Transport & Highways,618230,Rehabilitation and Upgradation to 2-lane configuration of Kalwahn-Mandi Section km 208.950 to 250.592 of NH-70 in the State of Himachal Pradesh under Green National Highways Corridor Project GNHCP with the loan assistance of World Bank on EPC mode.Package-3,314,,0.0,71,1702.0,5.708418891170431,1.2250293772032903,51.50293772032903,0.0,0.0,2020.0,8.0,1.0,0.3609154929577465,0.7318840579710145,0.3609154929577465,0.7318840579710145,,,20.630749014454665,1.0
1339,Roads & Highways,Ministry of Road Transport & Highways,618232,Rehabilitation and Upgradation to 2-lane configuration of Karnohal- Kalwahn Section km 181.00 to 208.950 of NH-70 in the State of Himachal Pradesh under Green National Highways Corridor Project GNHCP with the loan assistance of World Bank on EPC mode.Package-2,252,190.02,77.84,58,2094.0,5.69472963723477,0.9933142311365807,41.33142311365806,0.3088888888888889,1.3193220338983052,2020.0,8.0,1.0,0.36155202821869487,0.7318840579710145,0.36155202821869487,0.7318840579710145,-24.59523809523809,0.0,7.588699080157687,1.0
1340,Roads & Highways,Ministry of Road Transport & Highways,618266,Rehabilitation and upgradation to 2-lane with paved sholuders configuration of Bewar- Allahaganj- section of NH-730C Km.0.000 to Km 52.770 pakage-I in state of Uttar Pradesh undergreen national Highway Corridor Project GNHCP with the loan assistance of world Bank on EPC mode.,325,340.16,0.0,99,1680.0,6.031485284052019,1.3113095238095238,32.13095238095238,0.0,0.0,2020.0,4.0,2.0,0.36155202821869487,0.7318840579710145,0.36155202821869487,0.7318840579710145,4.664615384615392,0.0,22.207621550591327,1.0
1341,Roads & Highways,Ministry of Road Transport & Highways,618240,Rehabilitation and upgradation to 2-lane with paved sholuders configuration of Bewar-naer Karri village section Km0.00 to Km30.00 Pakage-I of NH-92 in state of Uttar Pradesh undergreen national Highway Corridor Project GNHCP with the loan assistance of world Bank on EPC mode.,236,,0.0,100,1427.0,6.031485284052019,1.5437981779957954,54.37981779957954,0.0,0.0,2020.0,4.0,1.0,0.3609154929577465,0.7318840579710145,0.3609154929577465,0.7318840579710145,,,29.5335085413929,1.0
1342,Roads & Highways,Ministry of Road Transport & Highways,618265,Rehabilitation and upgradation to 2-lane with paved sholuders configuration of Miranpur Katra to radhaita section of NH-730CKm.114.000 to Km 137.250pakage-III in state of Uttar Pradesh undergreen national Highway Corridor ProjectGNHCP with the loan assistance of world Bank on EPC mode.,172,169.56,0.13,92,1561.0,6.031485284052019,1.4112748238308777,49.12748238308777,0.0007558139534883722,0.0013978494623655914,2020.0,4.0,0.0,0.36155202821869487,0.7318840579710145,0.36155202821869487,0.7318840579710145,-1.4186046511627894,0.0,29.139290407358736,1.0
1343,Roads & Highways,Ministry of Road Transport & Highways,618256,"Rehabilitation and Upgradation to 2-lane with paved should ders Sir, configuration of Chaprathipalem to Lambasingi section Km 165500 to Km 205000 of NH-516E in the State of Andhra Pradesh under Green National Highways Corridor Project GNHCP with the loan assistance of World Bank on EPC mode",311,,211.05,93,1522.0,5.71937029431896,1.3725361366622864,44.25361366622863,0.6786173633440515,2.245212765957447,2020.0,8.0,1.0,0.3609154929577465,0.7318840579710145,0.3609154929577465,0.7318840579710145,,,21.64914586070959,1.0
1344,Roads & Highways,Ministry of Road Transport & Highways,618257,Rehabilitation and Upgradation to 2-lane with paved shoulders configuration of Koyyuru to Chaprathipalem section Km 120000 to Km 165500 of NH-516E in the State of Andhra Pradesh under Green National Highways Corridor Project GNHCP with the loan assistance of World Bank on EPC mode,349,,264.86,98,1426.0,5.716632443531828,1.4642356241234222,48.42356241234222,0.7589111747851003,2.6753535353535356,2020.0,8.0,2.0,0.3609154929577465,0.7318840579710145,0.3609154929577465,0.7318840579710145,,,24.7700394218134,1.0
1345,Roads & Highways,Ministry of Road Transport & Highways,618879,Rehabilitation and Upgradation to 2L PS configuration & Strengthening of Padhar to Bijni section from Km 180.000 to Km 202.815 of NH-154 Pkg-VA,931,930.86,666.12,100,1608.0,3.890485968514716,0.8837064676616916,-11.629353233830841,0.7154887218045113,6.595247524752475,2022.0,6.0,5.0,0.36155202821869487,0.7329192546583851,0.36155202821869487,0.7329192546583851,-0.015037593984960941,0.0,0.0,0.0
1346,Roads & Highways,Ministry of Road Transport & Highways,618878,Rehabilitation and Upgradation to 4L configuration & Strengthening of Sihuni to Rajol from Km 51.000 to Km 72.000 of NH-154 Package-IIA,697,776.59,496.48,99,1289.0,4.120465434633813,1.1675717610550815,17.75717610550815,0.7123098995695839,4.9648,2022.0,3.0,4.0,0.35978835978835977,0.7318840579710145,0.35978835978835977,0.7318840579710145,11.418938307030134,1.0,12.12220762155059,1.0
1347,Roads & Highways,Ministry of Road Transport & Highways,617963,Rehabilitation and upgradation to four lane road from km 70.500 to km 78.600 of NH-92 under EPC mode in the State of Uttar Pradesh,296,351.78,75.38,39,1827.0,4.312114989733059,0.8620689655172413,47.20689655172413,0.25466216216216214,1.8844999999999998,2022.0,1.0,1.0,0.35978835978835977,0.7329192546583851,0.35978835978835977,0.7329192546583851,18.844594594594586,1.0,0.0,0.0
1348,Roads & Highways,Ministry of Road Transport & Highways,617938,Rehabilitation And Upgradation to four lane with paved shoulder configuration from km 24350 to km 61875 Jawale - Borgaon Kale of NH-63 in the State of Maharashtra on EPC mode under Annual Plan 2024-25 Total length - 37.525 Km.,574,,7.54,20,819.0,1.3579739904175223,0.6056166056166056,40.56166056166056,0.01313588850174216,0.35904761904761906,2024.0,12.0,3.0,0.3609154929577465,0.7329192546583851,0.3609154929577465,0.7329192546583851,,,0.0657030223390276,0.0
1349,Roads & Highways,Ministry of Road Transport & Highways,618174,Rehabilitation and Upgradation to two lane with paved shoulder configuration of NH-752G from Sakri to Pimpalner Section Design Ch km 0000 to Ch km 21411 in the state of Maharashtra on EPC Mode. Length 21.411 km.,227,,0.0,100,953.0,2.135523613963039,0.8184679958027282,-18.153200419727185,0.0,0.0,2024.0,3.0,1.0,0.3609154929577465,0.7329192546583851,0.3609154929577465,0.7329192546583851,,,0.0328515111695138,0.0
1350,Roads & Highways,Ministry of Road Transport & Highways,618040,Rehabilitation and Upgradation to Two lanes with Paved Shoulders configuration and Strengthening from Km 175.00 to Km 196.00 Gumkhal to Satpuli of NH-119 New NH-534 in the State of Uttarakhand under NHO Annual Plan 2021-22 under EPC mode,453,,0.0,42,1743.0,4.082135523613963,0.8554216867469879,43.542168674698786,0.0,0.0,2022.0,3.0,3.0,0.3609154929577465,0.7321613236814891,0.3609154929577465,0.7321613236814891,,,,
1351,Roads & Highways,Ministry of Road Transport & Highways,617911,Rehabilitation and upgradation Umaria to Shahdol section of NH-78 from Existing Km. 68/4 to Km. 142/2 to 2LPS including construction of Birshinghpur and Shahdol Bypass on EPC mode under NHDP-IVA,512,613.16,0.0,94,882.0,11.162217659137577,4.622448979591836,368.2448979591836,0.0,0.0,2015.0,3.0,3.0,0.35978835978835977,0.7318840579710145,0.35978835978835977,0.7318840579710145,19.757812499999993,1.0,109.00131406044677,1.0
1352,Roads & Highways,Ministry of Road Transport & Highways,617966,Rehabilitation and Upgrading to 2 lanes/2-lane with paved shoulders configuration and strengthening of of Birpur and Bihpur Section from km 0.0 to Km 106 of NH 106 under phase I of National Highways Interconnectivity Improvement Projects NHIIP ICB No. NHIIP-BR-106-7 [NHIIP-BR-106-7],781,961.33,0.04,100,2099.0,12.323066392881588,2.144354454502144,114.43544545021439,5.121638924455826e-05,0.00039603960396039607,2014.0,1.0,5.0,0.35978835978835977,0.7318840579710145,0.35978835978835977,0.7318840579710145,23.08962868117798,1.0,84.95400788436268,1.0
1353,Roads & Highways,Ministry of Road Transport & Highways,618041,Rehabilitation and upgrading to two lanes with paved shoulders and Strengthening of Kotdwar-Pauri-Srinagar road section from Km 232.00 to 274.470 on NH-119 New 534 Paidul to Srinagar in the State of Uttarakhand on EPC Mode under NHO Annual Plan 2021-22.,299,,0.0,2,2148.0,4.216290212183436,0.7169459962756052,69.69459962756052,0.0,0.0,2022.0,2.0,1.0,0.3609154929577465,0.7321613236814891,0.3609154929577465,0.7321613236814891,,,,
1354,Roads & Highways,Ministry of Road Transport & Highways,617979,"Rehabilitation, upgradation & widening of existing highway to 2L/4LPS Rigid Pavement of NH 160 section- Phaltan to Mhaisal near Karnataka Border including Tasgaon Bypass, from existing chainage Km 301/430 to Km 458/415 in the State of Maharashtra. Package-I starting from existing chainage Km 301/430 at Phaltan Village Junction of Phaltan Baramati Road Design Chainage -301/430km & ending at existing chainage Km 341/300 Dahiwadi Village Bus Stop Design chainage Km 340466km in the S",534,,0.0,74,1170.0,2.1245722108145104,0.6632478632478632,-7.6752136752136835,0.0,0.0,2024.0,3.0,3.0,0.3609154929577465,0.7329192546583851,0.3609154929577465,0.7329192546583851,,,-6.2089356110381075,0.0
1355,Roads & Highways,Ministry of Road Transport & Highways,617978,"Rehabilitation, upgradation & widening of existing highway to 2L/4LPS Rigid Pavement of NH 160 section- Phaltan to Mhaishal near Karnataka Border including Tasgaon Bypass, from existing chainage Km 301/430 to Km 458/415 in the State of Maharashtra- Package-II & Package III combined- starting from existing chainage Km 341/300 to Km 394/130 and design chainage Km 340/250 at Dahiwadi Village to Km 392/950 ending at Vita Village in the State of Maharashtra on EPC Mode.",632,,213.18,85,1169.0,2.127310061601643,0.6646706586826348,-18.532934131736525,0.3373101265822785,2.4788372093023257,2024.0,3.0,4.0,0.3609154929577465,0.7329192546583851,0.3609154929577465,0.7329192546583851,,,0.0328515111695138,0.0
1356,Roads & Highways,Ministry of Road Transport & Highways,618199,"Rehabilitation, Upgradation & Widening of existing Highway to Rigid Pavement 2 Lane with Paved Shoulder of NH 965DD from Lonand Shirval-Bhor Mandangad-Pchral Section ShindewadiPhata to Varandah Ghat Dist Border from Km 33/550 to 92/550 in the state of Maharashtra on EPC mode.",723,,168.06,54,1257.0,3.189596167008898,0.9268098647573588,38.68098647573588,0.232448132780083,3.0556363636363635,2023.0,2.0,4.0,0.3609154929577465,0.7329192546583851,0.3609154929577465,0.7329192546583851,,,2.9894875164257555,0.0
1357,Roads & Highways,Ministry of Road Transport & Highways,618042,"Rehabilitation/ Upgradation of existing Highway to four lane standards in Kurkheda town from km.413257 to km 410775, Two lane in Shankarpur Gurnuli km 42400 to km 43100 section and Reconstruction of Major Bridge at Ch. 448558 Bhuti Nallah and Ch. 411695 Sati River bridge, Minor Bridge at Ch. 411477 and Ch. 405800 Lendhari Bridge of NH 543 Bhamhapuri-wadsa-kurkheda-korchi-Deori-Amgaon road on EPC mode in the State of Maharashtra",164,,49.03,50,1133.0,4.098562628336755,1.321270962047661,82.1270962047661,0.29896341463414633,0.9613725490196079,2022.0,3.0,0.0,0.3609154929577465,0.7318840579710145,0.3609154929577465,0.7318840579710145,,,20.006570302233904,1.0
1358,Roads & Highways,Ministry of Road Transport & Highways,618065,"Rehabilitation/Upgradation of existing Highway to 2LPS/4 lane of Dhawali to Rajoli from Design Km.149476 to 163476 existing Km.150000 to 164000, Pandhasala to Mohadongri from design Km.170476 to 181476 existing Km.171000 to 182000, Ambeshivni Fata to Bodli from design Km.183476 to 185476 existing Km.184000 to 186000 and Made Tukum to Gadchiroli from design Km.188476 to 189476 existing Km.188000 to 18900 having length 28 km of NH-930 of Dhawali to Gadchroli road in the",316,,49.78,37,1259.0,4.098562628336755,1.1890389197776012,81.90389197776013,0.15753164556962027,1.31,2022.0,3.0,2.0,0.3609154929577465,0.7318840579710145,0.3609154929577465,0.7318840579710145,,,18.823915900131404,1.0
1359,Roads & Highways,Ministry of Road Transport & Highways,618700,Renigunta - Poyya - Naidupeta km 124.60 to km 183.4 of NH 71,1863,2510.14,1677.19,99,1414.0,6.116358658453114,1.57991513437058,58.99151343705799,0.9002630166398282,16.771900000000002,2020.0,3.0,9.0,0.35978835978835977,0.7318840579710145,0.35978835978835977,0.7318840579710145,34.73644659151905,1.0,31.471747700394218,1.0
1360,Roads & Highways,Ministry of Road Transport & Highways,618886,Road Safety Improvement of Critical Junctions on MuzaffarnagarHaridwar Section of NH-334 from Km 143000 to Km 196000,239,0.1,42.08,23,905.0,1.051334702258727,0.4243093922651934,19.430939226519335,0.17606694560669456,1.7533333333333332,2025.0,4.0,1.0,0.36155202821869487,0.7329192546583851,0.36155202821869487,0.7329192546583851,-99.95815899581591,0.0,0.0,0.0
1361,Roads & Highways,Ministry of Road Transport & Highways,619294,Road Safety Improvement of existing four lane section of Dehradun-Lal Tappar-Nepali Farm Section of NH-7 and Nepali Farm-Motichur NH-34 on EPC Mode in Uttarakhand under NHO.,721,388.19,10.86,5,1172.0,0.917180013689254,0.2858361774744027,23.58361774744027,0.0150624133148405,1.8099999999999998,2025.0,5.0,4.0,0.36155202821869487,0.7329192546583851,0.36155202821869487,0.7329192546583851,-46.15950069348128,0.0,0.0,0.0
1362,Roads & Highways,Ministry of Road Transport & Highways,618434,Roing-Hunli Road Greenfield Alignment Project,1719,,1123.4,82,1843.0,9.201916495550993,1.823657080846446,100.36570808464461,0.6535194880744619,13.534939759036146,2017.0,2.0,8.0,0.3609154929577465,0.7318840579710145,0.3609154929577465,0.7318840579710145,,,55.91327201051248,1.0
1363,Roads & Highways,Ministry of Road Transport & Highways,618615,Sanchore - Santalpur from km 99.000 - km 130.073 of NH-754K AJ-RGBS-Package-4,778,835.55,767.83,100,1115.0,6.195756331279945,2.029596412556054,102.95964125560539,0.9869280205655527,7.602277227722773,2020.0,2.0,5.0,0.35978835978835977,0.7318840579710145,0.35978835978835977,0.7318840579710145,7.397172236503851,1.0,41.22864651773981,1.0
1364,Roads & Highways,Ministry of Road Transport & Highways,617988,Sangameswaram - Atmakuru section from Km 96 to Km 124 & Velegodu- Nandyal section including Nandyal Bypass from Km 143/6 to 185/9 NH-167K,776,644.14,0.0,42,1018.0,1.538672142368241,0.5520628683693517,13.20628683693517,0.0,0.0,2024.0,10.0,5.0,0.36155202821869487,0.7329192546583851,0.36155202821869487,0.7329192546583851,-16.992268041237114,0.0,0.0,0.0
1365,Roads & Highways,Ministry of Road Transport & Highways,618611,Sangariya near Chautala-Rasisar near Bikaner section of NH-754K Phase-I AJ/SR-Package-7,521,548.42,450.59,100,1606.0,7.233401779603011,1.6450809464508094,64.50809464508094,0.8648560460652591,4.461287128712871,2019.0,2.0,3.0,0.35978835978835977,0.7318840579710145,0.35978835978835977,0.7318840579710145,5.262955854126671,1.0,38.07490144546649,1.0
1366,Roads & Highways,Ministry of Road Transport & Highways,619069,Satara Km 725.000 to Pune Km 865.350 of NH - 4 New NH - 48 in Maharashtra,362,425.51,387.04,99,4607.0,16.602327173169062,1.3162578684610375,32.62578684610375,1.0691712707182321,3.8704,2009.0,9.0,2.0,0.35978835978835977,0.7318840579710145,0.35978835978835977,0.7318840579710145,17.54419889502762,1.0,55.91327201051248,1.0
1367,Roads & Highways,Ministry of Road Transport & Highways,618153,Satara to Mhaswad,653,,7.34,98,918.0,9.259411362080767,3.684095860566449,270.4095860566449,0.011240428790199082,0.07414141414141413,2017.0,1.0,4.0,0.3609154929577465,0.7318840579710145,0.3609154929577465,0.7318840579710145,,,84.95400788436268,1.0
1368,Roads & Highways,Ministry of Road Transport & Highways,618847,Sattanathapuram to Nagapattinam from Km 123.800 to Km 179.555,2900,2899.77,1595.37,86,1678.0,8.164271047227926,1.7771156138259834,91.71156138259835,0.5501275862068965,18.33758620689655,2018.0,3.0,9.0,0.36155202821869487,0.7318840579710145,0.36155202821869487,0.7318840579710145,-0.007931034482759248,0.0,50.88699080157687,1.0
1369,Roads & Highways,Ministry of Road Transport & Highways,618173,Shirur-Kharda section from 55937 km to 114486 km to 2LPS/4L,382,,0.0,84,849.0,9.196440793976729,3.9564193168433452,311.6419316843345,0.0,0.0,2017.0,2.0,2.0,0.3609154929577465,0.7318840579710145,0.3609154929577465,0.7318840579710145,,,86.46517739816031,1.0
1370,Roads & Highways,Ministry of Road Transport & Highways,618840,Simaria Km. 206.050 to Khagaria Km. 266.282,664,891.64,814.22,98,1219.0,10.412046543463381,3.1197703035274817,213.97703035274816,1.2262349397590362,8.224444444444444,2015.0,12.0,4.0,0.35978835978835977,0.7318840579710145,0.35978835978835977,0.7318840579710145,34.28313253012048,1.0,90.93298291721419,1.0
1371,Roads & Highways,Ministry of Road Transport & Highways,619078,Six Laning of Bihar - Jharkhand Border Chordaha - Gorhar section of NH-2 from km 249.525 to km 320.810,1773,1689.17,1275.76,78,1431.0,8.342231348391513,2.1292802236198463,134.92802236198463,0.7195487873660462,16.148860759493672,2017.0,12.0,8.0,0.36155202821869487,0.7318840579710145,0.36155202821869487,0.7318840579710145,-4.728144388042861,0.0,61.136662286465175,1.0
1372,Roads & Highways,Ministry of Road Transport & Highways,619205,Six Laning of KT/KL Border Thalapaddy -Chengala from Km. 17.200 to Km. 57.20,1981,2681.48,1701.33,100,1457.0,5.946611909650924,1.4907343857240907,49.07343857240906,0.8588238263503281,16.844851485148514,2020.0,5.0,9.0,0.35978835978835977,0.7318840579710145,0.35978835978835977,0.7318840579710145,35.35991923271075,1.0,27.529566360052563,1.0
1373,Roads & Highways,Ministry of Road Transport & Highways,618530,Six Laning of Varanasi to Aurangabad from km. 786.00 to km. 978.40 of Old NH-2,3242,3241.56,2860.22,100,1854.0,17.215605749486652,3.3915857605177995,239.15857605177996,0.8822393584207279,28.319009900990096,2009.0,2.0,9.0,0.36155202821869487,0.7318840579710145,0.36155202821869487,0.7318840579710145,-0.013571869216534688,0.0,149.70433639947436,1.0
1374,Roads & Highways,Ministry of Road Transport & Highways,619076,Six Laning of Vijayawada Bypass from Chinna Avutapalli to Gollapudi in Vijayawada - Gundugolanu Section from km. 0.00 to km. 30.00 Pkg-III,1581,1883.71,1024.51,98,1124.0,6.275154004106776,2.03914590747331,105.91459074733098,0.6480139152435167,10.348585858585858,2020.0,1.0,8.0,0.35978835978835977,0.7318840579710145,0.35978835978835977,0.7318840579710145,19.14674256799494,1.0,43.39684625492772,1.0
1375,Roads & Highways,Ministry of Road Transport & Highways,618966,Six laning with both sides Service Road of Ayodhya Bypass from Design Km 0000 near Ashram Tiraha on NH-46 to Km 16439 end at Ratnagiri Tiraha on Nh-146,1123,1103.22,173.6,22,1260.0,2.1683778234086244,0.6285714285714286,40.857142857142854,0.1545859305431879,7.547826086956522,2024.0,2.0,6.0,0.36155202821869487,0.7329192546583851,0.36155202821869487,0.7329192546583851,-1.7613535173642008,0.0,0.0,0.0
1376,Roads & Highways,Ministry of Road Transport & Highways,619187,"Slope protection and landslide mitigation at 4 vulnerable locations km 1.950 to Km 2.100, km 11.100 to 11.450, km 22.435 to km 22.485 and km 22.610 to km 22.680 within Sevoke-Rangpo section of NH-10 old NH-31A in Darjeeling & Kalimpong district in the State of West Bengal on EPC mode",152,,21.2,34,1237.0,2.2313483915126624,0.6588520614389652,31.885206143896525,0.1394736842105263,0.6057142857142856,2024.0,2.0,0.0,0.3609154929577465,0.7329192546583851,0.3609154929577465,0.7329192546583851,,,0.0,0.0
1377,Roads & Highways,Ministry of Road Transport & Highways,619003,Solan - Kaithlighat Section of NH-22 Now NH-5 from Km. 106.139 to Km.129.05,882,1519.53,1347.79,90,1135.0,8.09034907597536,2.60352422907489,170.35242290748897,1.5281065759637187,14.81087912087912,2018.0,3.0,5.0,0.35978835978835977,0.7318840579710145,0.35978835978835977,0.7318840579710145,72.28231292517006,1.0,66.36005256241786,1.0
1378,Roads & Highways,Ministry of Road Transport & Highways,618212,"STABILIZATION OF LAND SLIDE AND SLOPE PROTECTION AT KM 11.00 TO KM 11.08, 29,730 KM TO 30,060 KM, 30,400 KM TO 31,060 KM, 34,750 KM TO 35,300 KM, 38,950 KM TO 39,030 KM & 39,460 KM TO 39,540 KM TWO LOC CLUBBED, KM 40,400 TO KM 40,650, KM 43,500 KM 43,680, 52,460 RISHIKESH - DHARASU ROAD NH-94 ON EPC MODE IN THE STATE OF UTTARAKHAND. NOSE OF LAND SLIDE - 12 NOS",197,,0.0,22,1173.0,2.245037645448323,0.6990622335890878,47.906223358908775,0.0,0.0,2024.0,1.0,0.0,0.3609154929577465,0.7321613236814891,0.3609154929577465,0.7321613236814891,,,,
1379,Roads & Highways,Ministry of Road Transport & Highways,619207,Start of Kollam Bypass - Kadambattukonam,2641,3309.06,1990.71,82,1390.0,4.892539356605065,1.2856115107913668,46.56115107913669,0.7537712987504733,23.9844578313253,2021.0,6.0,9.0,0.35978835978835977,0.7318840579710145,0.35978835978835977,0.7318840579710145,25.295721317682695,1.0,27.036793692509853,1.0
1380,Roads & Highways,Ministry of Road Transport & Highways,618133,Strengthening and Widening of road Sakoli- Wadsa-Armori-Gadchiroli-Ashti- Allapalli -Sironcha National highway NH 353C in Km 262/00 to 321/00 including 16 minor Bridges and 2 Major Bridge Total length 59 Km section from repanpalli to sironcha in Gadchiroli Dist in the State of Maharashtra.,281,,144.61,67,1157.0,5.08145106091718,1.6041486603284356,93.41486603284355,0.514626334519573,2.126617647058824,2021.0,3.0,1.0,0.3609154929577465,0.7318840579710145,0.3609154929577465,0.7318840579710145,,,33.96846254927726,1.0
1381,Roads & Highways,Ministry of Road Transport & Highways,618628,Strengthening of Existing Alignment of Pandharpur Town Part Bypassed Section of NH 965 from KM 36.230 to KM 44.230 from Chh. Shivaji Maharaj Chowk to Wakhari,150,87.59,76.45,69,1176.0,3.7152635181382614,1.1539115646258504,46.391156462585045,0.5096666666666667,1.092142857142857,2022.0,8.0,0.0,0.36155202821869487,0.7318840579710145,0.36155202821869487,0.7318840579710145,-41.60666666666666,0.0,16.95137976346912,1.0
1382,Roads & Highways,Ministry of Road Transport & Highways,618061,"Strengthening, Widening & Up-gradation of newly declared NH-761 from NH-61Junction-BelheAlkutiDevibhoyareNighojShirur, from Design chainage Km 0.000 to Km 37.970 from Single/Intermediate/2L to 2LPS in the State of Maharashtra on EPC Mode Length 37.970 Km",386,,57.23,62,926.0,2.1245722108145104,0.838012958963283,21.8012958963283,0.1482642487046632,0.9084126984126983,2024.0,3.0,2.0,0.3609154929577465,0.7329192546583851,0.3609154929577465,0.7329192546583851,,,0.0,0.0
1383,Roads & Highways,Ministry of Road Transport & Highways,618796,Tanot -Ramgarh-Bhadasar-Jaisalmer NH-68 and BhadasarMokal-Sarkaritala up to Pakisthan Border NH-968 Pkg-BM/5,829,830.37,755.88,100,1153.0,8.180698151950718,2.5915004336513445,159.15004336513448,0.9117973462002412,7.4839603960396035,2018.0,2.0,5.0,0.36155202821869487,0.7318840579710145,0.36155202821869487,0.7318840579710145,0.16525934861278704,0.0,64.2904073587385,1.0
1384,Roads & Highways,Ministry of Road Transport & Highways,619097,Thalassery Mahe Bypass Km 170.600 to Km 189.200 of NH-17New NH-66 in Kerala,1181,1573.18,1534.73,100,995.0,8.63791923340178,3.170854271356784,217.0854271356784,1.2995173581710415,15.195346534653465,2017.0,9.0,6.0,0.35978835978835977,0.7318840579710145,0.35978835978835977,0.7318840579710145,33.207451312447084,1.0,75.0,1.0
1385,Roads & Highways,Ministry of Road Transport & Highways,619165,Thanamcherla-Jamandlapally 2LPS,177,18.65,8.3,100,3367.0,12.4435318275154,1.34986634986635,34.98663498663498,0.04689265536723164,0.08217821782178218,2013.0,11.0,0.0,0.36155202821869487,0.7318840579710145,0.36155202821869487,0.7318840579710145,-89.46327683615819,0.0,46.747700394218136,1.0
1386,Roads & Highways,Ministry of Road Transport & Highways,619094,Thorapalli - Agraharam - Jittandahalli Section from km 23.350 to km 60.100 [Hosur to Dhamrapuri Pkg-2],1244,1272.11,827.88,78,1756.0,7.2060232717316905,1.498861047835991,71.88610478359908,0.6654983922829582,10.479493670886075,2019.0,2.0,7.0,0.36155202821869487,0.7318840579710145,0.36155202821869487,0.7318840579710145,2.259646302250796,0.0,36.826544021024965,1.0
1387,Roads & Highways,Ministry of Road Transport & Highways,618605,Thuravoor Thekku-Paravoor,2879,2638.67,2514.83,81,1102.0,4.646132785763176,1.5399274047186933,72.99274047186933,0.8735081625564431,30.668658536585365,2021.0,9.0,9.0,0.36155202821869487,0.7318840579710145,0.36155202821869487,0.7318840579710145,-8.347690170197982,0.0,32.55584756898817,1.0
1388,Roads & Highways,Ministry of Road Transport & Highways,617889,Treatment of landslide zone from location no. 01 to 28 km 62.860 to 152.750 on NH-12509 in the State of Uttarakhand under EPC mode in NHO Annual Plan 2022-23,192,,0.0,98,596.0,3.490759753593429,2.139261744966443,115.92617449664431,0.0,0.0,2022.0,11.0,0.0,0.3609154929577465,0.7318840579710145,0.3609154929577465,0.7318840579710145,,,25.328515111695136,1.0
1389,Roads & Highways,Ministry of Road Transport & Highways,619071,Tumkur - Nelamangala 6L,2032,1664.2,1086.24,61,1635.0,5.155373032169747,1.1516819571865444,54.168195718654445,0.5345669291338583,17.52,2021.0,3.0,9.0,0.36155202821869487,0.7318840579710145,0.36155202821869487,0.7318840579710145,-18.1003937007874,0.0,19.152431011826543,1.0
1390,Roads & Highways,Ministry of Road Transport & Highways,619220,Tumkur-Shimoga Pkg-III from Km 121.900 Banawara to Km 170.415 Bettadahalli of Old NH-206,1444,1834.81,872.97,98,1841.0,8.16974674880219,1.6208582292232483,64.08582292232484,0.6045498614958449,8.817878787878788,2018.0,2.0,8.0,0.35978835978835977,0.7318840579710145,0.35978835978835977,0.7318840579710145,27.06440443213296,1.0,45.59789750328515,1.0
1391,Roads & Highways,Ministry of Road Transport & Highways,618512,Tunnel at Khambataki Ghat Section and its approaches from existing Km. 771.730 to existing Km. 782.000,907,816.12,686.79,89,1573.0,8.476386036960985,1.968213604577241,107.8213604577241,0.7572105843439911,7.630999999999999,2017.0,11.0,5.0,0.36155202821869487,0.7318840579710145,0.36155202821869487,0.7318840579710145,-10.019845644983462,0.0,56.07752956636005,1.0
1392,Roads & Highways,Ministry of Road Transport & Highways,618255,Two laning with paved shoulders of Lambasingi to Paderusection of NH 516E,361,358.05,145.94,57,2025.0,6.034223134839151,1.088395061728395,51.839506172839506,0.40426592797783933,2.516206896551724,2020.0,4.0,2.0,0.36155202821869487,0.7318840579710145,0.36155202821869487,0.7318840579710145,-0.8171745152354539,0.0,16.88567674113009,1.0
1393,Roads & Highways,Ministry of Road Transport & Highways,617937,Udgir Raavi Degloor Aadampur phata to Sagroli fata,810,,0.93,12,1230.0,1.4154688569472964,0.42032520325203254,30.03252032520325,0.0011481481481481481,0.07153846153846154,2024.0,11.0,5.0,0.3609154929577465,0.7321613236814891,0.3609154929577465,0.7321613236814891,,,,
1394,Roads & Highways,Ministry of Road Transport & Highways,618954,Umagaon - Saharsa Package - I Combined Umagaon-Kaluahi0.000KM to 21.609Km of NH227LSaharghat-Rahika0.000 Km to 26.130KM of NH227JRahika-Rampatti 0.00 KM to 15.00KM of NH527ABideshwarsthan-Bheja0.000KM to 25.915KM of NH527A.,1473,1703.02,644.37,24,1776.0,3.693360711841205,0.7595720720720721,51.957207207207205,0.4374541751527495,25.7748,2022.0,8.0,8.0,0.35978835978835977,0.7329192546583851,0.35978835978835977,0.7329192546583851,15.615750169721654,1.0,0.0,0.0
1395,Roads & Highways,Ministry of Road Transport & Highways,618953,Umagaon-Saharsa Package-IV Koshi Bridge & approach Road - Bheja-Bakaur,1200,1223.94,1312.28,92,1652.0,7.241615331964408,1.6010895883777239,68.10895883777238,1.0935666666666666,14.110537634408601,2019.0,2.0,7.0,0.36155202821869487,0.7318840579710145,0.36155202821869487,0.7318840579710145,1.9950000000000043,0.0,43.62680683311432,1.0
1396,Roads & Highways,Ministry of Road Transport & Highways,619166,Umagaon-Saharsa Package-V Bakaur-Parsarma-Bangaon-Bariyahi & Spur to Mahishi,768,968.42,509.32,100,1164.0,3.561943874058864,1.1176975945017182,11.769759450171819,0.6631770833333334,5.042772277227723,2022.0,10.0,4.0,0.35978835978835977,0.7318840579710145,0.35978835978835977,0.7318840579710145,26.096354166666664,1.0,8.508541392904073,1.0
1397,Roads & Highways,Ministry of Road Transport & Highways,618108,Up-gradation and strengthening to 2lanePS from Km 95/500 to km 129/775 of Nh 168G Idar-Bhiloda-Samlaji in the state of Gujarat Length 34.275 km,237,,41.55,64,1163.0,3.5811088295687883,1.124677558039553,48.4677558039553,0.17531645569620252,0.6392307692307692,2022.0,9.0,1.0,0.3609154929577465,0.7318840579710145,0.3609154929577465,0.7318840579710145,,,11.990801576872535,1.0
1398,Roads & Highways,Ministry of Road Transport & Highways,617906,Up-gradation of Dhoraji-Jamkandorna-Kalavad Section of NH-927D from Design Chainage km 0/00 to km 58/115 to Two lane with PS configuration in the State of Gujarat on EPC,247,291.19,0.0,35,1563.0,3.542778918548939,0.8278950735764555,47.78950735764555,0.0,0.0,2022.0,10.0,1.0,0.35978835978835977,0.7329192546583851,0.35978835978835977,0.7329192546583851,17.89068825910931,1.0,0.0,0.0
1399,Roads & Highways,Ministry of Road Transport & Highways,618021,Up-gradation of Pichhore- Dinara section of NH-346 from Km 292.750 to 334.550 to two lane with paved shoulders in the state of Madhya Pradesh on EPC mode,426,,0.0,37,1217.0,2.242299794661191,0.6729663105998357,30.296631059983568,0.0,0.0,2024.0,2.0,3.0,0.3609154929577465,0.7329192546583851,0.3609154929577465,0.7329192546583851,,,0.0,0.0
1400,Roads & Highways,Ministry of Road Transport & Highways,618092,Up-gradation to 2 lane with paved shoulder from Neechli Oden Nathdwara at Design Km 88.800 existing km 55.95 to Bhatewar at Design Km 142.028 existing km 0.00 of NH-162E in the State of Rajasthan on EPC mode.,607,,304.62,64,1315.0,3.1704312114989732,0.8806083650190114,24.060836501901136,0.5018451400329489,4.686461538461539,2023.0,2.0,4.0,0.3609154929577465,0.7329192546583851,0.3609154929577465,0.7329192546583851,,,-0.0328515111695138,0.0
1401,Roads & Highways,Ministry of Road Transport & Highways,619010,Up-gradation to 2 lane with paved shoutders of Pawlrang - Rulchawm section- of NH-102B of Aizawl - Imphal Economic Corridor from Existing Chainage km 72.030 to km 104.129 including 2.459 km re-alignment section from Tuivai River to Rulchawm connecting km 48.150 of NH-6 [Design Chainage km 68.170 to km 98.579] in the State of Mizoram under Bharatmala Pariyojna on EPC mode under NHO-NE Package-3 Keifang- Tuivai Pkg-3,501,,443.61,100,1242.0,4.37782340862423,1.28743961352657,28.74396135265701,0.8854491017964072,4.392178217821782,2021.0,12.0,3.0,0.3609154929577465,0.7318840579710145,0.3609154929577465,0.7318840579710145,,,14.388961892247043,1.0
1402,Roads & Highways,Ministry of Road Transport & Highways,618394,Up-gradation to 2-lane with Paved Shoulder from Km 12.850 to Km20.300 of 7.450Km length on Goha-Khellani section and a link road to Goha village of 2.016 km on NH-244 in UT of Jammu and Kashmir on EPC Mode Pkg-1,228,225.37,182.21,94,626.0,5.793292265571527,3.380191693290735,244.01916932907352,0.7991666666666667,1.9180000000000001,2020.0,7.0,1.0,0.36155202821869487,0.7318840579710145,0.36155202821869487,0.7318840579710145,-1.1535087719298227,0.0,54.993429697766096,1.0
1403,Roads & Highways,Ministry of Road Transport & Highways,618398,Up-gradation to 2-lane with Paved Shoulder from Km 20.300 to Km 29.030 of 8.730 Km length on Goha-Khellani section on NH-244 in UT of Jammu and Kashmir on EPC Mode Package II,211,,190.27,97,626.0,5.793292265571527,3.380191693290735,241.01916932907352,0.9017535545023697,1.941530612244898,2020.0,7.0,0.0,0.3609154929577465,0.7318840579710145,0.3609154929577465,0.7318840579710145,,,50.9526938239159,1.0
1404,Roads & Highways,Ministry of Road Transport & Highways,618049,Up-gradation to 2/4 lane with paved shoulder configuration of NH-652 from Tuljapur Naldurg-Akkalkot road Chainage from Km. 00.000 to km 30.982 in the State of Maharashtra on EPC mode.,183,,64.95,98,846.0,2.127310061601643,0.9184397163120568,-6.156028368794324,0.3549180327868853,0.6560606060606061,2024.0,3.0,0.0,0.3609154929577465,0.7329192546583851,0.3609154929577465,0.7329192546583851,,,1.7411300919842312,0.0
1405,Roads & Highways,Ministry of Road Transport & Highways,618406,Up-gradation to 4-lane with Paved Shoulder of Jammu-Akhnoor road section of NH-144A from Ganesh Vihar Km 6.000 to Khati Chowk Km 26.350 in UT of Jammu and Kashmir on EPC basis Pkg-3A,322,,398.19,92,1215.0,8.128678986995208,2.443621399176955,152.3621399176955,1.236614906832298,4.281612903225806,2018.0,3.0,2.0,0.3609154929577465,0.7318840579710145,0.3609154929577465,0.7318840579710145,,,64.65177398160316,1.0
1406,Roads & Highways,Ministry of Road Transport & Highways,618766,Up-gradation to Four Lane with Paved Shoulder configuration of the highway starting from existing km 88.400 Savali Vihir to km 163.400 start of Ahmednagar bypass Design Length 75.000 km section of NH-160 in the State of Maharashtra under Bharatmala Pariyojana on EPC Mode,862,617.93,298.45,49,913.0,1.5030800821355237,0.6013143483023001,11.131434830230013,0.34622969837587003,5.968999999999999,2024.0,10.0,5.0,0.36155202821869487,0.7329192546583851,0.36155202821869487,0.7329192546583851,-28.314385150812072,0.0,0.0,0.0
1407,Roads & Highways,Ministry of Road Transport & Highways,618024,Up-gradation to two lane with paved shoulder configuration of NH-354 Section Arifkes-Ferozepur-Muktsar-Malaut from Km 201.500 to Km 212.500 & Km 229.690 to Km 269.960 and strengthening of existing pavement from Km 212.500 to Km 229.690 excluding Km 218.500 to 223.690 of NH-354 on EPC Mode in the State of Punjab. Job No. NH-354-PB-2020-21-532,263,,0.0,83,1495.0,5.13347022587269,1.254180602006689,42.418060200668904,0.0,0.0,2021.0,3.0,1.0,0.3609154929577465,0.7318840579710145,0.3609154929577465,0.7318840579710145,,,17.509855453350852,1.0
1408,Roads & Highways,Ministry of Road Transport & Highways,617971,Up-gradation to Two/Four lane with paved shoulder Configuration of Kondagaon- Narayanpur from design ch. 0.00 - 48.693 Design Length 47.493 Km. 1.20 Km. retained on NH-130D under EPC mode in the State Chhattisgarh.,322,,1.14,70,1538.0,3.3347022587268995,0.7919375812743823,9.19375812743823,0.003540372670807453,0.016056338028169012,2022.0,12.0,2.0,0.3609154929577465,0.7329192546583851,0.3609154929577465,0.7329192546583851,,,0.0,0.0
1409,Roads & Highways,Ministry of Road Transport & Highways,618022,Upgradation to two lane with paved Shoulder Configuaration from Km. 0/00 to 47/000 of NH 351 Mahuva to Badhada section in the State of Gujarat,173,219.08,22.63,77,990.0,3.3976728268309375,1.2535353535353535,48.35353535353535,0.1308092485549133,0.29012820512820514,2022.0,12.0,0.0,0.35978835978835977,0.7318840579710145,0.35978835978835977,0.7318840579710145,26.635838150289025,1.0,16.294349540078844,1.0
1410,Roads & Highways,Ministry of Road Transport & Highways,618511,Upgradation & rehabilitation of Service Roads on both sides in urban areas of Pune City on PuneSatara section of NH48,605,388.78,66.39,24,885.0,1.2950034223134839,0.5344632768361582,29.446327683615827,0.10973553719008265,2.6556,2025.0,1.0,4.0,0.36155202821869487,0.7329192546583851,0.36155202821869487,0.7329192546583851,-35.738842975206616,0.0,0.0,0.0
1411,Roads & Highways,Ministry of Road Transport & Highways,618019,Upgradation & widening of Jharkheda- Berasia - Dholkhedi from design km 0000 to km 87900 Design length 87.90km of NH-346 including 3 nos. bypasses of 13.10 Km in the State of Madhya Pradesh under EPC mode.,365,,200.67,91,1161.0,4.125941136208077,1.29801894918174,38.801894918173986,0.5497808219178082,2.181195652173913,2022.0,3.0,2.0,0.3609154929577465,0.7318840579710145,0.3609154929577465,0.7318840579710145,,,16.392904073587385,1.0
1412,Roads & Highways,Ministry of Road Transport & Highways,619155,Upgradation and 4L of Haridwar Bypass from Km 0.000 Km 188.100 of NH-58 to Km. 15.100 Km 5.100 of NH 74 PKg-1,1603,1423.89,770.27,80,1072.0,4.435318275154004,1.5111940298507462,71.11940298507463,0.48051777916406735,9.509506172839506,2021.0,11.0,8.0,0.36155202821869487,0.7318840579710145,0.36155202821869487,0.7318840579710145,-11.173424828446656,0.0,25.03285151116951,1.0
1413,Roads & Highways,Ministry of Road Transport & Highways,618043,Upgradation and reconstruction of Dindori - Mandla Section of NH 543 from Km 77100 Design to Km 170580 Design Total length 93.48km to Two lane with paved shoulder configuration along with One time improvement in 04 nos of bypassed built-up areas in a total length of 7.23 km in the state of Madhya Pradesh on EPC mode,492,523.71,0.0,88,1583.0,4.090349075975359,0.9437776373973468,6.377763739734675,0.0,0.0,2022.0,3.0,3.0,0.35978835978835977,0.7329192546583851,0.35978835978835977,0.7329192546583851,6.4451219512195195,1.0,2.102496714848883,0.0
1414,Roads & Highways,Ministry of Road Transport & Highways,618036,Upgradation and reconstruction of existing intermediate lane to two Lane with paved shoulder configuration from km. 43.00 Barna River to km. 77.00 ken river length 34.00 km. on Gulganj-Amanganj-Pawai-Katni NH43 Extn. along with One time improvement in 01 no. of bypassed built-up area in a total length of 1.585 km in the state of Madhya Pradesh on EPCmode.,316,,0.0,43,1342.0,3.1019849418206706,0.8442622950819673,41.42622950819673,0.0,0.0,2023.0,3.0,2.0,0.3609154929577465,0.7318840579710145,0.3609154929577465,0.7318840579710145,,,4.139290407358739,1.0
1415,Roads & Highways,Ministry of Road Transport & Highways,617914,Upgradation and reconstruction of Shahpura-Dindori Section of NH 45 from Km 103.700 Design to Km 164.580 Design including 3 bypasses Total length 60.88km to Two lane with paved shoulder configuration along with One time improvement in 03 nos of bypassed built-up areas in a total length of 12.341 km in the State of Madhya Pradesh on EPC mode,241,250.09,50.78,41,1368.0,4.128678986995209,1.1023391812865497,69.23391812865498,0.21070539419087136,1.2090476190476191,2022.0,3.0,1.0,0.36155202821869487,0.7318840579710145,0.36155202821869487,0.7318840579710145,3.771784232365147,0.0,18.593955321944808,1.0
1416,Roads & Highways,Ministry of Road Transport & Highways,618967,Upgradation and Strengthening of Chenani to Nashri Section via Patnitop of NH244 from Km 0.000 to Km 39.100,295,295.06,176.25,65,882.0,2.1492128678986995,0.8900226757369615,24.002267573696145,0.597457627118644,2.6704545454545454,2024.0,3.0,1.0,0.36155202821869487,0.7318840579710145,0.36155202821869487,0.7318840579710145,0.020338983050848226,0.0,7.818659658344283,1.0
1417,Roads & Highways,Ministry of Road Transport & Highways,618754,Upgradation of 2L/4L with Paved Shoulder of Shirwal-Lonand Section from KM 159900 To KM 188025 of NH-965DD Section I and 2L With Paved Shoulder of Lonand-Satara Section from KM 51500 To KM 96246 Of NH-965D Section II in Satara District in the State of Maharashtra on EPC Mode under NHO-,538,307.24,160.77,44,836.0,1.1498973305954825,0.5023923444976076,6.239234449760758,0.2988289962825279,3.572666666666667,2025.0,3.0,3.0,0.36155202821869487,0.7329192546583851,0.36155202821869487,0.7329192546583851,-42.89219330855018,0.0,0.0,0.0
1418,Roads & Highways,Ministry of Road Transport & Highways,619270,"Upgradation of 6 laned Jaipur- Kishangarh section of NH-48 from km 274100 to 363885 involving construction of flyovers and Service road in Rajasthan On Engineering, Procurement & Construction EPC Mode",911,,0.0,0,1032.0,0.13141683778234087,0.046511627906976744,4.651162790697675,0.0,0.0,2026.0,3.0,5.0,0.3609154929577465,0.7329192546583851,0.3609154929577465,0.7329192546583851,,,-5.256241787122208,0.0
1419,Roads & Highways,Ministry of Road Transport & Highways,618016,"Upgradation of Ambikapur Ramanujganj - Garhwa Road NH 343 of Package-I, Rajpuri Khurd Village to Padih Village section from existing km 7.830 to km 57.650 Design Ch. 13.700 to Ch. 62.700 of total length 49.00 km to two lane with paved shoulders under EPC mode in the state of Chhattisgarh",397,,76.67,28,1889.0,4.101300479123887,0.7930121757543674,51.30121757543674,0.19312342569269522,2.643793103448276,2022.0,3.0,2.0,0.3609154929577465,0.7329192546583851,0.3609154929577465,0.7329192546583851,,,0.0,0.0
1420,Roads & Highways,Ministry of Road Transport & Highways,618014,"Upgradation of Ambikapur-Ramanujganj-Garwa road of NH-343, Package-III, Badki mahri village to Ramanujganj section from existing km 80.600 to km 110.330 Design Ch. 85.370 to Ch. 114.800 of total length 29.430 km to two lane with paved shoulders udner corridor scheme under EPC Mode in the of Chhattisgarh",199,,53.0,39,1682.0,4.101300479123887,0.8906064209274673,50.06064209274673,0.2663316582914573,1.325,2022.0,3.0,0.0,0.3609154929577465,0.7329192546583851,0.3609154929577465,0.7329192546583851,,,0.0,0.0
1421,Roads & Highways,Ministry of Road Transport & Highways,618018,Upgradation of Bilaspur-Takhatpur-Mungeli-Pandariya-Pondi Road on N.H.-130A Package IIIA Takhatpur By-pass from existing Ch. 26.542 to 32.093 [Design Ch. 18.700 to 25.900] & Mungeli By-pass from existing Ch. 45.786 to 56.275 [Design Ch. 29.600 to 51.600] and Package IIIB Pandariya By-Pass from existing Ch. 82.582 to 87.133 [Design Ch. 77.900 to 81.1000 & Pondi By-pass from existing Ch. 103.166 to 104.756 [Design Ch. 97.000 to 103.395] to two lane with paved shoulder configuration in the,351,,11.63,11,1210.0,4.098562628336755,1.237190082644628,112.7190082644628,0.03313390313390314,0.9691666666666667,2022.0,3.0,2.0,0.3609154929577465,0.7318840579710145,0.3609154929577465,0.7318840579710145,,,17.47700394218134,1.0
1422,Roads & Highways,Ministry of Road Transport & Highways,618098,"Upgradation of exhisting 2 lane flexible pavement to 2 lane paved shoulders rigid pavement from design chainage Km 66.00 to Design Km 82.440 Start of Kolhapur Municipal corporation near Phulewadi to kale, design length 16.440 Km section on Talere Gaganbawada-Kolhapur road NH 166G in the state of Maharashtra on EPC mode",168,,0.0,94,1139.0,5.08145106091718,1.6294995610184373,68.94995610184372,0.0,0.0,2021.0,3.0,0.0,0.3609154929577465,0.7318840579710145,0.3609154929577465,0.7318840579710145,,,27.562417871222074,1.0
1423,Roads & Highways,Ministry of Road Transport & Highways,619297,Upgradation of Existing Two Lane Carriageway to Two Lane Carriageway with Paved Shoulder from Ch. 665686 Existing Km. 665.686 in Khanpur Village in Vansda Taluka to Ch. 710470 Existing Km. 710.483 in Karvad Village in Vapi Taluka Length 44.784 Km Section of NH-56 in the State of Gujarat on EPC Mode,647,,9.24,0,882.0,0.19164955509924708,0.07936507936507936,7.936507936507936,0.014281298299845441,9.24,2026.0,2.0,4.0,0.3609154929577465,0.7329192546583851,0.3609154929577465,0.7329192546583851,,,-17.608409986859396,0.0
1424,Roads & Highways,Ministry of Road Transport & Highways,618158,"Upgradation of Goras to Shyampur Road section of NH-552 Ext., from Design Chainge 48.400 to 111.800 Km Total length 63.40 km to two lane with paved shoulder configuration along with One time improvement of 8.91 km in the state of Madhya Pradesh on EPC mode",417,,0.0,17,1374.0,3.0937713894592744,0.8224163027656477,65.24163027656476,0.0,0.0,2023.0,3.0,2.0,0.3609154929577465,0.7329192546583851,0.3609154929577465,0.7329192546583851,,,0.0,0.0
1425,Roads & Highways,Ministry of Road Transport & Highways,618015,"Upgradation of Keonchi - Ratanpur Road of NH 45 Package-I, from design chainage km 237.860 to km 273.200 of length 35.340 km to two lane with paved shoulders under Corridor scheme on EPC mode in the state of Chhattisgarh.",225,228.93,83.75,60,1377.0,4.082135523613963,1.0827886710239651,48.27886710239652,0.37222222222222223,1.3729508196721312,2022.0,3.0,0.0,0.36155202821869487,0.7318840579710145,0.36155202821869487,0.7318840579710145,1.7466666666666697,0.0,11.793692509855452,1.0
1426,Roads & Highways,Ministry of Road Transport & Highways,618017,"Upgradation of Keonchi - Ratanpur Road of NH 45 Package-II, from design chainage km 278.75 to km 321.348 of length 42.598 km to two lane with paved shoulders under Corridor scheme on EPC mode in the state of Chhattisgarh.",286,,92.75,60,1377.0,4.082135523613963,1.0827886710239651,48.27886710239652,0.3243006993006993,1.5204918032786885,2022.0,3.0,1.0,0.3609154929577465,0.7318840579710145,0.3609154929577465,0.7318840579710145,,,11.793692509855452,1.0
1427,Roads & Highways,Ministry of Road Transport & Highways,618107,Upgradation of Mehsana-Visnagar-vadnagar-Kheralu-Idar section from km 0/00 to 81/300 of NH 168G Mehsana to Idar in the State of GujaratTotal Length 81.300 Km on Hybrid Annuity Mode HAM,1155,,421.58,23,1573.0,2.1738535249828885,0.5047679593134139,27.476795931341393,0.365004329004329,17.565833333333334,2024.0,2.0,6.0,0.3609154929577465,0.7329192546583851,0.3609154929577465,0.7329192546583851,,,0.0657030223390276,0.0
1428,Roads & Highways,Ministry of Road Transport & Highways,618085,Upgradation of Nasrullagani-Rehti-Budhni Scction to 2-lane with paved shoulder from Km 0150 to Km 50500 of NH-146B in the state of Madhya Pradesh on EPC mode.,305,293.74,0.0,92,1054.0,4.396988364134154,1.523719165085389,60.3719165085389,0.0,0.0,2021.0,12.0,1.0,0.36155202821869487,0.7318840579710145,0.36155202821869487,0.7318840579710145,-3.6918032786885213,0.0,24.178712220762154,1.0
1429,Roads & Highways,Ministry of Road Transport & Highways,619007,Upgradation of Sarvardewla to Pal MP/MH Border Road section of NH-347 C from Design Chainge km 81.600 to 137.400 Total length 55.80 km to two lane with paved shoulder configuration along with One time improvement of 1 .95 km in the State of Madhya Pradesh on EPC mode.,461,,2.77,0,1742.0,3.0937713894592744,0.6486796785304249,64.86796785304249,0.006008676789587853,2.77,2023.0,3.0,3.0,0.3609154929577465,0.7321613236814891,0.3609154929577465,0.7321613236814891,,,,
1430,Roads & Highways,Ministry of Road Transport & Highways,618044,Upgradation of Shahdol- Sagartola Section of NH 543 from km 0000 to km 69400 to 2 lane with paved shoulders under Hybrid Annuity Mode HAM in the State of Madhya Pradesh,851,,0.0,0,1513.0,2.242299794661191,0.5413086582947786,54.130865829477855,0.0,0.0,2024.0,2.0,5.0,0.3609154929577465,0.7321613236814891,0.3609154929577465,0.7321613236814891,,,,
1431,Roads & Highways,Ministry of Road Transport & Highways,618219,Upgradation to 2-lane with Hard shoulder configuration of Suraithota Ch. 29.725 km to Malari Ch. 60.550 km road on NH- 107B under in the state of Uttarakhand.,293,,0.0,77,1297.0,3.5263518138261465,0.9930609097918273,22.306090979182727,0.0,0.0,2022.0,10.0,1.0,0.3609154929577465,0.7318840579710145,0.3609154929577465,0.7318840579710145,,,7.752956636005256,1.0
1432,Roads & Highways,Ministry of Road Transport & Highways,618117,Upgradation to 2-Lane with Paved Shoulder from Design Km 36300 to Design Chainage 47918 and from Design Ch 69900 to Design Ch 83940 of NH-248A Natni Ka Bara in the State of Rajasthan on EPC Mode.,155,,15.13,23,828.0,2.187542778918549,0.964975845410628,73.49758454106279,0.09761290322580646,0.6304166666666667,2024.0,2.0,0.0,0.3609154929577465,0.7329192546583851,0.3609154929577465,0.7329192546583851,,,2.9894875164257555,0.0
1433,Roads & Highways,Ministry of Road Transport & Highways,618787,"Upgradation to 4L PS from Bhimasar, Junction of NH-41 to Anjar- Bhuj upto Airport Junction from Km 0.000 to Km 65.478 of NH-341",1373,1687.25,837.85,96,1206.0,4.136892539356605,1.2529021558872304,29.290215588723044,0.6102330662782229,8.637628865979382,2022.0,3.0,7.0,0.35978835978835977,0.7318840579710145,0.35978835978835977,0.7318840579710145,22.887836853605243,1.0,21.02496714848883,1.0
1434,Roads & Highways,Ministry of Road Transport & Highways,617972,Upgradation to Two lane with Paved Shoulder Configuration of Narayanpur Kasturmeta pkg-II from design ch. 48.693 to 70.453 design length21.760 Km. on NH-130D under EPC mode in the state of Chhattisgarh.,201,,0.0,0,1262.0,3.3347022587268995,0.96513470681458,96.513470681458,0.0,0.0,2022.0,12.0,0.0,0.3609154929577465,0.7321613236814891,0.3609154929577465,0.7321613236814891,,,,
1435,Roads & Highways,Ministry of Road Transport & Highways,619009,Upgradation to Two Lane with Paved Shoulders from Km 0.000 to Km 41.920 Green Field Alignment of Gowrelly to Valigonda Section of NH-930P in the State of Telangana on EPC Mode under Annual Plan 2022-23,690,,0.0,0,1980.0,3.4195756331279945,0.6308080808080808,63.08080808080808,0.0,0.0,2022.0,11.0,4.0,0.3609154929577465,0.7329192546583851,0.3609154929577465,0.7329192546583851,,,-0.9855453350854139,0.0
1436,Roads & Highways,Ministry of Road Transport & Highways,618069,Upgradation to Two-lane with paved shoulder of Hanumangarh to Kenchiyan section from Km 0.000existing chainage-Km 23.200 to Km 49.605existing chainage-Km 74.645 of NH-54 in the State of Rajasthan on EPC mode.,335,,0.0,72,1654.0,4.101300479123887,0.905683192261185,18.568319226118504,0.0,0.0,2022.0,3.0,2.0,0.3609154929577465,0.7329192546583851,0.3609154929577465,0.7329192546583851,,,0.0,0.0
1437,Roads & Highways,Ministry of Road Transport & Highways,619203,Vadape to Thane from km 539.202 to km 563.000 section of NH-3 new NH-848,1253,1371.27,491.86,87,1210.0,8.095824777549623,2.443801652892562,157.38016528925618,0.39254588986432565,5.589318181818182,2018.0,3.0,7.0,0.35978835978835977,0.7318840579710145,0.35978835978835977,0.7318840579710145,9.438946528332002,1.0,63.43626806833114,1.0
1438,Roads & Highways,Ministry of Road Transport & Highways,618467,Vadodara Mumbai Expressway Karvad - Jujuwa from Km. 128.000 to Km. 154.600 Phase-I Package-IX,2594,2587.04,235.55,22,825.0,2.8035592060232717,1.2412121212121212,102.12121212121212,0.09080570547417117,10.241304347826087,2023.0,7.0,9.0,0.36155202821869487,0.7318840579710145,0.36155202821869487,0.7318840579710145,-0.26831148804934607,0.0,21.55059132720105,1.0
1439,Roads & Highways,Ministry of Road Transport & Highways,618463,Vadodara Mumbai Expressway Kim to Ankleshwar Phase IA - Pkg V,1325,2807.48,1546.7,91,1350.0,8.191649555099247,2.216296296296296,130.62962962962962,1.1673207547169813,16.81195652173913,2018.0,2.0,7.0,0.35978835978835977,0.7318840579710145,0.35978835978835977,0.7318840579710145,111.88528301886794,1.0,57.98291721419185,1.0
1440,Roads & Highways,Ministry of Road Transport & Highways,619198,Vadodara Mumbai Expressway Phase II - Pkg XII [Km. 50.700 to Km. 77.000] Masvan - Ganjad,1711,2388.52,979.42,100,1323.0,5.727583846680356,1.581254724111867,58.125472411186706,0.5724254821741671,9.697227722772277,2020.0,8.0,8.0,0.35978835978835977,0.7318840579710145,0.35978835978835977,0.7318840579710145,39.5978959672706,1.0,29.303547963206306,1.0
1441,Roads & Highways,Ministry of Road Transport & Highways,618469,Vadodara Mumbai Expressway Phase II - Pkg XIII [Km. 26.582 to Km. 50.700] Shirsad - Masvan,3537,4679.54,1986.56,98,1342.0,5.897330595482546,1.6050670640834575,62.506706408345735,0.5616511167656205,20.066262626262624,2020.0,6.0,9.0,0.35978835978835977,0.7318840579710145,0.35978835978835977,0.7318840579710145,32.30251625671473,1.0,30.716162943495398,1.0
1442,Roads & Highways,Ministry of Road Transport & Highways,618470,Vadodara Mumbai Expressway Phase II - Pkg XIV [Km. 3.000 to Km. 20.200 of Spur] Shirsad - Akloli,2059,2324.72,634.55,98,1080.0,4.9253935660506505,1.6657407407407407,68.57407407407408,0.3081835842642059,6.4095959595959595,2021.0,5.0,9.0,0.35978835978835977,0.7318840579710145,0.35978835978835977,0.7318840579710145,12.905293831957252,1.0,27.660972404730618,1.0
1443,Roads & Highways,Ministry of Road Transport & Highways,618471,Vadodara Mumbai Expressway Phase II - Pkg XV [Km. 20.200 to Km. 43.000 of Spur] Akloli - Amne,2611,2918.39,651.95,95,1089.0,4.950034223134839,1.660238751147842,71.0238751147842,0.24969360398314824,6.791145833333334,2021.0,5.0,9.0,0.35978835978835977,0.7318840579710145,0.35978835978835977,0.7318840579710145,11.772883952508613,1.0,27.660972404730618,1.0
1444,Roads & Highways,Ministry of Road Transport & Highways,618472,Vadodara Mumbai Expressway Phase II - Pkg XVI [Km. 43.000 to Km. 69.800 of Spur] Amne - Bhoj,4052,4315.56,952.69,96,1225.0,4.848733744010952,1.4457142857142857,48.571428571428584,0.23511599210266537,9.821546391752578,2021.0,6.0,9.0,0.35978835978835977,0.7318840579710145,0.35978835978835977,0.7318840579710145,6.504442250740385,1.0,21.97766097240473,1.0
1445,Roads & Highways,Ministry of Road Transport & Highways,618473,Vadodara Mumbai Expressway Phase II - Pkg XVII [Km. 69.800 to Km. 79.783 of Spur] Bhoj - Morbe,2209,2463.02,931.24,91,1413.0,4.654346338124572,1.2031139419674453,29.31139419674453,0.4215663196016297,10.12217391304348,2021.0,9.0,9.0,0.35978835978835977,0.7318840579710145,0.35978835978835977,0.7318840579710145,11.499320959710275,1.0,13.469119579500656,1.0
1446,Roads & Highways,Ministry of Road Transport & Highways,619064,Vadodara Mumbai Expressway Talsari to Karvad Phase IB - Pkg X [Km 103.400 to Km 128.000],1910,2652.24,1097.32,36,1261.0,5.560574948665297,1.6106264869151468,125.06264869151468,0.5745130890052356,29.657297297297294,2020.0,10.0,9.0,0.35978835978835977,0.7318840579710145,0.35978835978835977,0.7318840579710145,38.860732984293186,1.0,45.335085413929036,1.0
1447,Roads & Highways,Ministry of Road Transport & Highways,618893,Varanasi Gorakhpur Section Packege IV from km. 149.540 to km. 215.160 Mau-Gorakhpur,2967,3475.65,3455.15,97,1635.0,11.039014373716633,2.4660550458715598,149.60550458715596,1.1645264577013819,35.256632653061224,2015.0,4.0,9.0,0.35978835978835977,0.7318840579710145,0.35978835978835977,0.7318840579710145,17.14357937310415,1.0,82.78580814717476,1.0
1448,Roads & Highways,Ministry of Road Transport & Highways,618529,Varanasi Ring Road Pkg-II connecting Sandaha Village km 11.70 / NH-29 with Revasa Village km 818.80 / NH-2,1992,1832.66,1751.26,97,1510.0,8.342231348391513,2.017880794701987,104.78807947019868,0.8791465863453816,17.87,2017.0,12.0,9.0,0.36155202821869487,0.7318840579710145,0.36155202821869487,0.7318840579710145,-7.998995983935739,0.0,56.53745072273324,1.0
1449,Roads & Highways,Ministry of Road Transport & Highways,618844,Viluppuram Km.0.000 to Puducherry Km.29.000,1358,1162.44,526.41,98,2094.0,8.164271047227926,1.4240687679083095,44.40687679083095,0.3876362297496318,5.317272727272727,2018.0,3.0,7.0,0.36155202821869487,0.7318840579710145,0.36155202821869487,0.7318840579710145,-14.400589101620026,0.0,34.19842312746386,1.0
1450,Roads & Highways,Ministry of Road Transport & Highways,618769,Walajahpet/Ranipet to TN/AP Border Section of from Km.106.800 to Km.133.36 NH-4,1338,1214.7,240.77,16,1027.0,1.3963039014373717,0.49659201557935734,33.65920155793573,0.1799476831091181,14.16294117647059,2024.0,12.0,7.0,0.36155202821869487,0.7329192546583851,0.36155202821869487,0.7329192546583851,-9.215246636771298,0.0,0.0,0.0
1451,Roads & Highways,Ministry of Road Transport & Highways,618354,Wideinig & Upgradation to 2-lanes with paved shoulders road from Tamenglong to Mahur NH-137 in the State of Assam starting from km 96.870 near Jiri River to km 116.550 near Hangrum Package-7 on EPC mode Package7,847,,481.81,90,814.0,2.3846680355920604,1.07002457002457,17.002457002457007,0.5688429752066115,5.294615384615384,2023.0,12.0,5.0,0.3609154929577465,0.7318840579710145,0.3609154929577465,0.7318840579710145,,,9.921156373193167,1.0
1452,Roads & Highways,Ministry of Road Transport & Highways,618063,Widening & Strenghteningof section from Bharthana chowk to Kodarkoot km.0.00 to km.40.00 of NH-91-A on EPC mode,262,343.77,115.38,94,1633.0,6.083504449007529,1.3606858542559706,42.068585425597064,0.44038167938931294,1.2145263157894737,2020.0,3.0,1.0,0.35978835978835977,0.7318840579710145,0.35978835978835977,0.7318840579710145,31.20992366412213,1.0,27.398160315374508,1.0
1453,Roads & Highways,Ministry of Road Transport & Highways,617983,Widening & Strengthening of Existing 2LPS to 4 lane PS from Km 150000 to Km 159000 and Km 165400 to Km 186000 of NH-163 old NH-202 under NH O for the year 2020-21 on EPC Mode in the state of Telangana.,317,300.56,190.86,91,1204.0,5.084188911704312,1.5423588039867109,63.2358803986711,0.6020820189274448,2.0745652173913043,2021.0,3.0,2.0,0.36155202821869487,0.7318840579710145,0.36155202821869487,0.7318840579710145,-5.186119873817034,0.0,25.492772667542706,1.0
1454,Roads & Highways,Ministry of Road Transport & Highways,618012,"Widening & strengthenlng to 2LPS from km 0,000 to 40.000 Dhaugaon- Podamari section of NH 326 in the State of Odisha under Annual Plan 2021.22.",187,,46.39,60,1406.0,4.082135523613963,1.0604551920341394,46.045519203413946,0.24807486631016043,0.7604918032786885,2022.0,3.0,0.0,0.3609154929577465,0.7318840579710145,0.3609154929577465,0.7318840579710145,,,10.840998685939553,1.0
1455,Roads & Highways,Ministry of Road Transport & Highways,617958,Widening & Strenthening from km132.895 to km 190.15 NH-80,566,,293.89,73,1313.0,5.08145106091718,1.4135567402894136,68.35567402894137,0.5192402826855124,3.9714864864864863,2021.0,3.0,3.0,0.3609154929577465,0.7318840579710145,0.3609154929577465,0.7318840579710145,,,24.868593955321945,1.0
1456,Roads & Highways,Ministry of Road Transport & Highways,618410,Widening & Up-gradation to 2 lane with paved shoulder of NH-301 Kargil- Zanskar Road from Design Km .30.040 Ex. Km. 30.000 to Design Km 57.000 Ex. Km. 57.905 of 26.960 Km length Pkg-II,405,,360.06,85,642.0,5.08145106091718,2.8909657320872273,204.0965732087227,0.8890370370370371,4.1867441860465116,2021.0,3.0,2.0,0.3609154929577465,0.7318840579710145,0.3609154929577465,0.7318840579710145,,,45.072273324572926,1.0
1457,Roads & Highways,Ministry of Road Transport & Highways,618409,Widening & Up-gradation to 2 lane with Paved shoulder of NH-301 Kargil- Zanskar Road from Design km 57.000 Ex. Km. 57.905 to Km 87.000 Ex. Km. 88.2491 of 30.000 Km length Pkg-lll,381,,313.34,91,642.0,5.08145106091718,2.8909657320872273,198.0965732087227,0.8224146981627296,3.405869565217391,2021.0,3.0,2.0,0.3609154929577465,0.7318840579710145,0.3609154929577465,0.7318840579710145,,,43.88961892247043,1.0
1458,Roads & Highways,Ministry of Road Transport & Highways,618352,Widening & Upgradation to 2 lanes with paved shoulders road from Tamenglong to Mahur NH-137 in the State of Assam starting from km 136.500 near Hejaichak to km 156.489 near P. Leikul Package-9 on EPC mode under NHO-NE Package-9,860,614.43,559.51,88,882.0,3.082819986310746,1.2766439909297052,39.66439909297051,0.6505930232558139,6.286629213483146,2023.0,3.0,5.0,0.36155202821869487,0.7318840579710145,0.36155202821869487,0.7318840579710145,-28.554651162790705,0.0,13.042049934296976,1.0
1459,Roads & Highways,Ministry of Road Transport & Highways,618351,Widening & Upgradation to 2 lanes with paved shoulders road from Tamenglong to Mahur NH-137 in the State of Assam starting from km 156.489 near P. Leikul to km 176.410 near Borowapu on EPC mode under NHO-NE Assam portion Package-10,890,693.15,605.43,90,882.0,3.082819986310746,1.2766439909297052,37.66439909297051,0.6802584269662921,6.653076923076923,2023.0,3.0,5.0,0.36155202821869487,0.7318840579710145,0.36155202821869487,0.7318840579710145,-22.11797752808989,0.0,13.042049934296976,1.0
1460,Roads & Highways,Ministry of Road Transport & Highways,618353,Widening & Upgradation to 2-lanes with paved shoulders road from Tamenglong to Mahur NH-137 in the State of Assam starting from km 116.480 near Hangrum to km 136.500 near Hejaichak Package-8 on EPC mode under NHO-NE Package 8,904,,563.52,85,884.0,3.0882956878850103,1.2760180995475112,42.60180995475112,0.623362831858407,6.5525581395348835,2023.0,3.0,5.0,0.3609154929577465,0.7318840579710145,0.3609154929577465,0.7318840579710145,,,13.042049934296976,1.0
1461,Roads & Highways,Ministry of Road Transport & Highways,618082,Widening & Upgradation to four lane configuration from Km.34.900 Bhadohi to km.73.134 Jaunpur of NH-135A on EPC mode,396,392.03,0.0,95,1140.0,5.08145106091718,1.6280701754385964,67.80701754385964,0.0,0.0,2021.0,3.0,2.0,0.36155202821869487,0.7318840579710145,0.36155202821869487,0.7318840579710145,-1.0025252525252595,0.0,28.54796320630749,1.0
1462,Roads & Highways,Ministry of Road Transport & Highways,617928,"Widening 2 lane to 4-lane from KM 92/320 to Km 115/320 Vav Chokdi-Satlasana to to Vrundavan Chokdi, Kheralu on NH-58 in the State of Gujarat.",151,171.27,0.0,98,1459.0,4.123203285420945,1.0322138450993832,5.221384509938318,0.0,0.0,2022.0,3.0,0.0,0.35978835978835977,0.7318840579710145,0.35978835978835977,0.7318840579710145,13.423841059602657,1.0,4.894875164257556,1.0
1463,Roads & Highways,Ministry of Road Transport & Highways,618141,Widening and Improvement of existing carriage way to 2 lane with paved shoulders from Km. 86/160 to 131/730 of Jangaon-Duddeda section of NH-365B in the State of Telangana on EPC Mode,423,423.48,184.83,78,1078.0,4.314852840520191,1.4619666048237476,68.19666048237477,0.4369503546099291,2.339620253164557,2022.0,1.0,3.0,0.36155202821869487,0.7318840579710145,0.36155202821869487,0.7318840579710145,0.11347517730496884,0.0,23.88304862023653,1.0
1464,Roads & Highways,Ministry of Road Transport & Highways,618242,Widening and Reconstruction to 4-lane/4-lane with service road including structures from Pokharia More at Km 47.600 Ex. Km 50.230 to Govindpur at km 62.949 Ex. Km 65.325 of Nh-419 in the State of Jharkhand on EPC mode.,300,,94.18,55,1335.0,3.975359342915811,1.0876404494382022,53.76404494382021,0.31393333333333334,1.6817857142857144,2022.0,5.0,1.0,0.3609154929577465,0.7318840579710145,0.3609154929577465,0.7318840579710145,,,11.990801576872535,1.0
1465,Roads & Highways,Ministry of Road Transport & Highways,618060,Widening and Strengthening of existing paveemnt to two lane with paved shoulders from km 116.00 to km 176.355 of NH-75E in the State of Jharkhand on EPC mode.,315,,162.16,89,907.0,4.271047227926078,1.7199558985667034,82.99558985667034,0.5147936507936508,1.8017777777777777,2022.0,1.0,1.0,0.3609154929577465,0.7318840579710145,0.3609154929577465,0.7318840579710145,,,27.496714848883048,1.0
1466,Roads & Highways,Ministry of Road Transport & Highways,617918,"Widening and Strengthening of existing S/L, I/L, & D/L to 2 Lane with PS from Km 256/455 to 256/503, 256/820 to 256/960, 265/760 to 266/010, 266/010 to 266/800, 270/975 to 271/055, 276/460 to 276/560, 276/560 to 276/700, 276/700 to 277/480, 285/780 to 288/290, 288/290 to 291/050 and construction of 3 Nos. of Bypass from Km 266/800 to 267/300, 270/025 to 270/975, & 284/700 to 285/780 on NH-53 under NHO in Annual Plan 2022-23 for the State of Odisha.",174,,6.43,0,1764.0,3.164955509924709,0.655328798185941,65.5328798185941,0.036954022988505746,6.43,2023.0,3.0,0.0,0.3609154929577465,0.7321613236814891,0.3609154929577465,0.7321613236814891,,,,
1467,Roads & Highways,Ministry of Road Transport & Highways,618178,Widening and strengthening of Gangakhed to Kingaon section of NH-752K in Km 38/750 to 72/304 Flexible Pavement Length33.554 km to 2-lane configuration on EPC mode in the State of Maharashtra.,163,,0.0,72,842.0,2.212183436002738,0.9596199524940617,23.961995249406172,0.0,0.0,2024.0,2.0,0.0,0.3609154929577465,0.7318840579710145,0.3609154929577465,0.7318840579710145,,,4.894875164257556,1.0
1468,Roads & Highways,Ministry of Road Transport & Highways,618206,Widening and Strengthening of Rafiabad-Kupwara-Chowkibal-Tangdhar-Chamkot NH-701 road from design Ch. From 0000 to 51000 to two lanes with paved shoulders under Project Beacon in the UT of Jammu & Kashmir on EPC mode Package-I.,1405,,160.59,42,1153.0,2.135523613963039,0.6764960971379012,25.649609713790113,0.11429893238434163,3.7346511627906978,2024.0,3.0,7.0,0.3609154929577465,0.7321613236814891,0.3609154929577465,0.7321613236814891,,,,
1469,Roads & Highways,Ministry of Road Transport & Highways,618201,"Widening and strengthening to 2 lane with paved shoulder from existing Ch. Km 56720 to Km 100820 and Design Ch. From Km 62600 to Km 106360 Total Length43.760 Km on SRINAGAR -BARAMULA URINH-01 in the UT of Jammu & Kashmir under project BEACON, Border Roads Organization BRO on EPC mode.",702,,0.0,51,1163.0,2.6338124572210813,0.827171109200344,31.7171109200344,0.0,0.0,2023.0,9.0,4.0,0.3609154929577465,0.7318840579710145,0.3609154929577465,0.7318840579710145,,,7.391590013140604,1.0
1470,Roads & Highways,Ministry of Road Transport & Highways,618106,Widening and Strengthening to 2/4 lane with paved shoulders of Mahabubnagar Chincholi section from Km 0/0 to Km 60/255 of NH-167N in the state of Telangana under Annual plan 2021-22 on EPC modepackage-I under NHO Job No.167N-TS-2021-22-75,704,,304.65,91,2120.0,4.262833675564682,0.7344339622641509,-17.55660377358491,0.4327414772727272,3.3114130434782605,2022.0,1.0,4.0,0.3609154929577465,0.7329192546583851,0.3609154929577465,0.7329192546583851,,,-19.48094612352168,0.0
1471,Roads & Highways,Ministry of Road Transport & Highways,617920,Widening and Strengthening to 2LPS including LA from km 318.970 to 353.450 Balikuda-Mulkani Section of NH-55 under NHO in Annual Plan 2022-23 in the State of Odisha. Job No. NH-55-OD-2022-23-656,512,,7.64,3,1955.0,4.262833675564682,0.7964194373401534,76.64194373401534,0.014921875,1.91,2022.0,1.0,3.0,0.3609154929577465,0.7329192546583851,0.3609154929577465,0.7329192546583851,,,0.0,0.0
1472,Roads & Highways,Ministry of Road Transport & Highways,617921,Widening and strengthening to 2LPS including LA of Kandarpur-Balikuda from km 277/500 to 318/970 of NH-55 in the State of Odisha under Annual Plan 2021-22.,500,,131.36,66,1168.0,4.101300479123887,1.2825342465753424,62.253424657534254,0.26272,1.9605970149253733,2022.0,3.0,3.0,0.3609154929577465,0.7318840579710145,0.3609154929577465,0.7318840579710145,,,17.67411300919842,1.0
1473,Roads & Highways,Ministry of Road Transport & Highways,618105,Widening and strengthening to 4 lane / 2-lane with paved shoulders of Mahabubnagar - Chincholi section from km 60/255 to Km 102/834 of NH-167N in the State of Telangana on EPC mode.,631,,125.34,47,1311.0,4.147843942505133,1.1556064073226544,68.56064073226544,0.19863708399366087,2.61125,2022.0,3.0,4.0,0.3609154929577465,0.7318840579710145,0.3609154929577465,0.7318840579710145,,,12.81208935611038,1.0
1474,Roads & Highways,Ministry of Road Transport & Highways,617899,Widening and Strengthening to 4LPS/2LPS from km 0.000 to 35.800 Kuakhia - Mangalpur section of NH 20 in the state of Odisha on Annual Plan 2021-22,636,,296.5,56,1408.0,4.082135523613963,1.0589488636363635,49.89488636363636,0.4661949685534591,5.201754385964913,2022.0,3.0,4.0,0.3609154929577465,0.7318840579710145,0.3609154929577465,0.7318840579710145,,,9.756898817345597,1.0
1475,Roads & Highways,Ministry of Road Transport & Highways,618264,"Widening and Strengthening to two Lane with Paved Shoulder/Four Lane with paved shoulder configuration from km. 61.500 of NH-727B near Nawalpur km 178.500 of Sonauli Balia Marg, Old SH-01 i.e. end point of Salempur Bypass to km. 106.495 of NH-727B near Sikanderpur under EPC mode",2062,,222.2,41,1840.0,2.954140999315537,0.5864130434782608,17.641304347826086,0.10775945683802134,5.29047619047619,2023.0,5.0,9.0,0.3609154929577465,0.7329192546583851,0.3609154929577465,0.7329192546583851,,,0.0,0.0
1476,Roads & Highways,Ministry of Road Transport & Highways,618222,Widening and Strengthening up gradation to 2 lane with paved shoulder from existing chainage Km 192.98 to Km 229.820 design chainage Km 162.800 to Km 198.18 under 31 BRTF on Akhnoor-Poonch Road NH-144A in the UT of Jammu and Kashmir under Project Sampark Border Roads Organisation BRO on EPC Mode Package-VIII Job No NH-144A-J&K-2022-2023-111,562,,158.68,71,1186.0,3.564681724845996,1.0978077571669478,38.78077571669478,0.2823487544483986,2.203888888888889,2022.0,10.0,3.0,0.3609154929577465,0.7318840579710145,0.3609154929577465,0.7318840579710145,,,14.816031537450723,1.0
1477,Roads & Highways,Ministry of Road Transport & Highways,618380,Widening and Up-gradation to 2- Lane with Paved Shoulder Configuration and geometric improvement from Km. 125. 000 to Km 166 Package-3 on Aizawl Tuipang Section of NH-54 in the State of Mizoram Package-3,867,,525.13,98,1302.0,6.581793292265571,1.8463901689708142,86.63901689708143,0.605686274509804,5.304343434343434,2019.0,9.0,5.0,0.3609154929577465,0.7318840579710145,0.3609154929577465,0.7318840579710145,,,38.206307490144546,1.0
1478,Roads & Highways,Ministry of Road Transport & Highways,618379,Widening and Up-gradation to 2- Lane with Paved Shoulder Configuration and geometric improvement from Km. 208. 000 to Km 250.000 Package-5 on Aizawl Tuipang Section of NH-54 in the State of Mizoram Package-5,753,,125.64,95,1302.0,6.581793292265571,1.8463901689708142,89.63901689708143,0.16685258964143426,1.30875,2019.0,9.0,4.0,0.3609154929577465,0.7318840579710145,0.3609154929577465,0.7318840579710145,,,38.206307490144546,1.0
1479,Roads & Highways,Ministry of Road Transport & Highways,618383,Widening and up-gradation to 2-lane with paved shoulder configuration and geometric improvements from km 339.00 to km 380.00 Siaha on Aizawl-Tuipang section under JICA ODA Loan assistance Phase-I Package-8,637,,547.01,100,1446.0,6.581793292265571,1.6625172890733058,66.25172890733057,0.8587284144427001,5.415940594059406,2019.0,9.0,4.0,0.3609154929577465,0.7318840579710145,0.3609154929577465,0.7318840579710145,,,33.47568988173456,1.0
1480,Roads & Highways,Ministry of Road Transport & Highways,618397,Widening and Up-gradation to 2-Lane with Paved Shoulder of configuration and geometric improvement from Km 0.000 to Km 16.990 on Chenani Sudhmahadev section of NH-244 in UT of Jammu and Kashmir to be executed on EPC basis,256,,239.96,94,983.0,8.128678986995208,3.0203458799593084,208.03458799593085,0.93734375,2.525894736842105,2018.0,3.0,1.0,0.3609154929577465,0.7318840579710145,0.3609154929577465,0.7318840579710145,,,60.775295663600524,1.0
1481,Roads & Highways,Ministry of Road Transport & Highways,617997,Widening of existing 2 lane to 4 lane with paved shoulder from Designed km 25.15 to km 56.70 Except Km 52.70 to 53.50 of NH-169 Nellisara Camp to Thirthahalli of NH-169 on Shimoga-Mangalore section in the state of Karnataka on EPC mode under Annual plan 2022-23 NH-169-KNT-2022-23-978 dated 08.03.2023,539,,20.63,6,1814.0,3.1457905544147846,0.6334068357221609,57.34068357221609,0.038274582560296845,2.947142857142857,2023.0,3.0,3.0,0.3609154929577465,0.7329192546583851,0.3609154929577465,0.7329192546583851,,,0.0,0.0
1482,Roads & Highways,Ministry of Road Transport & Highways,619183,Widening of Existing Road from Intermediate Lane 2-lane to 4-lane Between Km 19.994 to Km 35.180 of NH-848A Rakholi-Khadoli-Velugam Section in U.T. of Dadra and Nagar Haveli and Daman and Diu,198,239.57,77.74,80,1355.0,3.542778918548939,0.9549815498154982,15.498154981549817,0.3926262626262626,0.959753086419753,2022.0,10.0,0.0,0.35978835978835977,0.7329192546583851,0.35978835978835977,0.7329192546583851,20.99494949494949,1.0,2.0367936925098555,0.0
1483,Roads & Highways,Ministry of Road Transport & Highways,618193,Widening of Existing Road to Two Lane with Paved Shoulder Configuration from Km 0.00 to 26.000 & Km 45.200 To 59.622 Of NH 365BB in the State of Andhra Pradesh Under Annual Plan 2023-24 through EPC Mode,369,,76.12,46,1071.0,2.2833675564681726,0.7787114845938375,31.87114845938376,0.20628726287262875,1.6195744680851065,2024.0,1.0,2.0,0.3609154929577465,0.7329192546583851,0.3609154929577465,0.7329192546583851,,,0.2628120893561104,0.0
1484,Roads & Highways,Ministry of Road Transport & Highways,617886,Widening of existing Single lane / Intermediate lane road to 2 lane from Km 101 to Km 125 of NH 61,252,,0.0,44,2185.0,5.8507871321013,0.9780320366132723,53.80320366132723,0.0,0.0,2020.0,6.0,1.0,0.3609154929577465,0.7318840579710145,0.3609154929577465,0.7318840579710145,,,9.986859395532194,1.0
1485,Roads & Highways,Ministry of Road Transport & Highways,617901,Widening of Pachpadra-Bagundi Section to 4 Lane from Km 73/60 to 95/70 of NH-25 on EPC mode in the state of Rajasthan.,195,,55.29,99,1063.0,4.292950034223135,1.4750705550329257,48.50705550329258,0.2835384615384615,0.5529,2022.0,1.0,0.0,0.3609154929577465,0.7318840579710145,0.3609154929577465,0.7318840579710145,,,19.086727989487514,1.0
1486,Roads & Highways,Ministry of Road Transport & Highways,618797,"Widening Strengthening of 2-Lane with Paved Shoulder from MyajlarJaisalmer from Design Chainage 0000 to 98350 Section of NH-11 & SundraMyajlarAmbasingh ki Dhani Road from Design Chainage 46000 to 81601, part of MunabaoTanot Road Section of NH-70 along with Strengthening/Widening of Existing Connection of NH-70 & NH-11 of length 0.914 km in the State of Rajasthan under NHO on Hybrid Annuity Mode",1238,927.02,94.08,21,997.0,1.0951403148528405,0.4012036108324975,19.120361083249747,0.0759935379644588,4.276363636363636,2025.0,3.0,7.0,0.36155202821869487,0.7329192546583851,0.36155202821869487,0.7329192546583851,-25.119547657512122,0.0,0.0,0.0
1487,Roads & Highways,Ministry of Road Transport & Highways,618337,Widening to 2 -Lane with Paved shoulder of Imphal to Jiribam section of NH-37 from Design Chainage 33.000 km to 66.390 Km Existing Chainage from km 33.395 to km 67.496 on EPC Mode in Manipur PKG-3,467,,593.79,86,718.0,5.08145106091718,2.584958217270195,172.49582172701952,1.2714989293361885,6.825172413793103,2021.0,3.0,3.0,0.3609154929577465,0.7318840579710145,0.3609154929577465,0.7318840579710145,,,35.446780551905384,1.0
1488,Roads & Highways,Ministry of Road Transport & Highways,618336,Widening to 2 -Lane with Paved shoulder of Imphal to Jiribam section of NH-37 from Design Chainage 66.110 km to 101.280 Km Existing Chainage km 67.496 to km 103.557 on EPC Mode in Manipur PKG-4,580,,408.21,86,848.0,4.657084188911704,2.005896226415094,114.58962264150941,0.7038103448275862,4.692068965517241,2021.0,9.0,4.0,0.3609154929577465,0.7318840579710145,0.3609154929577465,0.7318840579710145,,,36.070959264126145,1.0
1489,Roads & Highways,Ministry of Road Transport & Highways,618039,Widening to 2 Lane from Existing Chainage Km 74.700 Km 100.660 Design Chainage Km 53.365 to Km 78.785 on NH- 507 in the State of Uttarakhand.,347,,0.0,32,1550.0,2.2614647501711156,0.5329032258064517,21.290322580645167,0.0,0.0,2024.0,1.0,2.0,0.3609154929577465,0.7321613236814891,0.3609154929577465,0.7321613236814891,,,,
1490,Roads & Highways,Ministry of Road Transport & Highways,618364,"Widening to 2 Lane with Hard shoulder of Akegwo-Avangkhu section of NH-202K for Package-I Design Chainage 0000 Km to 34795 Km, in the State of Nagaland on EPC mode under NH O-NE",430,,0.0,87,1165.0,3.370294318959617,1.0566523605150215,18.66523605150215,0.0,0.0,2022.0,12.0,3.0,0.3609154929577465,0.7329192546583851,0.3609154929577465,0.7329192546583851,,,0.0,0.0
1491,Roads & Highways,Ministry of Road Transport & Highways,618366,Widening to 2 Lane with Hard shoulder of Akegwo-Avangkhu section of NH-202K for Package-II Design Chainage 34795 Km to 69875 Km in the State of Nagaland on EPC mode under NHO-NE,443,,0.0,58,1165.0,3.370294318959617,1.0566523605150215,47.66523605150215,0.0,0.0,2022.0,12.0,3.0,0.3609154929577465,0.7329192546583851,0.3609154929577465,0.7329192546583851,,,0.0,0.0
1492,Roads & Highways,Ministry of Road Transport & Highways,618365,Widening to 2 Lane with Hard shoulder of Akegwo-Avangkhu section of NH-202K for Package-III Design Chainage 69875 Km to 106816 Km in the State of Nagaland on EPC mode under NHO-NE,497,,0.0,86,1167.0,3.370294318959617,1.0548414738646101,19.484147386461018,0.0,0.0,2022.0,12.0,3.0,0.3609154929577465,0.7329192546583851,0.3609154929577465,0.7329192546583851,,,0.0,0.0
1493,Roads & Highways,Ministry of Road Transport & Highways,618122,Widening to 2 lane with paved shoulded of Jareikela Jharkhand/Odisha Border - Dhabaleswar section from 0/0 to 36/0 of NH-320D in the State of Odisha under Annual Plan 2021-22.,172,,7.42,34,1666.0,4.1067761806981515,0.9003601440576231,56.036014405762316,0.04313953488372093,0.212,2022.0,3.0,0.0,0.3609154929577465,0.7329192546583851,0.3609154929577465,0.7329192546583851,,,0.0,0.0
1494,Roads & Highways,Ministry of Road Transport & Highways,618335,Widening to 2 Lane with Paved shoulder of lmphal to Jiribam section of NH-37 from Design Ch. from Km 101280 Near Khongsang Village to Km 131280 near Puilon Kambiron Village on EPC Mode in Manipur PKG-5,411,,382.67,91,891.0,4.405201916495551,1.8058361391694726,89.58361391694726,0.9310705596107056,4.159456521739131,2021.0,12.0,2.0,0.3609154929577465,0.7318840579710145,0.3609154929577465,0.7318840579710145,,,31.636005256241784,1.0
1495,Roads & Highways,Ministry of Road Transport & Highways,618334,Widening to 2 Lane with Paved shoulder of lmphal to Jiribam section of NH-37 from Design Ch. from km 131.280 to km 169.570 on EPC mode in Manipur under NHO-TSP PKG-6,505,,325.89,95,1151.0,4.37782340862423,1.3892267593397045,43.92267593397045,0.6453267326732673,3.3946875,2021.0,12.0,3.0,0.3609154929577465,0.7318840579710145,0.3609154929577465,0.7318840579710145,,,22.766097240473062,1.0
1496,Roads & Highways,Ministry of Road Transport & Highways,618333,Widening to 2 lane with Paved shoulder of lmphal to Jiribam section of NH-37 from Design Ch. from km 169570 Near Nungkao vlllage under Tamenglong District to km 205974 near Jiribam Bridge under Jiribam district under NHO-NE PKG-7,760,,428.13,93,1090.0,3.3210130047912387,1.1128440366972476,18.284403669724767,0.5633289473684211,4.554574468085106,2023.0,1.0,4.0,0.3609154929577465,0.7318840579710145,0.3609154929577465,0.7318840579710145,,,11.629434954007884,1.0
1497,Roads & Highways,Ministry of Road Transport & Highways,618130,Widening to 2 lane with paved shoulders from 0.00 to 32.970 ofAdilabadto Bela section of NH 353B in the State of Telangana,491,,149.79,79,1285.0,3.509924709103354,0.9976653696498055,20.766536964980546,0.305071283095723,1.872375,2022.0,10.0,3.0,0.3609154929577465,0.7318840579710145,0.3609154929577465,0.7318840579710145,,,7.917214191852825,1.0
1498,Roads & Highways,Ministry of Road Transport & Highways,618147,Widening to 2 Lane with Paved Shoulders from design Km 103.200 Existing Km 103.200 to design Km 116.700 Existing Km 118.470 on AP/KNT Border to Sira Section of NH-544E in the State of Karnatakaon EPC mode under Annual plan 2022-23,167,,46.69,65,970.0,3.293634496919918,1.2402061855670103,59.02061855670104,0.2795808383233533,0.7074242424242424,2023.0,1.0,0.0,0.3609154929577465,0.7318840579710145,0.3609154929577465,0.7318840579710145,,,11.695137976346912,1.0
1499,Roads & Highways,Ministry of Road Transport & Highways,618183,Widening to 2 lane with paved shoulders from Km 62/920 to km 106/830 of Medak - Yellareddy section in the State of Telangana under Annual Plan 2022-23 on EPC mode under NHO,399,,146.04,71,1394.0,3.542778918548939,0.9282639885222381,21.826398852223818,0.36601503759398496,2.0283333333333333,2022.0,10.0,2.0,0.3609154929577465,0.7329192546583851,0.3609154929577465,0.7329192546583851,,,0.39421813403416556,0.0
1500,Roads & Highways,Ministry of Road Transport & Highways,618196,Widening to 2 lane with Paved Shoulders of Siddipet-Elkathurthy section from Km 69/978 to km 133/619 of NH-765DG in the State of Telangana under Annual plan 2021-22 on EPC mode,579,,0.0,85,968.0,4.2792607802874745,1.6146694214876034,76.46694214876035,0.0,0.0,2022.0,1.0,3.0,0.3609154929577465,0.7318840579710145,0.3609154929577465,0.7318840579710145,,,27.069645203679368,1.0
1501,Roads & Highways,Ministry of Road Transport & Highways,618197,Widening to 2 lane with Paved Shoulders of Medak - Siddipet section from Km 0/0 to km 69/978 of NH-765DG in the State of Telangana under Annual plan 2021-22 on EPC mode,882,,383.75,74,1106.0,4.27378507871321,1.4113924050632911,67.13924050632912,0.4350907029478458,5.116666666666666,2022.0,1.0,5.0,0.3609154929577465,0.7318840579710145,0.3609154929577465,0.7318840579710145,,,22.996057818659658,1.0
1502,Roads & Highways,Ministry of Road Transport & Highways,618070,Widening to 2 Lanes with paved shoulders from Km.87/000 to 133/720 Nattukal to Thanau Jn. in Palakkad of NH-966 Old NH-213 on EPC mode Basis under NHO Annual Plan 2016-17 in the state of Kerala,294,315.63,0.0,98,923.0,9.215605749486652,3.646803900325027,266.6803900325027,0.0,0.0,2017.0,2.0,1.0,0.35978835978835977,0.7318840579710145,0.35978835978835977,0.7318840579710145,7.357142857142855,1.0,82.26018396846254,1.0
1503,Roads & Highways,Ministry of Road Transport & Highways,618207,Widening to 2-lane with Hard Shoulder configuration of Mana Ch. 0.00 to Mana Pass Ch. 50.987 road on NH-07 under Bharatmala Pariyojna in the state of Uttarakhand under Annual Plan 2022-23 length 50.987,574,,0.0,21,1810.0,3.5290896646132786,0.7121546961325966,50.21546961325966,0.0,0.0,2022.0,10.0,3.0,0.3609154929577465,0.7318840579710145,0.3609154929577465,0.7318840579710145,,,12.02365308804205,1.0
1504,Roads & Highways,Ministry of Road Transport & Highways,618345,Widening to 2-lane with Hard shoulder of Churachandpur to Tuivai Section from Km 48.587 to Km 69.875 in the State of Manipur on EPC mode under NHO Package-2B,366,,198.28,88,777.0,5.864476386036961,2.7567567567567566,187.67567567567568,0.5417486338797814,2.227865168539326,2020.0,6.0,2.0,0.3609154929577465,0.7318840579710145,0.3609154929577465,0.7318840579710145,,,48.88304862023653,1.0
1505,Roads & Highways,Ministry of Road Transport & Highways,618344,Widening to 2-lane with Hard shoulder of Churachandpur to Tuivai Section of NH-102B from Design Chainage 69.875 Km to 121.769 Km in the State of Manipur on EPC mode Package-3,673,,563.39,86,876.0,5.08145106091718,2.1187214611872145,125.87214611872145,0.8371322436849925,6.475747126436781,2021.0,3.0,4.0,0.3609154929577465,0.7318840579710145,0.3609154929577465,0.7318840579710145,,,40.2431011826544,1.0
1506,Roads & Highways,Ministry of Road Transport & Highways,618347,Widening to 2-lane with Hard shoulder of Churachandpur to Tuivai Section of NH-102B from km 13.747 to km 32.835 in the State of Manipur on EPC mode under NHO Package-1B,242,,164.85,100,794.0,6.006844626967831,2.7632241813602016,176.3224181360202,0.681198347107438,1.632178217821782,2020.0,4.0,1.0,0.3609154929577465,0.7318840579710145,0.3609154929577465,0.7318840579710145,,,50.03285151116951,1.0
1507,Roads & Highways,Ministry of Road Transport & Highways,618346,Widening to 2-lane with Hard shoulder of Churachandpur to Tuivai Section of NH-102B from km 32.835 to km 48.587 in the State of Manipur on EPC mode under NHO Package-2A,233,,155.44,100,794.0,6.006844626967831,2.7632241813602016,176.3224181360202,0.6671244635193133,1.539009900990099,2020.0,4.0,1.0,0.3609154929577465,0.7318840579710145,0.3609154929577465,0.7318840579710145,,,50.03285151116951,1.0
1508,Roads & Highways,Ministry of Road Transport & Highways,618084,Widening to 2-lane with paved shoulder from km 0.00 to 44.00 Kuru-Ghaghra section of NH-143A including re-construction of culverts and bridges.,153,133.67,100.77,95,1271.0,6.206707734428473,1.7836349331235248,83.36349331235249,0.6586274509803921,1.0496874999999999,2020.0,2.0,0.0,0.36155202821869487,0.7318840579710145,0.36155202821869487,0.7318840579710145,-12.633986928104585,0.0,38.76478318002628,1.0
1509,Roads & Highways,Ministry of Road Transport & Highways,618338,Widening to 2-Lane with Paved shoulder of Imphal to Jiribam section of NH-37 from Design Chainage 15.940 km to 33.120 Km Existing Chainage Km 15.946 to Km 33.395 Total length17.180 Km in the State of Manipur on EPC mode PKG-2 - Balance Works & Rectification works,195,,162.71,93,1813.0,5.08145106091718,1.0237175951461666,9.371759514616656,0.8344102564102565,1.7309574468085107,2021.0,3.0,0.0,0.3609154929577465,0.7318840579710145,0.3609154929577465,0.7318840579710145,,,7.457293035479632,1.0
1510,Roads & Highways,Ministry of Road Transport & Highways,618000,Widening to 2-Lane with Paved Shoulders from Km 116.800 to 149.070Design Changes on Hosadurga - Holalkere Section of NH-173 in the State of Karnataka on EPC mode under Annual Plan 2021-22 Job no. NH-173-KNT-2021-22-946,170,147.39,111.33,100,696.0,4.084873374401095,2.1436781609195403,114.36781609195404,0.6548823529411765,1.1022772277227724,2022.0,3.0,0.0,0.36155202821869487,0.7318840579710145,0.36155202821869487,0.7318840579710145,-13.30000000000001,0.0,28.153745072273324,1.0
1511,Roads & Highways,Ministry of Road Transport & Highways,617927,Widening to 2LPS between Km 0/0 to 56/0 Khokhara Gujarat Border Vijayanagar Antrasuba Mathasur road of NH 58 in the State of Gujarat,699,,0.0,36,1286.0,2.1245722108145104,0.6034214618973561,24.342146189735615,0.0,0.0,2024.0,3.0,4.0,0.3609154929577465,0.7329192546583851,0.3609154929577465,0.7329192546583851,,,0.0,0.0
1512,Roads & Highways,Ministry of Road Transport & Highways,618185,Widening to 2LPS from Km 0.000 to 37.850 Except Ex. Km 24.45 to 27.20 of NH-766c Byndoor-Ranebennur Section in the state of Karnataka on EPC Mode under Annual Plan 2022-23 NH-766C-KNT-2022-23-969 dated 30.12.2022,395,,15.68,12,1681.0,3.3319644079397674,0.7239738251041047,60.397382510410466,0.03969620253164557,1.2061538461538461,2022.0,12.0,2.0,0.3609154929577465,0.7329192546583851,0.3609154929577465,0.7329192546583851,,,-0.0328515111695138,0.0
1513,Roads & Highways,Ministry of Road Transport & Highways,617999,Widening to 2LPS from Km 67 to Km 115 on Kadur-Hosadurga section NH 173 in the state of Karnataka NH-173-KNT-2022-23-980 dated 13.03.2023,472,,91.74,70,1162.0,3.132101300479124,0.9845094664371773,28.450946643717728,0.19436440677966102,1.292112676056338,2023.0,3.0,3.0,0.3609154929577465,0.7318840579710145,0.3609154929577465,0.7318840579710145,,,11.399474375821287,1.0
1514,Roads & Highways,Ministry of Road Transport & Highways,618027,Widening to 2LPS from Km 71.00 to 104.00 Existing chainages Sarjapur to Pattadkallu on Bhanapur to Gaddanakeri section NH-367 in the State of Karnataka under NHO on EPC mode under Annual Plan 2022-23 NH-367-KNT-2022-23-972 dated 08.02.2023,446,,198.15,90,1130.0,3.2197125256673513,1.0407079646017698,14.070796460176979,0.44428251121076234,2.1774725274725277,2023.0,2.0,3.0,0.3609154929577465,0.7318840579710145,0.3609154929577465,0.7318840579710145,,,9.559789750328514,1.0
1515,Roads & Highways,Ministry of Road Transport & Highways,618109,Widening to 4 lane from Km 51.60 to 76.20 Hebri to Parkala and from Km 85.20 to 88.90 Karavali junction to Malpe of Thirthahalli-Udupi-Malpe Section of NH-169A in the State of Karnataka on EPC Mode under Annual plan 2021-22 Job No. NH-169A-KNT-2021-22-927,356,,217.46,88,1079.0,4.295687885010267,1.454124189063948,57.412418906394805,0.6108426966292135,2.443370786516854,2022.0,1.0,2.0,0.3609154929577465,0.7318840579710145,0.3609154929577465,0.7318840579710145,,,23.127463863337713,1.0
1516,Roads & Highways,Ministry of Road Transport & Highways,618249,Widening to 4 lane from km. 108.50 to km 139.00 of NH-135A Pkg-II Jaunpur Akbarpur section on Hybrid Annuity Mode in the state of Uttar Pradesh,1512,,0.0,40,1461.0,3.0882956878850103,0.7720739219712526,37.20739219712526,0.0,0.0,2023.0,3.0,8.0,0.3609154929577465,0.7329192546583851,0.3609154929577465,0.7329192546583851,,,0.0,0.0
1517,Roads & Highways,Ministry of Road Transport & Highways,618029,Widening to 4 lane from Km. 133.00 to 158.04 design Chainage Km. 130.88 to 155.145 Shirur Cross to Gaddankeri of NH-367 in the State of Karnataka on EPC mode. Job No. NH-367-KNT-2021-22-930,351,312.06,203.12,83,1089.0,4.262833675564682,1.4297520661157024,59.97520661157023,0.5786894586894588,2.4180952380952383,2022.0,1.0,2.0,0.36155202821869487,0.7318840579710145,0.36155202821869487,0.7318840579710145,-11.094017094017094,0.0,26.379763469119577,1.0
1518,Roads & Highways,Ministry of Road Transport & Highways,618248,Widening to 4 lane from km. 139.00 to km 179.20 of NH-135A Pkg-III Jaunpur Akbarpur section and Akbarpur bypass on Hybrid Annuity Mode in the state of Uttar Pradesh.,1653,,0.0,22,1690.0,2.915811088295688,0.6301775147928994,41.01775147928994,0.0,0.0,2023.0,5.0,8.0,0.3609154929577465,0.7329192546583851,0.3609154929577465,0.7329192546583851,,,0.0,0.0
1519,Roads & Highways,Ministry of Road Transport & Highways,618151,Widening to 4LPS of NH-548B from Km 118.450 Near Shirguppi to Km 128.450 Near Ankali in the State of Karnataka under NH O on EPC Mode Under Annual Plan 2022-23 NH-548B-KNT-2022-23-982,1084,,1.71,0,2268.0,3.1293634496919918,0.503968253968254,50.39682539682539,0.001577490774907749,1.71,2023.0,3.0,6.0,0.3609154929577465,0.7321613236814891,0.3609154929577465,0.7321613236814891,,,,
1520,Roads & Highways,Ministry of Road Transport & Highways,618148,Widening to 4LPS of NH-548B from Km 80.000 Near Murgundi to Km 140.200 Near Chikkodi excluding length from Km 118.450 to Km 128.450 in the State of Karnataka under NH O on EPC Mode under Annual Plan 2022-23 - Package 1 NH-548B-KNT-2022-23-979 dated 09.03.2023,786,,6.15,0,1872.0,3.143052703627652,0.6132478632478633,61.32478632478633,0.007824427480916031,6.15,2023.0,3.0,5.0,0.3609154929577465,0.7329192546583851,0.3609154929577465,0.7329192546583851,,,0.0,0.0
1521,Roads & Highways,Ministry of Road Transport & Highways,619087,Widening to 6L of Existing 4L Jetpur - Gondal - Rajkot Section from Km. 117.600 to Km. 185.00 on NH-27,2070,1390.29,1117.01,77,1285.0,4.1095140314852845,1.1680933852140079,39.80933852140079,0.5396183574879228,14.320641025641025,2022.0,3.0,9.0,0.36155202821869487,0.7318840579710145,0.36155202821869487,0.7318840579710145,-32.83623188405797,0.0,16.16294349540079,1.0
1522,Roads & Highways,Ministry of Road Transport & Highways,617998,Widening to existing 2 lane with paved Shoulder to 4 Lane with paved shoulder from design Km 153.00 to 168.27 Mala Gate to Karkala of NH -169 on Shimoga - Mangalore section in the state of Karnataka on EPC mode under Annula Plan 2021-22 Job No. NH-169-KNT-2021-22-949,178,,115.6,83,1051.0,4.084873374401095,1.4196003805899144,58.960038058991444,0.649438202247191,1.3761904761904762,2022.0,3.0,0.0,0.3609154929577465,0.7318840579710145,0.3609154929577465,0.7318840579710145,,,21.517739816031536,1.0
1523,Roads & Highways,Ministry of Road Transport & Highways,618072,Widening to Existing single lane /intermediate lane to 2 lane from Km185.00 to Km 220.00 of NH-61 New NH-02 in the state of Nagaland.,297,,155.15,100,1207.0,5.08145106091718,1.5376967688483845,53.76967688483845,0.5223905723905724,1.5361386138613862,2021.0,3.0,1.0,0.3609154929577465,0.7318840579710145,0.3609154929577465,0.7318840579710145,,,20.33508541392904,1.0
1524,Roads & Highways,Ministry of Road Transport & Highways,617964,"Widening to Four Lane rigid pavement configuration from Km 90.00 to Km 100.800 on NH-96 Km 42.0 to Km 53.300 as per new NH-330,design length of 11.300 km under EPC mode in the state of Uttar Pradesh.",310,,41.92,31,1440.0,3.4113620807665983,0.8652777777777778,55.527777777777786,0.13522580645161292,1.31,2022.0,12.0,1.0,0.3609154929577465,0.7329192546583851,0.3609154929577465,0.7329192546583851,,,0.0,0.0
1525,Roads & Highways,Ministry of Road Transport & Highways,618168,Widening to four lane with paved shoulder from Design Km.49.200 to Km.89.285 of NH-731B on EPC mode in the state of Uttar Pradesh,918,965.3,134.41,56,1385.0,4.082135523613963,1.0765342960288808,51.65342960288808,0.1464161220043573,2.3580701754385966,2022.0,3.0,5.0,0.35978835978835977,0.7318840579710145,0.35978835978835977,0.7318840579710145,5.152505446623088,1.0,12.54927726675427,1.0
1526,Roads & Highways,Ministry of Road Transport & Highways,618087,Widening to intermediate/two lane to 2 lane with paved shoulder from Existing chanages Km 112.750 to 142.00 Liingasur to Mudabal cross & from Km. 147.070 to Km. 149.070 Maski city limit of Jewargi Chamrajnagar setion of NH-150A in the state of Karnataka on EPC mode. Job No. NH-150A-KNT-2021-22-951,256,,185.27,96,840.0,4.084873374401095,1.776190476190476,81.61904761904762,0.7237109375,1.9100000000000001,2022.0,3.0,1.0,0.3609154929577465,0.7318840579710145,0.3609154929577465,0.7318840579710145,,,25.45992115637319,1.0
1527,Roads & Highways,Ministry of Road Transport & Highways,618189,Widening to two lane with paved shoulder of NH-73New spur road Ujire - Dharmasthala - Periyashanthi in the State of Karnataka under NHO on HAM Mode Job No. NH-73Spur-KNT-2023-24-996,614,,66.04,25,1396.0,2.308008213552361,0.6038681948424068,35.38681948424068,0.107557003257329,2.54,2024.0,1.0,4.0,0.3609154929577465,0.7329192546583851,0.3609154929577465,0.7329192546583851,,,0.0,0.0
1528,Roads & Highways,Ministry of Road Transport & Highways,618182,Widening to Two lane with paved shoulders from 106/830 to 158/496 of Yellareddy-Rudrur Section of NH-765D in the state of Telangana on EPC mode under NHO under Annual plan 2022-23,500,,207.08,69,1361.0,3.542778918548939,0.9507714915503307,26.07714915503307,0.41416000000000003,2.9582857142857146,2022.0,10.0,3.0,0.3609154929577465,0.7318840579710145,0.3609154929577465,0.7318840579710145,,,10.4796320630749,1.0
1529,Roads & Highways,Ministry of Road Transport & Highways,618086,"Widening to Two Lane with Paved Shoulders from KB Cross to Chunchanahalli ie., Design Ch. 485240 Km Existing Km 494.000 to Design Ch. 523393 Km Existing km 533.152 & From Design Ch. 530393 Existing Km 540.175 to Design Ch. 534476 Existing Km 544.200 at Nelligere of NH-150A on EPC mode under Annual Plan 2022-23 NH-150A-KNT-2022-23-977 dated 08.03.2023",617,,8.03,48,1407.0,3.1457905544147846,0.8166311300639659,33.6631130063966,0.013014586709886547,0.16387755102040816,2023.0,3.0,4.0,0.3609154929577465,0.7329192546583851,0.3609154929577465,0.7329192546583851,,,0.0,0.0
1530,Roads & Highways,Ministry of Road Transport & Highways,618095,Widening to Two Lane with Paved Shoulders from Km 0.00 Design Chainage 0.00 to Km 23.338 Design Chainage 23310 of NH-166E MH/KNT Border- Kanamadi- Bijjargi- Tikota section in the state of Karnataka in EPC Mode under Annual plan 2022-23 NH-166E-KNT-2022-23-974,196,,72.94,75,1108.0,3.186858316221766,1.0505415162454874,30.054151624548737,0.3721428571428571,0.9597368421052631,2023.0,2.0,0.0,0.3609154929577465,0.7318840579710145,0.3609154929577465,0.7318840579710145,,,12.844940867279893,1.0
1531,Roads & Highways,Ministry of Road Transport & Highways,618149,Widening to two lane with paved shoulders from Km 0.00 to 102.310 Design Chainage of NH-548B Murrum-Maharashtra Border in the State of Karnataka,957,,288.23,60,1431.0,3.2060232717316905,0.8183088749126485,21.830887491264846,0.3011807732497388,4.725081967213115,2023.0,2.0,5.0,0.3609154929577465,0.7329192546583851,0.3609154929577465,0.7329192546583851,,,0.0,0.0
1532,Roads & Highways,Ministry of Road Transport & Highways,617985,Widening to two lane with paved shoulders from Km 0/0 to 64/020 Pamarru to Akiveedu,530,588.65,248.31,74,1325.0,6.080766598220397,1.6762264150943396,93.62264150943395,0.46850943396226413,3.3108,2020.0,3.0,3.0,0.35978835978835977,0.7318840579710145,0.35978835978835977,0.7318840579710145,11.066037735849052,1.0,42.44415243101182,1.0
1533,Roads & Highways,Ministry of Road Transport & Highways,618091,Widening to two lane with paved shoulders from Km 0/000 to Km 45/946 of Nizampet-Narayankhed-bidar section of NH-161B in the state of Telangana under Annual Plan 2021-22 on EPC mode under NHO,513,,152.49,46,1423.0,4.087611225188227,1.0491918482080111,58.91918482080112,0.2972514619883041,3.244468085106383,2022.0,3.0,3.0,0.3609154929577465,0.7318840579710145,0.3609154929577465,0.7318840579710145,,,13.042049934296976,1.0
1534,Roads & Highways,Ministry of Road Transport & Highways,618104,Widening to two lane with paved shoulders from Km 0/000 to Km 79/300 of Kalwakurthy - Kollapur section of NH-167K in the state of Telangana under annual plan 2021-22 on EPC mode under NHO.,887,,620.25,90,1198.0,4.082135523613963,1.2445742904841401,34.45742904841401,0.6992671927846674,6.815934065934066,2022.0,3.0,5.0,0.3609154929577465,0.7318840579710145,0.3609154929577465,0.7318840579710145,,,13.633377135348226,1.0
1535,Roads & Highways,Ministry of Road Transport & Highways,617955,Widening to two lane with paved Shoulders from Km 40.00 to Km 75.00 Existing chainages of Mangalore - Tumkur section of NH-73 in the State of Karnataka on EPC Mode under Annual Plan 2021-22 Job No NH-73-KNT-2021-22-945,719,,312.83,85,1091.0,4.082135523613963,1.3666361136571952,51.663611365719504,0.4350904033379694,3.6375581395348835,2022.0,3.0,4.0,0.3609154929577465,0.7318840579710145,0.3609154929577465,0.7318840579710145,,,21.1892247043364,1.0
1536,Roads & Highways,Ministry of Road Transport & Highways,617995,Widening to Two Lane with Paved Shoulders from Km 67.000 to Km 114.425 of Kalwakurthy- Mallapally Section of NH 167 Erstwhile section of SH 18 in the State of Telangana on EPC mode under NH O Annual Plan 2016-17,300,,175.12,99,834.0,9.273100616016427,4.061151079136691,307.1151079136691,0.5837333333333333,1.7512,2017.0,1.0,1.0,0.3609154929577465,0.7318840579710145,0.3609154929577465,0.7318840579710145,,,91.52431011826543,1.0
1537,Roads & Highways,Ministry of Road Transport & Highways,618190,Widening to two lane with paved shoulders of 'Bodhan Basar Bhainsa ' section from Km 38/900 to 95/300 of NH-161BB in the state of Telangana under Annual Plan 2021-22 on EPC Mode under NH O.,644,,403.48,99,1109.0,4.158795345653662,1.369702434625789,37.97024346257888,0.6265217391304349,4.034800000000001,2022.0,3.0,4.0,0.3609154929577465,0.7318840579710145,0.3609154929577465,0.7318840579710145,,,17.509855453350852,1.0
1538,Roads & Highways,Ministry of Road Transport & Highways,617936,Widening to two/four lane with paved shoulder from Km.180.600 to Km.223.000 of NH-63 on Nizamabad-Jagadalpur road on EPC mode under NHO in the state of Telangana.,254,183.26,0.0,100,903.0,9.56331279945243,3.868217054263566,286.82170542635663,0.0,0.0,2016.0,10.0,1.0,0.36155202821869487,0.7321613236814891,0.36155202821869487,0.7321613236814891,-27.850393700787407,0.0,,
1539,Roads & Highways,Ministry of Road Transport & Highways,618140,Widening to two/four lane with paved shoulders from Km.34.250 to Km.71.830 of NH-365A on Kodad-Khammam-Kurvi road.,446,,18.32,13,1570.0,3.542778918548939,0.824203821656051,69.4203821656051,0.0410762331838565,1.3085714285714285,2022.0,10.0,3.0,0.3609154929577465,0.7329192546583851,0.3609154929577465,0.7329192546583851,,,0.0,0.0
1540,Roads & Highways,Ministry of Road Transport & Highways,618905,Widening with additional 3L abetting Chhapra Bypass Section of NH-19 from Km. 143.200 to Km. 159.255 Pkg-1,470,528.48,302.74,77,913.0,2.1683778234086244,0.8674698795180723,9.746987951807228,0.6441276595744682,3.8812820512820516,2024.0,2.0,3.0,0.35978835978835977,0.7329192546583851,0.35978835978835977,0.7329192546583851,12.442553191489365,1.0,1.9710906701708277,0.0
1541,Roads & Highways,Ministry of Road Transport & Highways,618047,"Widening, Reconstruction & Up-gradation to 2 lane with Paved Shoulder/Four Lane configuration for the work of Ahmednagar to Sabalkhed & Ashti to Chinchpur Section of NH-561 from Design km 2915 to km 37728 & Design km 55100 to km 70000 in the State of Maharashtra on EPC mode. Length 49.713 km",657,,0.0,89,1168.0,2.1245722108145104,0.6643835616438356,-22.561643835616437,0.0,0.0,2024.0,3.0,4.0,0.3609154929577465,0.7329192546583851,0.3609154929577465,0.7329192546583851,,,0.0,0.0
1542,Roads & Highways,Ministry of Road Transport & Highways,618138,"Widening, Reconstruction & Up-gradation to 2 lane with Paved Shoulder/Four Lane configuration for the work of Sautada to Shirapur Section of NH-561 from Design km 86300 to km 125589 in the state of Maharashtra on EPC mode. Design length 39.289 km",350,,0.0,54,964.0,2.1245722108145104,0.8049792531120332,26.497925311203318,0.0,0.0,2024.0,3.0,2.0,0.3609154929577465,0.7329192546583851,0.3609154929577465,0.7329192546583851,,,0.0,0.0
1543,Roads & Highways,Ministry of Road Transport & Highways,618708,Widening/Development of Existing NH-85 from Km 0.000 to Km 124.636 section to 2L/LPS section in the state of Kerala on EPC Mode under Bharatmala Pariyojana,1187,1265.47,782.54,82,1017.0,3.6303901437371664,1.303834808259587,48.383480825958685,0.6592586352148273,9.428192771084337,2022.0,9.0,7.0,0.35978835978835977,0.7318840579710145,0.35978835978835977,0.7318840579710145,6.6107834877843334,1.0,21.156373193166885,1.0
1544,Roads & Highways,Ministry of Road Transport & Highways,618298,Widening/Improvement of existing 2-Lane road to 4-Lane Divided Highway from Sekmai to Nilakuthi section of Imphal-Kohima Road Design Chainage from Km 297700 to Km 308729 of NH-39 New NH-02 in state of Manipur on EPC mode Pkg-5B,212,,272.3,95,662.0,5.084188911704312,2.805135951661631,185.5135951661631,1.284433962264151,2.8364583333333333,2021.0,3.0,0.0,0.3609154929577465,0.7318840579710145,0.3609154929577465,0.7318840579710145,,,43.00262812089356,1.0
1545,Roads & Highways,Ministry of Road Transport & Highways,618301,Widening/Improvement of existing 2-lane to 4-Lane Divided Highway from Kuraopokpi to Sekmai section of Imphal-Kohima Road Design Ch. km 287.00 to 297.700 of NH-39 New NH-02 in state of Manipur on EPC mode Pkg-5A,229,,143.26,48,2186.0,5.6591375770020536,0.9455626715462031,46.556267154620315,0.625589519650655,2.923673469387755,2020.0,9.0,1.0,0.3609154929577465,0.7318840579710145,0.3609154929577465,0.7318840579710145,,,4.139290407358739,1.0
1546,Roads & Highways,Ministry of Road Transport & Highways,618306,"Widening/Improvement to 2 lane with earthen shoulder of Choithar to Marrem Khullen section of NH-202 of Imphal Ukhrul Jessami Economic Corridor from Design Chainage km 53.110 to km 95.700 in the State of Manipur on EPC mode under Bharatmala Pariyojana, under NHO-NE Package-5",564,,173.58,14,1461.0,3.082819986310746,0.7707049965776865,63.07049965776865,0.3077659574468085,11.572000000000001,2023.0,3.0,3.0,0.3609154929577465,0.7318840579710145,0.3609154929577465,0.7318840579710145,,,5.026281208935611,1.0
1547,Roads & Highways,Ministry of Road Transport & Highways,618304,"Widening/Improvement to 2 Lane with earthen shoulder of Jessami to Laynen bridge Nagaland border section of NH-29 of Imphal -Ukhrul - Jessami Economic Corridor from km 0.000 to km 11.009 in the State of Manipur on EPC mode under Bharatmala Pariyojana, under NHO-NE Package-7",165,,128.92,28,1183.0,3.082819986310746,0.9518174133558749,67.18174133558749,0.7813333333333332,4.44551724137931,2023.0,3.0,0.0,0.3609154929577465,0.7318840579710145,0.3609154929577465,0.7318840579710145,,,7.424441524310118,1.0
1548,Roads & Highways,Ministry of Road Transport & Highways,618305,Widening/Improvement to 2 lane with earthen shoulder of Marrem Khullen to Jessami section of NH-202 of Imphal - Ukhrul - Jessami Economic Corridor from Design Chainage km 95.700 to km 140.180 in the State of Manipur on EPC mode under Bharatmala Pariyojana under NHO-NE Package-6,555,,225.73,26,1349.0,3.0882956878850103,0.8361749444032617,57.61749444032617,0.4067207207207207,8.36037037037037,2023.0,3.0,3.0,0.3609154929577465,0.7318840579710145,0.3609154929577465,0.7318840579710145,,,7.818659658344283,1.0
1549,Roads & Highways,Ministry of Road Transport & Highways,618303,Widening/Improvement to 2-lane with earthen shoulder of Yaingangpokpi - Finch corner road section of NH-202 from Km 0.000 to Km 16.900 of NH-202 in the state of Manipur on EPC mode Package-1,223,,140.9,89,839.0,6.1300479123887746,2.66865315852205,177.86531585220501,0.6318385650224215,1.5655555555555556,2020.0,3.0,0.0,0.3609154929577465,0.7318840579710145,0.3609154929577465,0.7318840579710145,,,50.03285151116951,1.0
1550,Roads & Highways,Ministry of Road Transport & Highways,618302,Widening/Improvement to 2-lane with earthen shoulder of Yaingangpokpi - Finch corner road section of NH-202 from Km 16.900 to Km 30.970 of NH-202 in the state of Manipur on EPC mode Package-2,256,,195.0,98,839.0,6.1300479123887746,2.66865315852205,168.86531585220501,0.76171875,1.9696969696969697,2020.0,3.0,1.0,0.3609154929577465,0.7318840579710145,0.3609154929577465,0.7318840579710145,,,49.73718791064389,1.0
1551,Roads & Highways,Ministry of Road Transport & Highways,618371,"Widening/Improvement to 4-Lane with Paved Shoulder configuration of existing single lane road from Srirampur near Bhairiguri Village to Kachukhana Harichara Paglagaunj Package-I of Srirampur - Dhubri Section of NH-127B from existing Km 0.000 to Km 28.050 Design Km 0.000 to Km 27.650, Design Length27.650 Km under JICA ODA Loan assistance Phase-V -Balance work",614,,384.6,90,1720.0,4.136892539356605,0.8784883720930232,-2.1511627906976827,0.6263843648208469,4.2263736263736265,2022.0,3.0,4.0,0.3609154929577465,0.7329192546583851,0.3609154929577465,0.7329192546583851,,,0.0,0.0
1552,Roads & Highways,Ministry of Road Transport & Highways,618287,"Widening/Improvement to 4-Lane with paved Shoulder from Ch. 25.633 Km to Ch. 52.470 Km Design Ch. 21.850 Km to Ch.48.670 Km for Package-2 of Bilasipura- Guwahati road NH-17 Section Near Mowatari, before Chapar Bypass to Tulungia junction with NH-17 in the state of Assam on HAM mode under NHO-NE Package-2",1339,,199.15,12,1281.0,2.414784394250513,0.6885245901639344,56.85245901639344,0.14873039581777447,15.319230769230769,2023.0,11.0,7.0,0.3609154929577465,0.7329192546583851,0.3609154929577465,0.7329192546583851,,,0.0,0.0
1553,Roads & Highways,Ministry of Road Transport & Highways,618326,Widening/Improvement to 4-Lane with Paved Shoulder from KM 38500 to Km 51246 Design Chainage 38500 to 50959 with proposed Daboka Bypass of Daboka-Parokhaowa of NH 29 on EPC under NHO-NE Package-1,517,,322.98,100,1059.0,3.3155373032169746,1.1435316336166195,14.353163361661942,0.6247195357833656,3.197821782178218,2023.0,1.0,3.0,0.3609154929577465,0.7318840579710145,0.3609154929577465,0.7318840579710145,,,6.83311432325887,1.0
1554,Roads & Highways,Ministry of Road Transport & Highways,618359,Widening/Improvement to 4-Lane with Paved Shoulder from km 55000 Nagabang Gamsuk to km 82514 Oyan in the State of Assam and Arunachal Pradesh on EPC mode under Bharatmala Pariyojna of Length 27.514 Km Package-3,665,,380.59,97,1447.0,3.082819986310746,0.7781617138908086,-19.183828610919136,0.5723157894736842,3.8835714285714285,2023.0,3.0,4.0,0.3609154929577465,0.7329192546583851,0.3609154929577465,0.7329192546583851,,,0.0,0.0
1555,Roads & Highways,Ministry of Road Transport & Highways,618340,Widening/Improvement to 4-Lane with Paved Shoulder from km 626030 Nalani hulla Gaon to km 650450 Chotahapjan on existing Tinsukhia -Makum Bypass of NH-15 OLD NH-37 and Strengthening of existing NH-315 OLD NH-38 from Km 0000 Chotahapjan to Km 16900 Bogapani section 2-Lane PS in Assam on EPCMode under NHO-NE Package-3,459,,261.02,89,865.0,3.3210130047912387,1.4023121387283237,51.23121387283237,0.5686710239651416,2.900222222222222,2023.0,1.0,3.0,0.3609154929577465,0.7318840579710145,0.3609154929577465,0.7318840579710145,,,17.47700394218134,1.0
1556,Roads & Highways,Ministry of Road Transport & Highways,618284,Widening/Improvement to 4-Lane with paved shoulder from Km 99930 to Km 143680 Design Chainage 96000 to 139750 of Paikan to Dhupdhara Sahar of Bilasipura-Guwahati Road on NH-17 in the state of Assam on EPC mode under Bharatmala Pariyojana in Economic Corridors Project Length 43.750km under NHO-NE Package-8,1458,,962.73,86,1390.0,3.1485284052019167,0.8273381294964028,-3.2661870503597186,0.6603086419753087,11.065862068965517,2023.0,3.0,8.0,0.3609154929577465,0.7329192546583851,0.3609154929577465,0.7329192546583851,,,-0.0328515111695138,0.0
1557,Roads & Highways,Ministry of Road Transport & Highways,618313,Widening/lmprovement of Existing 2 lane to 4-Laning of Karimganj-Silchar section of NH-37 from Design Ch 0.000 near Silchar ISBT to Design Ch 15.970 near Kalinagar Pt I on NH-37 in Assam on HAM Mode Pkg-1,1182,,178.62,41,1285.0,2.135523613963039,0.6070038910505836,19.700389105058363,0.15111675126903554,4.252857142857143,2024.0,3.0,6.0,0.3609154929577465,0.7329192546583851,0.3609154929577465,0.7329192546583851,,,0.0,0.0
1558,Roads & Highways,Ministry of Road Transport & Highways,618310,Widening/lmprovement to 4-L of Karimgani - sutarkandi section of NH 37 from design Ch 0020 Start of proposed Karimganj Bypass from NH -8 to design Chainage Km 14380 near Sutarkandi Spur Connectivity to Indo/Bangladesh Border on Silchar-Churaibari in the State of Assam on HAM Mode Package-7,792,,135.54,42,1096.0,2.1683778234086244,0.7226277372262774,30.262773722627742,0.17113636363636361,3.152093023255814,2024.0,2.0,5.0,0.3609154929577465,0.7329192546583851,0.3609154929577465,0.7329192546583851,,,0.0,0.0
1559,Roads & Highways,Ministry of Road Transport & Highways,618311,Widening/lmprovement to 4-Lane with Paved shoulder for existing as well as Greenfield alignment of Badarpur Churaibari section of NH-8 from Design chainage 87.700 Chandkhira to Km. 106.500 Churaibari section Assam-Tripura border in the state of Assam on HAM Mode Package-6,870,,158.08,41,1098.0,2.1546885694729636,0.7167577413479053,30.67577413479053,0.18170114942528737,3.763809523809524,2024.0,3.0,5.0,0.3609154929577465,0.7329192546583851,0.3609154929577465,0.7329192546583851,,,0.0,0.0
1560,Roads & Highways,Ministry of Road Transport & Highways,618288,"Widening/lmprovement to 4-Lane with Paved Shoulder from Ch.5.580 Km to Ch.25.633 Km Design Ch.0.000 Km to Ch.17.737km Km 901.100 to Km 921.145 of old NH-31 of Bilasipara- Guwahati road NH-17 Section Near Chirakuta to near Mowatari, before Chapar Bypass in the state ol Assam on HAM mode Package-1",1081,,163.12,35,1274.0,2.2258726899383983,0.6381475667189953,28.81475667189953,0.1508973172987974,4.5311111111111115,2024.0,2.0,6.0,0.3609154929577465,0.7329192546583851,0.3609154929577465,0.7329192546583851,,,0.0,0.0
1561,Roads & Highways,Ministry of Road Transport & Highways,618312,Widening/lmprovement to 4-Lane with Paved Shoulder from existing road and Greenfield alignment form Design Ch. 62.800 start of proposed Nilambazar/Cheragi Bypass to Design Ch. 87.700 near Chandkhira Village of NH-8 on Silchar-Churaibari in the state of Assam on HAM Mode Package-5,1258,,186.86,14,1334.0,2.1711156741957565,0.5944527736131934,45.445277361319334,0.1485373608903021,12.457333333333334,2024.0,2.0,7.0,0.3609154929577465,0.7329192546583851,0.3609154929577465,0.7329192546583851,,,0.0,0.0
1562,Roads & Highways,Ministry of Road Transport & Highways,618309,Widening/lmprovement to 4-Laning and Greenfield alignment with Paved shoulder of Silchar-Badarpur Churaibari section of NH-37 & NH-8 from Design chainage 38.600 End point of proposed Badarpur Bypass to Km. 62.800 Start point of proposed Nilambazar/Cheragi Bypass in the state of Assam on HAM Mode Package-4,1320,,185.17,23,1267.0,2.1683778234086244,0.6250986582478295,39.50986582478295,0.14028030303030303,7.715416666666666,2024.0,2.0,7.0,0.3609154929577465,0.7329192546583851,0.3609154929577465,0.7329192546583851,,,0.0,0.0
1563,Roads & Highways,Ministry of Road Transport & Highways,618267,Widening/Upgradation to four lane configuration of Shahjahanpur-Bisalpur section from km 0.00 to km 47.026 of NH-731K on Hybrid Annuity Mode in the state of Uttar Pradesh.,1590,,0.0,0,1872.0,3.0937713894592744,0.6036324786324786,60.36324786324786,0.0,0.0,2023.0,3.0,8.0,0.3609154929577465,0.7329192546583851,0.3609154929577465,0.7329192546583851,,,0.0,0.0
1564,Roads & Highways,Ministry of Road Transport & Highways,617916,Work of 6 laning/Construction of elevated corridor from km 0/0 to 10/170 Narol Junction to Sarkhej junction including 4 lane Shastri Bridge on Sabarmati river on NH 47 in the State of Gujarat on HAM mode,1295,,0.0,35,1436.0,2.135523613963039,0.5431754874651811,19.317548746518106,0.0,0.0,2024.0,3.0,7.0,0.3609154929577465,0.7329192546583851,0.3609154929577465,0.7329192546583851,,,0.0,0.0
1565,Roads & Highways,Ministry of Road Transport & Highways,617976,Work of development and construction of elevated corridorfrom km 38/660 to km 42/690 Iscon junction to start point of approach of sanand flyover of NH-147 in the sate of Gujarat,530,,58.29,90,1179.0,3.0937713894592744,0.9584393553859203,5.843935538592035,0.1099811320754717,0.6405494505494506,2023.0,3.0,3.0,0.3609154929577465,0.7329192546583851,0.3609154929577465,0.7329192546583851,,,2.923784494086728,0.0
1566,Roads & Highways,Ministry of Road Transport & Highways,618171,"Work of Upgradation of Jirapur-Pachore Road including Pachore, Jirapur, Chhapiheda & Khujner Bypasses from 0000 to 58790 Design Length 58.79 Km section of NH-752C to 2LPS in the State of Madhya Pradesh under EPC mode",353,,98.96,57,1406.0,4.136892539356605,1.0746799431009957,50.46799431009957,0.2803399433427762,1.706206896551724,2022.0,3.0,2.0,0.3609154929577465,0.7318840579710145,0.3609154929577465,0.7318840579710145,,,11.498028909329829,1.0
1567,Roads & Highways,Ministry of Road Transport & Highways,619138,Yekkambi-Haveri,295,309.9,94.8,25,889.0,4.5804243668720055,1.8818897637795275,163.18897637795274,0.3213559322033898,3.646153846153846,2021.0,9.0,1.0,0.35978835978835977,0.7318840579710145,0.35978835978835977,0.7318840579710145,5.050847457627111,1.0,47.76609724047306,1.0
1568,Shipping,"Ministry of Ports, Shipping and Waterways",701574,Deepening and Optimization of Inner Harbour facilities including development of Western Dock on BOT basis to handle Cape size vessels,3005,,2261.12,76,2048.0,3.9370294318959616,0.7021484375,-5.78515625,0.7524525790349418,29.365194805194804,2022.0,5.0,6.0,1.0,1.0,0.6666666666666666,0.75,,,9.526938239159001,1.0
1569,Shipping,"Ministry of Ports, Shipping and Waterways",609424,"Development of Container Terminal at Tuna-Tekra, Deendayal Port on BOT Basis Under PPP Mode",4244,,2737.7,60,1604.0,3.5236139630390144,0.8023690773067331,20.23690773067331,0.6450754005655042,44.880327868852454,2022.0,10.0,9.0,1.0,1.0,0.6666666666666666,0.75,,,6.603153745072273,1.0
1570,Shipping,"Ministry of Ports, Shipping and Waterways",617804,Mechanization of Berth No.14 for handling Containers and other cargo on DBFOT basis - Phase II,153,,97.45,95,1186.0,2.329911019849418,0.7175379426644182,-23.246205733558185,0.6369281045751635,1.0151041666666667,2023.0,12.0,0.0,1.0,1.0,0.6666666666666666,0.8,,,,
1571,Shipping,"Ministry of Ports, Shipping and Waterways",701570,"Replacement and revamping of pipeline projects in oil jetty area, Kandla",171,211.61,149.5,92,730.0,4.5804243668720055,2.291780821917808,137.17808219178082,0.8742690058479532,1.60752688172043,2021.0,9.0,3.0,0.4309978768577495,1.0,0.5,0.75,23.748538011695913,1.0,18.00262812089356,1.0
1572,Steel,Ministry of Steel,400121,"Construction of Screening Plant-II for Donimalai and Kumaraswamy Iron Ore Mining Complex of NMDC Limited at Ballari Dt, Karnataka.",1044,,649.52,70,4288.0,11.419575633127995,0.972714552238806,27.271455223880594,0.6221455938697318,9.148169014084507,2014.0,11.0,7.0,1.0,0.75,0.75,0.6923076923076923,,,,
1573,Steel,Ministry of Steel,589703,Implementation of Treatment System-2 Under ZLD at RSP,216,,134.29,90,586.0,1.1854893908281998,0.7389078498293515,-16.10921501706484,0.621712962962963,1.4757142857142855,2025.0,2.0,2.0,1.0,0.75,0.75,0.6923076923076923,,,,
1574,Steel,Ministry of Steel,505491,Installation of 140 TPH Walking Beam type Reheating Furnace in Plate Mill at BSP,268,,0.0,0,777.0,0.2080766598220397,0.0978120978120978,9.78120978120978,0.0,0.0,2026.0,2.0,3.0,1.0,0.75,0.75,0.6923076923076923,,,,
1575,Steel,Ministry of Steel,617242,Installation of New Bar Mill at Durgapur Steel Plant,2115,,935.57,68,1086.0,1.8069815195071868,0.6077348066298343,-7.226519337016576,0.4423498817966903,13.558985507246378,2024.0,7.0,8.0,1.0,0.75,0.75,0.6923076923076923,,,,
1576,Steel,Ministry of Steel,635651,"New Product Testing Laboratory for NPM, SPP & NHSM at RSP",155,,56.24,72,817.0,0.9007529089664613,0.40269277845777235,-31.730722154222768,0.3628387096774194,0.7704109589041096,2025.0,6.0,0.0,1.0,0.75,0.75,0.6923076923076923,,,,
1577,Steel,Ministry of Steel,400174,"New Sinter Plant at BSL, SAIL",1034,1752.3,1028.11,64,4598.0,11.085557837097879,0.8806002609830361,24.06002609830361,0.9943036750483558,15.817076923076922,2015.0,3.0,6.0,1.0,0.8181818181818182,0.6666666666666666,0.75,69.46808510638297,1.0,-4.040735873850197,0.0
1578,Steel,Ministry of Steel,706811,NMDC Slurry Pipeline Project Phase-1,2907,5427.0,3649.08,96,2789.0,10.469541409993155,1.3711007529580495,41.11007529580493,1.2552734778121775,37.61938144329897,2015.0,11.0,9.0,1.0,0.7272727272727273,0.6666666666666666,0.6666666666666666,86.687306501548,1.0,37.516425755584756,1.0
1579,Steel,Ministry of Steel,612781,Rebuilding of COB 4 at Durgapur Steel Plant,917,,244.78,37,1480.0,2.6338124572210813,0.65,28.0,0.26693565976008726,6.441578947368421,2023.0,9.0,5.0,1.0,0.8181818181818182,0.75,0.75,,,0.0,0.0
1580,Steel,Ministry of Steel,617257,Rebuilding of Coke Oven Battery No.6 at Bokaro Steel Plant,627,,347.42,68,1096.0,2.455852156057495,0.8184306569343066,13.84306569343066,0.5540988835725678,5.035072463768116,2023.0,11.0,4.0,1.0,0.7272727272727273,0.75,0.6666666666666666,,,12.483574244415243,1.0
1581,Steel,Ministry of Steel,617256,Rebuilding of Coke Oven Battery No.7 & 8 at Bhilai Steel Plant,884,,693.83,95,701.0,2.414784394250513,1.2582025677603423,30.820256776034228,0.7848755656108598,7.2273958333333335,2023.0,11.0,5.0,1.0,0.7272727272727273,0.75,0.6666666666666666,,,10.972404730617608,1.0
1582,Steel,Ministry of Steel,617255,"Replacement of Converter Vessels, Trunnion Rings, Support System & Installation of Secondary Emission at Bhilai Steel Plant",472,,266.11,74,957.0,2.4969199178644765,0.9529780564263323,21.29780564263322,0.563792372881356,3.5481333333333334,2023.0,10.0,3.0,1.0,0.7272727272727273,0.75,0.6666666666666666,,,3.54796320630749,1.0
1583,Steel,Ministry of Steel,617249,Replacement of existing Grinders in CRM-I & II at Bokaro Steel Plant,212,,60.6,62,737.0,1.273100616016427,0.6309362279511533,1.093622795115337,0.2858490566037736,0.9619047619047619,2025.0,1.0,1.0,1.0,0.75,0.75,0.6923076923076923,,,,
1584,Steel,Ministry of Steel,617243,Replacement of Hot Leveller No.1 of Plate Mill at Bhilai Steel Plant,199,,129.25,83,733.0,1.7604380561259412,0.8772169167803547,4.721691678035469,0.6494974874371859,1.5386904761904763,2024.0,7.0,1.0,1.0,0.75,0.75,0.6923076923076923,,,,
1585,Steel,Ministry of Steel,617254,Replacement of remaining 04 sets of Battery Cyclones with 04 Nos. of ESPs in Sinter Plant-1 at Bokaro Steel Plant,260,,127.53,53,823.0,2.088980150581793,0.9270959902794653,39.70959902794654,0.4905,2.361666666666667,2024.0,3.0,3.0,1.0,0.7272727272727273,0.75,0.6666666666666666,,,10.019710906701707,1.0
1586,Steel,Ministry of Steel,617251,Revamping of Air Pollution Control Systems of SP-1 at Durgapur Steel Plant,196,,65.74,35,685.0,1.8015058179329226,0.9605839416058394,61.058394160583944,0.3354081632653061,1.826111111111111,2024.0,7.0,0.0,1.0,0.7272727272727273,0.75,0.6666666666666666,,,7.1616294349540075,1.0
1587,Steel,Ministry of Steel,709826,SCREENING PLANT-III AT KIRANDUL,2719,3062.39,1754.7,83,6209.0,17.242984257357975,1.014334031244967,18.433403124496692,0.6453475542478853,20.889285714285716,2009.0,1.0,9.0,1.0,0.7272727272727273,0.6666666666666666,0.6666666666666666,12.629275468922394,1.0,17.936925098554532,1.0
1588,Steel,Ministry of Steel,617250,Secondary Emission Control in Converters of SMS-II at Bokaro Steel Plant,207,,103.47,56,643.0,1.273100616016427,0.7231726283048211,16.317262830482107,0.4998550724637681,1.815263157894737,2025.0,1.0,1.0,1.0,0.7272727272727273,0.75,0.6666666666666666,,,6.14323258869908,1.0
1589,Steel,Ministry of Steel,425828,Stamp Charge Battery No.12 Coke Dry Cooling Plant at IISCO Steel Plant,707,,132.26,12,1285.0,1.264887063655031,0.3595330739299611,23.95330739299611,0.18707213578500706,10.173846153846153,2025.0,1.0,4.0,1.0,0.75,0.75,0.6923076923076923,,,,
1590,Steel,Ministry of Steel,617338,Stamp Charge Battery No.12 Battery Proper at IISCO Steel Plant,2518,,472.41,28,1277.0,1.273100616016427,0.36413469068128423,8.413469068128421,0.1876131850675139,16.29,2025.0,1.0,8.0,1.0,0.75,0.75,0.6923076923076923,,,,
1591,Steel,Ministry of Steel,364934,Stamp Charge Battery No.12 By-product Plant at IISCO Steel Plant,999,,70.37,19,1285.0,1.264887063655031,0.3595330739299611,16.95330739299611,0.07044044044044044,3.5185000000000004,2025.0,1.0,6.0,1.0,0.75,0.75,0.6923076923076923,,,,
1592,Steel,Ministry of Steel,834015,Stamp Charge Battery No.12 By-product Plant at RSP,1140,,207.56,23,1301.0,1.6427104722792607,0.4611837048424289,23.118370484242888,0.1820701754385965,8.648333333333333,2024.0,9.0,7.0,1.0,0.75,0.75,0.6923076923076923,,,,
1593,Steel,Ministry of Steel,738679,Stamp Charge Battery No.7 Battery Proper at RSP,2584,,1182.92,54,1301.0,1.6427104722792607,0.4611837048424289,-7.881629515757112,0.45778637770897834,21.507636363636365,2024.0,9.0,9.0,1.0,0.75,0.75,0.6923076923076923,,,,
1594,Steel,Ministry of Steel,478482,Stamp Charge Battery No.7 Coke Dry Cooling Plant at RSP,1065,,73.91,0,936.0,0.2245037645448323,0.0876068376068376,8.76068376068376,0.06939906103286385,73.91,2026.0,2.0,7.0,1.0,0.75,0.75,0.6923076923076923,,,,
1595,Steel,Ministry of Steel,944288,Super accelerated cooling system (Uniform Cooling) for high strength plates in Plate Mill at BSP,192,,63.8,48,574.0,0.9007529089664613,0.573170731707317,9.317073170731703,0.33229166666666665,1.3020408163265305,2025.0,6.0,0.0,1.0,0.75,0.75,0.6923076923076923,,,,
1596,Steel,Ministry of Steel,617248,Third Ladle Furnace in Secondary Refinery Unit at IISCO Steel Plant,228,,111.44,75,608.0,1.4510609171800137,0.8717105263157895,12.171052631578945,0.4887719298245614,1.4663157894736842,2024.0,11.0,2.0,1.0,0.7272727272727273,0.75,0.6666666666666666,,,4.467805519053877,1.0
1597,Steel,Ministry of Steel,617246,Up-gradation of Blast Furnace No. 3 at Durgapur Steel Plant,758,,316.01,62,1147.0,1.6372347707049966,0.5213600697471665,-9.86399302528335,0.41689973614775727,5.016031746031746,2024.0,9.0,5.0,1.0,0.8181818181818182,0.75,0.75,,,0.0,0.0
1598,Telecommunication,Department of Telecommunications,701593,4G Services by BSNL,28466,19592.0,9165.04,99,1246.0,5.492128678986996,1.609951845906902,61.9951845906902,0.32196444881613157,91.6504,2020.0,11.0,9.0,0.0,0.9090909090909091,0.0,0.9090909090909091,-31.174032178739548,0.0,23.98160315374507,1.0
1599,Telecommunication,Department of Telecommunications,704495,"502 Aspirational District Scheme in Four states - Bihar, Madhya Pradesh, Rajastha and Uttar Pradesh",422,228.94,152.96,100,814.0,6.351813826146475,2.85012285012285,185.01228501228502,0.36246445497630336,1.5144554455445545,2019.0,12.0,0.0,0.0,0.9090909090909091,0.0,0.9090909090909091,-45.74881516587678,0.0,51.18265440210249,1.0
1600,Telecommunication,Department of Telecommunications,976009,"Amended BharatNet Program - ARP, NGL, MNP",1168,,123.28,1,1787.0,2.737850787132101,0.5595970900951315,54.95970900951315,0.10554794520547946,61.64,2023.0,8.0,2.0,0.0,0.9166666666666666,0.0,0.9166666666666666,,,,
1601,Telecommunication,Department of Telecommunications,240484,Amended BharatNet Program - AS,832,,83.16,0,2059.0,2.737850787132101,0.48567265662943176,48.56726566294318,0.09995192307692308,83.16,2023.0,8.0,1.0,0.0,0.9166666666666666,0.0,0.9166666666666666,,,,
1602,Telecommunication,Department of Telecommunications,914467,Amended BharatNet Program - BR,1550,,222.77,18,1681.0,2.737850787132101,0.594883997620464,41.4883997620464,0.1437225806451613,11.724736842105264,2023.0,8.0,4.0,0.0,0.9166666666666666,0.0,0.9166666666666666,,,,
1603,Telecommunication,Department of Telecommunications,476006,Amended BharatNet Program - HP,1292,,148.93,23,1665.0,2.737850787132101,0.6006006006006006,37.06006006006006,0.11527089783281734,6.205416666666667,2023.0,8.0,3.0,0.0,0.9166666666666666,0.0,0.9166666666666666,,,,
1604,Telecommunication,Department of Telecommunications,124199,Amended BharatNet Program - HR,837,,83.68,0,2059.0,2.737850787132101,0.48567265662943176,48.56726566294318,0.09997610513739547,83.68,2023.0,8.0,2.0,0.0,0.9166666666666666,0.0,0.9166666666666666,,,,
1605,Telecommunication,Department of Telecommunications,437130,"Amended BharatNet Program - J&K, LAD",1621,,170.05,8,1772.0,2.737850787132101,0.5643340857787811,48.43340857787811,0.10490438001233807,18.894444444444446,2023.0,8.0,4.0,0.0,0.9166666666666666,0.0,0.9166666666666666,,,,
1606,Telecommunication,Department of Telecommunications,660056,Amended BharatNet Program - KL,765,,94.95,2,1777.0,2.737850787132101,0.5627462014631401,54.274620146314014,0.12411764705882353,31.650000000000002,2023.0,8.0,1.0,0.0,0.9166666666666666,0.0,0.9166666666666666,,,,
1607,Telecommunication,Department of Telecommunications,108841,"Amended BharatNet Program - KTK, GOA, PY",3742,,435.31,8,1778.0,2.737850787132101,0.562429696287964,48.2429696287964,0.11633083912346338,48.367777777777775,2023.0,8.0,7.0,0.0,0.9166666666666666,0.0,0.9166666666666666,,,,
1608,Telecommunication,Department of Telecommunications,462136,"Amended BharatNet Program - MGH, MZM, TRP",768,,0.0,0,2077.0,2.737850787132101,0.4814636494944632,48.146364949446316,0.0,0.0,2023.0,8.0,1.0,0.0,0.9166666666666666,0.0,0.9166666666666666,,,,
1609,Telecommunication,Department of Telecommunications,175860,"Amended BharatNet Program - MP, DD and DNH",4943,,562.13,8,1810.0,2.9048596851471595,0.5861878453038674,50.61878453038673,0.11372243576775237,62.458888888888886,2023.0,6.0,7.0,0.0,0.9166666666666666,0.0,0.9166666666666666,,,,
1610,Telecommunication,Department of Telecommunications,317725,Amended BharatNet Program - OD,1713,,0.0,0,2158.0,2.737850787132101,0.4633920296570899,46.33920296570899,0.0,0.0,2023.0,8.0,5.0,0.0,0.9166666666666666,0.0,0.9166666666666666,,,,
1611,Telecommunication,Department of Telecommunications,171218,Amended BharatNet Program - PB,1245,,0.0,27,1659.0,2.737850787132101,0.6027727546714888,33.27727546714888,0.0,0.0,2023.0,8.0,3.0,0.0,0.9166666666666666,0.0,0.9166666666666666,,,,
1612,Telecommunication,Department of Telecommunications,938832,Amended BharatNet Program - RJ,2839,,283.93,0,2059.0,2.737850787132101,0.48567265662943176,48.56726566294318,0.10001056710109194,283.93,2023.0,8.0,6.0,0.0,0.9166666666666666,0.0,0.9166666666666666,,,,
1613,Telecommunication,Department of Telecommunications,946208,Amended BharatNet Program - SKM,160,,0.0,0,2134.0,2.737850787132101,0.46860356138706655,46.860356138706656,0.0,0.0,2023.0,8.0,0.0,0.0,0.9166666666666666,0.0,0.9166666666666666,,,,
1614,Telecommunication,Department of Telecommunications,665021,Amended BharatNet Program - UKD,1821,,209.87,21,1749.0,2.737850787132101,0.5717552887364208,36.17552887364208,0.11524986271279516,9.539545454545454,2023.0,8.0,5.0,0.0,0.9166666666666666,0.0,0.9166666666666666,,,,
1615,Telecommunication,Department of Telecommunications,222253,Amended BharatNet Program - UP (East),5008,,502.0,8,1660.0,2.737850787132101,0.6024096385542169,52.24096385542169,0.10023961661341853,55.77777777777778,2023.0,8.0,8.0,0.0,0.9166666666666666,0.0,0.9166666666666666,,,,
1616,Telecommunication,Department of Telecommunications,708687,Amended BharatNet Program - UP (West),1917,,0.0,7,1660.0,2.737850787132101,0.6024096385542169,53.24096385542169,0.0,0.0,2023.0,8.0,6.0,0.0,0.9166666666666666,0.0,0.9166666666666666,,,,
1617,Telecommunication,Department of Telecommunications,210914,Amended BharatNet Program - WB & ANI,1674,,223.41,15,1665.0,2.737850787132101,0.6006006006006006,45.06006006006006,0.13345878136200717,13.963125,2023.0,8.0,5.0,0.0,0.9166666666666666,0.0,0.9166666666666666,,,,
1618,Telecommunication,Department of Telecommunications,706775,BharatNet,61109,12709.0,48809.7,100,2234.0,8.780287474332649,1.4355416293643688,43.55416293643688,0.7987317743703873,483.26435643564355,2017.0,7.0,9.0,0.0,1.0,0.0,1.0,-79.20273609451964,0.0,-53.022339027595265,0.0
1619,Telecommunication,Department of Telecommunications,547243,BharatNet Phase-II,22175,,20691.7,93,2142.0,8.780287474332649,1.4971988795518207,56.71988795518206,0.933109357384442,220.1244680851064,2017.0,7.0,8.0,0.0,0.9166666666666666,0.0,0.9166666666666666,,,,
1620,Telecommunication,Department of Telecommunications,617413,Mobile connectivity in Left Wing Extremism [LWE] affected areas-Phase 1 Upgradation,1885,,376.8,99,1107.0,4.008213552361396,1.3224932249322494,33.24932249322495,0.19989389920424402,3.7680000000000002,2022.0,4.0,6.0,0.0,0.9090909090909091,0.0,0.9090909090909091,,,19.776609724047304,1.0
1621,Telecommunication,Department of Telecommunications,701599,Mobile connectivity in Left Wing Extremism [LWE] affected areas-Phase2,1578,604.6,492.2,90,1773.0,7.9370294318959616,1.6350817822899042,73.50817822899043,0.31191381495564,5.408791208791208,2018.0,5.0,4.0,0.0,0.9090909090909091,0.0,0.9090909090909091,-61.68567807351077,0.0,43.29829172141918,1.0
1622,Telecommunication,Department of Telecommunications,709856,MPLS-IP BASED ACCESS AND AGGREGATION NETWORK [MAAN] IN BSNL ALONG WITH TEST AND MEASURING EQUIPMENT,645,,407.9,92,458.0,2.915811088295688,2.3253275109170306,140.53275109170306,0.6324031007751938,4.386021505376344,2023.0,5.0,0.0,0.0,0.9090909090909091,0.0,0.9090909090909091,,,23.98160315374507,1.0
1623,Telecommunication,Department of Telecommunications,709857,"Planning, Engineering, Supply, Installation, Testing, Commissioning, Integration & Annual Maintenance of 4G mobile network at 1 Lakh sites on PAN India basis including Mumbai & Delhi LSA on turnkey basis under Phase IX.2 Project.",24545,,9165.89,99,775.0,2.9787816563997263,1.4038709677419354,41.38709677419354,0.37343206355673253,91.65889999999999,2023.0,5.0,8.0,0.0,0.9090909090909091,0.0,0.9090909090909091,,,15.308804204993429,1.0
1624,Telecommunication,Department of Telecommunications,701602,"Provision of 4G based mobile services in 7,287 uncovered villages of 44 Aspirational District across 5 states of Andhra Pradesh, Chhattisgarh, Jharkhand, Maharashtra & Odisha",3685,1448.61,1108.02,81,732.0,4.4490075290896645,2.219945355191257,140.9945355191257,0.30068385345997284,13.512439024390243,2021.0,11.0,7.0,0.0,0.9090909090909091,0.0,0.9090909090909091,-60.68900949796473,0.0,37.844940867279895,1.0
1625,Telecommunication,Department of Telecommunications,701598,Provision of 4G based Mobile Services in Uncovered Villages and National Highways of Meghalaya,972,180.46,167.23,100,896.0,6.611909650924025,2.6953125,169.53125,0.17204732510288065,1.6557425742574257,2019.0,9.0,2.0,0.0,0.9090909090909091,0.0,0.9090909090909091,-81.43415637860082,0.0,51.905387647831795,1.0
1626,Telecommunication,Department of Telecommunications,701597,Provision of 4G Mobile Services in Uncovered Villages of Arunachal Pradesh and 2 Districts of Assam,1255,276.62,237.98,100,872.0,5.388090349075975,2.256880733944954,125.6880733944954,0.18962549800796813,2.356237623762376,2020.0,12.0,3.0,0.0,0.9090909090909091,0.0,0.9090909090909091,-77.95856573705179,0.0,41.03153745072273,1.0
1627,Telecommunication,Department of Telecommunications,400013,Saturation 4G mobile coverage of Uncovered Villages through USOF,26316,15392.8,8722.82,88,694.0,3.759069130732375,1.978386167146974,109.8386167146974,0.3314645082839337,98.00921348314607,2022.0,7.0,9.0,0.0,0.9090909090909091,0.0,0.9090909090909091,-41.507827937376504,0.0,33.31143232588699,1.0
1628,Telecommunication,Department of Telecommunications,709859,SETTING UP OF PHYSICAL INFRASTRUCTURE FOR THE NATIONAL INSTITUTE OF COMMUNICATION FINANCE [NICF] AT GHITORNI,248,,237.43,98,1957.0,11.5564681724846,2.1568727644353602,117.68727644353604,0.9573790322580645,2.3982828282828286,2014.0,10.0,0.0,0.0,0.9090909090909091,0.0,0.9090909090909091,,,79.40210249671485,1.0
1629,"Tourism, Hospitality & Wellness","Ministry of Ports, Shipping and Waterways",707215,National Maritime Heritage Complex [NMHC] Phase-I,573,1238.05,656.38,80,2823.0,7.184120465434634,0.9295076160113355,12.95076160113355,1.1455148342059336,8.103456790123456,2019.0,2.0,,0.4309978768577495,0.7589348283111422,0.5,1.0,116.06457242582897,1.0,-7.522996057818659,0.0
1630,Transmission & Distribution,Ministry of Power,615337,Additional Transmission System for evacuation of Power from Bhadla-III PS as part of Rajasthan REZ Phase III Scheme [20 GW] [SPV Name POWERGRID Bhadla-III Power Transmission Limited],369,,258.3,87,548.0,1.6700889801505818,1.1131386861313868,24.31386861313868,0.7000000000000001,2.935227272727273,2024.0,8.0,1.0,1.0,0.9743589743589743,0.8947368421052632,0.8787878787878788,,,7.063074901445466,1.0
1631,Transmission & Distribution,Ministry of Power,617181,"Augmentation at Fatehgarh-II PS, Fatehgarh-IV PS [Section-II] and Barmer-I PS [POWERGRID Fatehgarh Barmer Augmentation Transmission Limited]",404,,32.32,17,639.0,1.108829568788501,0.6338028169014085,46.38028169014085,0.08,1.7955555555555556,2025.0,3.0,2.0,1.0,0.9743589743589743,0.8947368421052632,0.8787878787878788,,,6.307490144546649,1.0
1632,Transmission & Distribution,Ministry of Power,619028,Augmentation of 1x500 MVA 400/220kV ICT [3rd] at Thrissur VSC HVDC Station in Kerala,173,,2.08,2,730.0,0.6899383983572895,0.3452054794520548,32.52054794520548,0.012023121387283238,0.6933333333333334,2025.0,8.0,0.0,1.0,0.9743589743589743,0.8947368421052632,0.8787878787878788,,,4.336399474375821,1.0
1633,Transmission & Distribution,Ministry of Power,617182,Augmentation of Banaskantha [Raghanesda] PS [GIS] [POWERGRID Banaskantha Transco Limited],172,,61.92,42,729.0,1.1006160164271048,0.551440329218107,13.144032921810705,0.36,1.44,2025.0,3.0,0.0,1.0,0.975,0.8947368421052632,0.8805970149253731,,,,
1634,Transmission & Distribution,Ministry of Power,617802,Augmentation of Transformation Capacity and Implementation of Line Bays at Mandsaur S/S for RE Interconnection [SPV Name- POWERGRID Mandsaur I RE Transmission Limited],319,,17.23,5,904.0,0.5585215605749486,0.22566371681415928,17.566371681415927,0.05401253918495298,2.8716666666666666,2025.0,10.0,1.0,1.0,0.975,0.8947368421052632,0.8805970149253731,,,,
1635,Transmission & Distribution,Ministry of Power,617391,Augmentation of Transformation Capacity at Bhuj-II PS [GIS],488,,14.64,7,637.0,1.1772758384668036,0.6750392464678179,60.50392464678178,0.030000000000000002,1.83,2025.0,2.0,2.0,1.0,0.9743589743589743,0.8947368421052632,0.8787878787878788,,,7.194480946123521,1.0
1636,Transmission & Distribution,Ministry of Power,615342,Augmentation of Transformation Capacity at jam Khambhaliya PS [GIS] [SPV Name POWERGRID Jam Khambhaliya Transmission Limited],329,,72.38,33,637.0,1.538672142368241,0.8822605965463108,55.22605965463109,0.21999999999999997,2.128823529411765,2024.0,10.0,1.0,1.0,0.9743589743589743,0.8947368421052632,0.8787878787878788,,,9.526938239159001,1.0
1637,Transmission & Distribution,Ministry of Power,617069,Augmentation of Transformation Capacity at KPS1 [GIS] and KPS2 [GIS] [Phase-V Part B1 and Part B2 Scheme] [SPV Name- POWERGRID KPS1 and 2 Augmentation Transmission Limited],466,,154.9,37,729.0,1.1937029431895962,0.598079561042524,22.807956104252405,0.33240343347639484,4.076315789473685,2025.0,2.0,2.0,1.0,0.975,0.8947368421052632,0.8805970149253731,,,,
1638,Transmission & Distribution,Ministry of Power,617068,"Augmentation of Transformation Capacity by 3x500 MVA, 400/220 KV ICTS [6th-8th] and 1x1500 MVA, 765/400 KV ICT [4th] at Bidar PS [SPV Name- POWERGRID Bidar Augmentation Transmission Limited]",288,,28.8,19,862.0,1.1937029431895962,0.505800464037123,31.580046403712295,0.1,1.44,2025.0,2.0,0.0,1.0,0.975,0.8947368421052632,0.8805970149253731,,,,
1639,Transmission & Distribution,Ministry of Power,602223,Comprehensive Scheme for Strengthening of Transmission and Distribution [T&D] Systems [CSST&DS] in Arunachal Pradesh and Sikkim,4754,9129.32,8141.52,84,1527.0,11.542778918548938,2.7609692206941716,192.09692206941713,1.7125620530079935,95.78258823529413,2014.0,10.0,8.0,1.0,0.9743589743589743,0.8888888888888888,0.8787878787878788,92.03449726546066,1.0,99.34296977660972,1.0
1640,Transmission & Distribution,Ministry of Power,617271,Eastern Region Expansion Scheme-43 [ERES-43],343,,143.93,30,545.0,1.6563997262149213,1.110091743119266,81.0091743119266,0.4196209912536443,4.642903225806452,2024.0,9.0,1.0,1.0,0.9743589743589743,0.8947368421052632,0.8787878787878788,,,6.9973718791064385,1.0
1641,Transmission & Distribution,Ministry of Power,617270,Eastern Region Expansion Scheme-44 [ERES-44],409,,6.13,2,545.0,1.4264202600958247,0.9559633027522936,93.59633027522936,0.014987775061124694,2.0433333333333334,2024.0,11.0,2.0,1.0,0.9743589743589743,0.8947368421052632,0.8787878787878788,,,16.228646517739815,1.0
1642,Transmission & Distribution,Ministry of Power,617272,Implementation of LILO of both circuits of 400KV vindhyachal PS-Sasan D/C Line at Hindalco Switchyard,370,,148.0,55,912.0,1.894592744695414,0.7587719298245614,20.877192982456137,0.4,2.642857142857143,2024.0,6.0,2.0,1.0,0.975,0.8947368421052632,0.8805970149253731,,,,
1643,Transmission & Distribution,Ministry of Power,617326,Implementation of Transmission Systems in the State of Jharkhand consisting of 400/220/132/33 kV transmission lines and substations under Jharkhand Consultancy Project,1842,,1648.05,96,5149.0,14.179329226557153,1.0058263740532143,4.582637405321435,0.8947068403908794,16.99020618556701,2012.0,2.0,4.0,1.0,0.9743589743589743,0.8947368421052632,0.8787878787878788,,,14.98028909329829,1.0
1644,Transmission & Distribution,Ministry of Power,617807,Inter-regional [NR-WR] Transmission System strengthening to relieve the loading of 765 kV Vindhyachal-Varanasi D/c line,2368,,157.94,6,730.0,0.5366187542778919,0.2684931506849315,20.84931506849315,0.06669763513513513,22.562857142857144,2025.0,10.0,5.0,1.0,0.975,0.8947368421052632,0.8805970149253731,,,,
1645,Transmission & Distribution,Ministry of Power,619030,Inter-Regional Strengthening between SR Grid and ER Grid,2722,,190.57,3,912.0,0.23545516769336072,0.09429824561403509,6.4298245614035086,0.07001102130786187,47.6425,2026.0,2.0,5.0,1.0,0.975,0.8947368421052632,0.8805970149253731,,,,
1646,Transmission & Distribution,Ministry of Power,617808,Inter-Regional Strengthening between SR Grid and WR Grid,1007,,50.35,3,730.0,0.5338809034907598,0.2671232876712329,23.71232876712329,0.05,12.5875,2025.0,10.0,3.0,1.0,0.975,0.8947368421052632,0.8805970149253731,,,,
1647,Transmission & Distribution,Ministry of Power,617405,Jamnagar Transmission Limited,4000,,698.0,24,730.0,1.541409993155373,0.7712328767123288,53.12328767123287,0.1745,27.92,2024.0,10.0,7.0,1.0,0.9743589743589743,0.8947368421052632,0.8787878787878788,,,11.530880420499342,1.0
1648,Transmission & Distribution,Ministry of Power,619049,Khavda IVA Power Transmission Limited,4500,,2772.7,70,730.0,1.6646132785763177,0.8328767123287671,13.287671232876718,0.6161555555555556,39.05211267605633,2024.0,8.0,7.0,1.0,0.9743589743589743,0.8947368421052632,0.8787878787878788,,,6.9973718791064385,1.0
1649,Transmission & Distribution,Ministry of Power,619026,KPSIII HVDC Transmission Limited,19000,,20.0,1,1461.0,0.3805612594113621,0.09514031485284052,8.514031485284052,0.0010526315789473684,10.0,2025.0,12.0,9.0,1.0,0.975,0.8947368421052632,0.8805970149253731,,,,
1650,Transmission & Distribution,Ministry of Power,619024,Mahan Transmission Limited,3125,,542.79,30,760.0,1.0951403148528405,0.5263157894736842,22.631578947368418,0.17369279999999998,17.509354838709676,2025.0,3.0,6.0,1.0,0.975,0.8947368421052632,0.8805970149253731,,,,
1651,Transmission & Distribution,Ministry of Power,619227,Network Expansion Scheme in Maharashtra for removal of Transmission constraints in Pune Region-I [765/400kV AIS Pune East],1420,,38.9,4,730.0,0.13415468856947296,0.06712328767123288,2.712328767123288,0.027394366197183096,7.779999999999999,2026.0,3.0,4.0,1.0,0.975,0.8947368421052632,0.8805970149253731,,,,
1652,Transmission & Distribution,Ministry of Power,617375,North Eastern Region Expansion Scheme-XXIII [NERES-XXIII],209,,3.14,4,913.0,0.7364818617385352,0.2946330777656079,25.46330777656079,0.015023923444976077,0.628,2025.0,8.0,0.0,1.0,0.975,0.8947368421052632,0.8805970149253731,,,,
1653,Transmission & Distribution,Ministry of Power,607709,NORTH EASTERN REGION POWER SYSTEM IMPROVEMENT PROJECT [NERPSIP],5111,6700.0,5577.75,99,1491.0,11.411362080766597,2.795439302481556,180.54393024815556,1.0913226374486402,55.7775,2014.0,12.0,8.0,1.0,0.9743589743589743,0.8888888888888888,0.8787878787878788,31.089806300136956,1.0,98.94875164257556,1.0
1654,Transmission & Distribution,Ministry of Power,615343,Provision of Dynamic Reactive Compensation at Khavda pooling Station 1 [KPS1] and Khavda Pooling station 3 [KPS3],501,,26.45,9,729.0,1.4757015742642026,0.7393689986282579,64.93689986282578,0.05279441117764471,2.645,2024.0,11.0,3.0,1.0,0.975,0.8947368421052632,0.8805970149253731,,,,
1655,Transmission & Distribution,Ministry of Power,617801,Provision of ICT Augmentation & Bus Reactor at Bhuj-II PS,582,,17.45,7,640.0,1.1170431211498972,0.6375,56.74999999999999,0.029982817869415805,2.18125,2025.0,3.0,3.0,1.0,0.9743589743589743,0.8947368421052632,0.8787878787878788,,,6.3731931668856765,1.0
1656,Transmission & Distribution,Ministry of Power,619025,RAJASTHAN PART I POWER TRANSMISSION LIMITED,25000,,735.05,10,1642.0,1.273100616016427,0.28319123020706455,18.319123020706456,0.029401999999999998,66.82272727272726,2025.0,1.0,9.0,1.0,0.975,0.8947368421052632,0.8805970149253731,,,,
1657,Transmission & Distribution,Ministry of Power,617186,Rajasthan REZ Ph-V [Part-1- 4 GW] [Sirohi/Nagaur] Complex [Rajasthan V Power Transmission Limited],5028,,1508.4,34,729.0,1.1006160164271048,0.551440329218107,21.144032921810705,0.30000000000000004,43.09714285714286,2025.0,3.0,8.0,1.0,0.9743589743589743,0.8947368421052632,0.8787878787878788,,,3.252299605781866,1.0
1658,Transmission & Distribution,Ministry of Power,616672,System Strengthening at Koppal-II and GadagII for integration of RE generation projects [SPV Name POWERGRID Koppal Gadag Augmentation Transmission Limited],1354,,338.5,38,866.0,1.2840520191649556,0.5415704387990762,16.15704387990762,0.25,8.679487179487179,2025.0,1.0,4.0,1.0,0.975,0.8947368421052632,0.8805970149253731,,,,
1659,Transmission & Distribution,Ministry of Power,617179,Transmission Scheme for evacuation of Power from Ratle HEP [850 MW] & kiru [624 MW] Part B,219,,3.72,2,729.0,1.7905544147843941,0.897119341563786,87.7119341563786,0.016986301369863014,1.24,2024.0,7.0,0.0,1.0,0.9743589743589743,0.8947368421052632,0.8787878787878788,,,11.530880420499342,1.0
1660,Transmission & Distribution,Ministry of Power,612132,Transmission Scheme for Evacuation of power from REZ in Rajasthan [20 GW] under Phase-III Part D Phase I [Sikar Khetri Transmission Ltd],2423,,2229.16,92,546.0,2.220396988364134,1.4853479853479854,56.53479853479854,0.9199999999999999,23.969462365591397,2024.0,2.0,5.0,1.0,0.9743589743589743,0.8947368421052632,0.8787878787878788,,,19.71090670170828,1.0
1661,Transmission & Distribution,Ministry of Power,617184,Transmission Scheme for integration of Davanagere/ Chitradurga and Bellary REZ in Karnataka [POWERGRID Chitradurga Bellary REZ Transmission Limited],3453,,552.48,23,913.0,1.108829568788501,0.44359255202628695,21.359255202628695,0.16,23.02,2025.0,3.0,7.0,1.0,0.975,0.8947368421052632,0.8805970149253731,,,,
1662,Transmission & Distribution,Ministry of Power,612140,Transmission Scheme for Integration of Renewable Energy Zone [Phase II] in Koppal II [Phase A&B] and gadag II[Phase A] in Karnataka [POWERGRID KOPPAL GADAG TRANSMISSION LIMITED],4445,,4089.4,96,730.0,2.3436002737850785,1.1726027397260275,21.260273972602747,0.92,42.15876288659794,2023.0,12.0,7.0,1.0,0.9743589743589743,0.8947368421052632,0.8787878787878788,,,9.165571616294349,1.0
1663,Transmission & Distribution,Ministry of Power,612138,"Transmission Scheme for Solar Energy Zone in Bidar [2500 MW], Karnataka [Bidar Transmission Ltd]",1368,,1258.56,97,730.0,2.220396988364134,1.110958904109589,14.095890410958901,0.9199999999999999,12.842448979591836,2024.0,2.0,4.0,1.0,0.9743589743589743,0.8947368421052632,0.8787878787878788,,,6.701708278580814,1.0
1664,Transmission & Distribution,Ministry of Power,612139,Transmission system for Evacuation of Additional 7 GW RE power from Khavda RE park under Phase-III Part B [Vataman Transmission Limited],4231,,3175.79,72,730.0,2.3436002737850785,1.1726027397260275,45.26027397260275,0.7506003308910423,43.50397260273972,2023.0,12.0,7.0,1.0,0.9743589743589743,0.8947368421052632,0.8787878787878788,,,12.187910643889618,1.0
1665,Transmission & Distribution,Ministry of Power,617279,Transmission System for evacuation of power from Mahan Energen Limited Generating Station in Madhya Pradesh [SPV Name - POWERGRID MEL Power Transmission Limited],558,,180.9,18,913.0,0.9034907597535934,0.3614457831325301,18.144578313253014,0.3241935483870968,9.521052631578948,2025.0,6.0,3.0,1.0,0.975,0.8947368421052632,0.8805970149253731,,,,
1666,Transmission & Distribution,Ministry of Power,612855,Transmission System for Evacuation of Power from Potential Energy Renewable Zone in Khavda Area of Gujarat under Ph-IV [7GW] Part E2,697,,592.45,82,730.0,1.9164955509924708,0.958904109589041,13.890410958904098,0.8500000000000001,7.137951807228916,2024.0,5.0,3.0,1.0,0.9743589743589743,0.8947368421052632,0.8787878787878788,,,4.040735873850197,1.0
1667,Transmission & Distribution,Ministry of Power,615345,Transmission System for Evacuation of Power from Potential Renewable Energy Zone in Khavda area of Gujarat under Phase-IV [7GW] Part B [SPV Name POWERGRID South Olpad Transmission Limited],4766,,2144.7,38,729.0,1.538672142368241,0.7709190672153635,39.09190672153635,0.44999999999999996,54.99230769230769,2024.0,10.0,8.0,1.0,0.9743589743589743,0.8947368421052632,0.8787878787878788,,,12.54927726675427,1.0
1668,Transmission & Distribution,Ministry of Power,615347,TRANSMISSION SYSTEM FOR EVACUATION OF POWER FROM POTENTIAL RENEWABLE ENERGY ZONE IN KHAVDA AREA OF GUJARAT UNDER PHASE-V [8 GW] PART A [SPV Name POWERGRID West Central Transmission Limited],24819,,2978.28,19,1641.0,1.4428473648186173,0.3211456429006703,13.11456429006703,0.12000000000000001,148.91400000000002,2024.0,11.0,9.0,1.0,0.975,0.8947368421052632,0.8805970149253731,,,,
1669,Transmission & Distribution,Ministry of Power,615338,TRANSMISSION SYSTEM FOR EVACUATION OF POWER FROM RAJASTHAN REZ PH -IV [PART-2 5.5 GW] [JAISALMER/BARMER COMPLEX] PART F [SPV Name POWERGRID BARMER I TRANSMISSION LIMITED],2735,,1121.35,47,729.0,1.4757015742642026,0.7393689986282579,26.936899862825783,0.41,23.36145833333333,2024.0,11.0,6.0,1.0,0.9743589743589743,0.8947368421052632,0.8787878787878788,,,7.752956636005256,1.0
1670,Transmission & Distribution,Ministry of Power,612134,Transmission System for Evacuation of power from Rajasthan REZ Ph-IV [Part-1] [Bikaner Complex] Part A [Bikaner Neemrana Transmission Ltd],4741,,3887.62,79,730.0,2.3408624229979464,1.1712328767123288,38.12328767123287,0.82,48.59525,2023.0,12.0,8.0,1.0,0.9743589743589743,0.8947368421052632,0.8787878787878788,,,16.09724047306176,1.0
1671,Transmission & Distribution,Ministry of Power,612133,Transmission System for Evacuation of power from Rajasthan REZ Ph-IV [Part-1] [Bikaner Complex] Part D [Neemrana Bareilly Transmission Ltd],3271,,2731.29,73,730.0,2.3408624229979464,1.1712328767123288,44.12328767123287,0.8350015285845307,36.909324324324324,2023.0,12.0,6.0,1.0,0.9743589743589743,0.8947368421052632,0.8787878787878788,,,16.09724047306176,1.0
1672,Transmission & Distribution,Ministry of Power,615344,Transmission System for Evacuation of Power from Rajasthan REZ Ph-IV [Part-2 5.5GW] [Jaisalmer/Barmer Complex] Part H1 [POWERGRID KURAWAR TRANSMISSION LIMITED],3674,,1673.14,48,729.0,1.538672142368241,0.7709190672153635,29.091906721536347,0.4554001088731628,34.14571428571429,2024.0,10.0,7.0,1.0,0.9743589743589743,0.8947368421052632,0.8787878787878788,,,8.508541392904073,1.0
1673,Transmission & Distribution,Ministry of Power,615346,Transmission System for Evacuation of Power from Rajasthan REZ Ph-IV [Part-2 5.5 GW] [Jaisalmer/Barmer Complex] Part C [SPV Name POWERGRID Mandsaur Transmission Limited],2708,,1624.8,72,729.0,1.6947296372347707,0.8491083676268861,12.910836762688618,0.6,22.257534246575343,2024.0,8.0,5.0,1.0,0.9743589743589743,0.8947368421052632,0.8787878787878788,,,6.3731931668856765,1.0
1674,Transmission & Distribution,Ministry of Power,615333,Transmission System for Evacuation of Power from Rajasthan REZ Ph-IV [Part-2 5.5 GW] [Jaisalmer/Barmer Complex] Part D [SPV Name POWERGRID Beawar Mandsaur Transmission Limited],2227,,1113.5,49,729.0,1.6865160848733745,0.8449931412894376,35.49931412894375,0.5,22.27,2024.0,8.0,5.0,1.0,0.9743589743589743,0.8947368421052632,0.8787878787878788,,,4.336399474375821,1.0
1675,Transmission & Distribution,Ministry of Power,615334,Transmission System for Evacuation of Power from Rajasthan REZ Ph-IV [Part-2 5.5 GW] [Jaisalmer/Barmer Complex] Part E [SPV Name POWERGRID Mewar Transmission Limited],3251,,2048.13,47,729.0,1.6947296372347707,0.8491083676268861,37.91083676268862,0.63,42.669375,2024.0,8.0,6.0,1.0,0.9743589743589743,0.8947368421052632,0.8787878787878788,,,8.377135348226018,1.0
1676,Transmission & Distribution,Ministry of Power,615332,Transmission System for Evacuation of Power from Rajasthan REZ Ph-IV [Part-2 5.5 GW][Jaisalmer/Barmer Complex] Part B [SPV Name POWERGRID Sirohi Transmission Limited],3279,,1901.82,56,729.0,1.6837782340862424,0.8436213991769548,28.362139917695472,0.58,33.36526315789474,2024.0,8.0,6.0,1.0,0.9743589743589743,0.8947368421052632,0.8787878787878788,,,7.260183968462549,1.0
1677,Transmission & Distribution,Ministry of Power,615340,TRANSMISSION SYSTEM FOR EVACUATION OF POWER FROM RAJASTHAN REZ PH-IV [PART-3/ 6 GW] [BIKANER COMPLEX] PART B [SPV Name POWERGRID Siwani Transmission Limited],5357,,1921.02,37,729.0,1.462012320328542,0.7325102880658436,36.25102880658436,0.35859996266567107,50.55315789473684,2024.0,11.0,9.0,1.0,0.9743589743589743,0.8947368421052632,0.8787878787878788,,,4.599211563731932,1.0
1678,Transmission & Distribution,Ministry of Power,615339,Transmission system for evacuation of power from Rajasthan REZ Ph-IV [Part-3/6GW] [Bikaner complex] Part A [SPV Name POWERGRID Bikaner IV Transmission Limited],5969,,1969.77,33,729.0,1.462012320328542,0.7325102880658436,40.25102880658436,0.33,57.934411764705885,2024.0,11.0,9.0,1.0,0.9743589743589743,0.8947368421052632,0.8787878787878788,,,5.5847568988173455,1.0
1679,Transmission & Distribution,Ministry of Power,616670,Transmission System for evacuation of Power from Rajasthan REZ Ph-IV [Part-4 3.5 GW] Part A [SPV name POWERGRID Ghiror Transmission Limited],5846,,1953.73,41,730.0,1.3305954825462012,0.6657534246575343,25.575342465753423,0.33419945261717415,46.517380952380954,2024.0,12.0,9.0,1.0,0.9743589743589743,0.8947368421052632,0.8787878787878788,,,5.978975032851511,1.0
1680,Transmission & Distribution,Ministry of Power,615336,Transmission system for evacuation of Power from REZ in Rajasthan [20 GW] under phase-III Part-D Phase-II,284,,90.88,46,844.0,2.4777549623545516,1.0722748815165877,61.22748815165876,0.32,1.9336170212765957,2023.0,11.0,0.0,1.0,0.9743589743589743,0.8947368421052632,0.8787878787878788,,,10.052562417871222,1.0
1681,Transmission & Distribution,Ministry of Power,611949,Transmission system for evacuation of power from REZ in Rajasthan 20 GW under Phase-III part C1,1160,,1148.4,100,552.0,2.510609171800137,1.661231884057971,66.1231884057971,0.9900000000000001,11.370297029702972,2023.0,10.0,4.0,1.0,0.9743589743589743,0.8947368421052632,0.8787878787878788,,,16.031537450722734,1.0
1682,Transmission & Distribution,Ministry of Power,611735,Transmission system for evacuation of power from REZ in Rajasthan 20GW under Phase-III Part J,331,,235.01,69,851.0,3.4113620807665983,1.464159811985899,77.41598119858989,0.71,3.357285714285714,2022.0,12.0,1.0,1.0,0.9743589743589743,0.8947368421052632,0.8787878787878788,,,21.02496714848883,1.0
1683,Transmission & Distribution,Ministry of Power,617806,Transmission System for Integration of Ananthapur 2 REZ Phase 1 for 4.5 GW. SPV Name Anantapuram 2 REZ Transmission Ltd,4536,,1207.57,64,949.0,1.6837782340862424,0.6480505795574288,0.8050579557428819,0.26621913580246914,18.578,2024.0,8.0,8.0,1.0,0.975,0.8947368421052632,0.8805970149253731,,,,
1684,Transmission & Distribution,Ministry of Power,617185,Transmission System for Integration of Kurnool-IV REZ Phase-I [for 4.5 GW] [POWERGRID Kurnool-IV Transmission Limited],5550,,1776.0,29,729.0,1.1006160164271048,0.551440329218107,26.144032921810705,0.32,59.2,2025.0,3.0,9.0,1.0,0.9743589743589743,0.8947368421052632,0.8787878787878788,,,6.274638633377135,1.0
1685,Transmission & Distribution,Ministry of Power,619029,Transmission System for Reliable Power Supply to Dholera,319,,70.27,35,546.0,1.6563997262149213,1.1080586080586081,75.80586080586082,0.220282131661442,1.9519444444444443,2024.0,9.0,1.0,1.0,0.9743589743589743,0.8947368421052632,0.8787878787878788,,,9.986859395532194,1.0
1686,Transmission & Distribution,Ministry of Power,617269,Transmission System for Strengthening to facilitate evacuation of power from Bhadla/Bikaner Complex,213,,12.76,12,546.0,1.3853524982888432,0.9267399267399268,80.67399267399267,0.059906103286384974,0.9815384615384615,2024.0,12.0,0.0,1.0,0.9743589743589743,0.8947368421052632,0.8787878787878788,,,6.734559789750328,1.0
1687,Transmission & Distribution,Ministry of Power,617803,Transmission System Strengthening at Davanagere for Integration of RE Generation [SPV Name - POWERGRID Davanagere Power Transmission Limited],379,,17.06,2,730.0,0.5968514715947981,0.29863013698630136,27.863013698630137,0.0450131926121372,5.6866666666666665,2025.0,9.0,2.0,1.0,0.975,0.8947368421052632,0.8805970149253731,,,,
1688,Transmission & Distribution,Ministry of Power,617183,Transmission system strengthening at Kurnool- III PS for integration of additional RE generation projects [POWERGRID Kurnool III PS RE Transmission Limited],2886,,894.66,44,1009.0,1.0924024640657084,0.39544103072348863,-4.455896927651139,0.31,19.881333333333334,2025.0,3.0,6.0,1.0,0.975,0.8947368421052632,0.8805970149253731,,,,
1689,Transmission & Distribution,Ministry of Power,619228,Transmission System Strengthening for integration of additional RE Potential at Davanagere [0.25 GW] and Bellary [2.75 GW],1111,,22.22,1,729.0,0.2108145106091718,0.1056241426611797,9.562414266117969,0.02,11.11,2026.0,2.0,4.0,1.0,0.975,0.8947368421052632,0.8805970149253731,,,,
1690,Transmission & Distribution,Ministry of Power,615335,Transmission System Strengthening for Interconnections of Bhadla-III & Bikaner III Complex [SPV Name POWERGRID BHADLA BIKANER TRANSMISSION LIMITED],1382,,628.81,57,729.0,1.6646132785763177,0.8340192043895748,26.401920438957475,0.45499999999999996,10.841551724137931,2024.0,8.0,4.0,1.0,0.9743589743589743,0.8947368421052632,0.8787878787878788,,,7.030223390275952,1.0
1691,Transmission & Distribution,Ministry of Power,616671,Transmission System under ISTS for evacuation of Power from Kudankulam Unit-3&4 [2x1000 MW] [SPV Name POWERGRID Kudankulam Tarnsmission Limited],548,,208.24,24,720.0,1.3004791238877482,0.6597222222222222,41.972222222222214,0.38,8.329600000000001,2025.0,1.0,3.0,1.0,1.0,0.8947368421052632,0.8939393939393939,,,2.9566360052562417,0.0
1692,Transmission & Distribution,Ministry of Power,619027,WRNES Talegaon Power Transmission Limited,2000,,25.0,5,946.0,0.917180013689254,0.35412262156448204,30.412262156448207,0.0125,4.166666666666667,2025.0,5.0,5.0,1.0,0.975,0.8947368421052632,0.8805970149253731,,,,
1693,Urban Public Transport,Ministry of Housing & Urban Affairs,702629,Agra Metro Rail Project,8380,,6368.28,73,1826.0,6.926762491444216,1.3855421686746987,65.55421686746988,0.7599379474940334,86.05783783783784,2019.0,5.0,5.0,0.6666666666666666,0.8181818181818182,0.6923076923076923,0.9,,,37.12220762155059,1.0
1694,Urban Public Transport,Ministry of Housing & Urban Affairs,612878,Bangalore Metro Rail Project - PHASE-3,15611,,0.0,4,2451.0,1.626283367556468,0.2423500611995104,20.23500611995104,0.0,0.0,2024.0,9.0,8.0,0.6666666666666666,0.8333333333333334,0.6923076923076923,0.9032258064516129,,,,
1695,Urban Public Transport,Ministry of Housing & Urban Affairs,702625,Bhopal Metro Rail Project,6941,,4498.76,63,1460.0,7.41409993155373,1.8547945205479452,122.47945205479454,0.6481429188877683,70.293125,2018.0,11.0,4.0,0.6666666666666666,0.8181818181818182,0.6923076923076923,0.9,,,67.01708278580814,1.0
1696,Urban Public Transport,Ministry of Housing & Urban Affairs,702668,Chennai Metro Rail Phase-II Development Project,63246,,34698.0,56,1778.0,1.5304585900068446,0.3143982002249719,-24.560179977502813,0.5486196755526042,608.7368421052631,2024.0,10.0,9.0,0.6666666666666666,0.8333333333333334,0.6923076923076923,0.9032258064516129,,,,
1697,Urban Public Transport,Ministry of Housing & Urban Affairs,702665,Construction Bangalore Metro Rail Project Phase-2A & 2B,14788,14788.1,10878.5,68,1849.0,4.895277207392197,0.9670091941590049,28.700919415900486,0.7356302407357317,157.65942028985506,2021.0,6.0,8.0,0.8,0.9090909090909091,0.75,0.9333333333333333,0.000676223965379793,0.0,0.0,0.0
1698,Urban Public Transport,Ministry of Housing & Urban Affairs,702635,Construction of Bangalore Metro Rail Project Phase 2.,26405,30695.1,29835.0,96,2586.0,12.186173853524982,1.7211910286156227,76.11910286156225,1.1298996402196553,307.5773195876289,2014.0,2.0,9.0,0.6,0.8181818181818182,0.6666666666666666,0.9,16.247301647415256,1.0,66.29434954007884,1.0
1699,Urban Public Transport,Ministry of Housing & Urban Affairs,619031,Delhi Metro Rail Phase V A,12015,,264.98,6,1089.0,0.30937713894592744,0.10376492194674013,4.376492194674013,0.02205409904286309,37.854285714285716,2026.0,1.0,6.0,0.6666666666666666,0.8333333333333334,0.6923076923076923,0.9032258064516129,,,,
1700,Urban Public Transport,Ministry of Housing & Urban Affairs,617207,Delhi Metro Rail Phase-IV [2 Corridors],8400,,183.23,4,1825.0,2.088980150581793,0.4180821917808219,37.80821917808219,0.021813095238095236,36.646,2024.0,3.0,5.0,0.6666666666666666,0.8333333333333334,0.6923076923076923,0.9032258064516129,,,,
1701,Urban Public Transport,Ministry of Housing & Urban Affairs,617206,Delhi Metro Rail Phase-IV [Rithala - Kundli Corridor],6231,,800.48,5,1460.0,1.319644079397673,0.33013698630136984,28.013698630136986,0.12846734071577595,133.41333333333333,2025.0,1.0,3.0,0.6666666666666666,0.8333333333333334,0.6923076923076923,0.9032258064516129,,,,
1702,Urban Public Transport,Ministry of Housing & Urban Affairs,702632,DMRTS Phase - IV [3 Priority Corridors],24949,,21420.8,83,2097.0,6.822724161533197,1.1883643299952313,35.83643299952314,0.8585835103611367,255.0095238095238,2019.0,7.0,9.0,0.6666666666666666,0.8181818181818182,0.6923076923076923,0.9,,,21.02496714848883,1.0
1703,Urban Public Transport,Ministry of Housing & Urban Affairs,616221,"Extension of Aqua Line Metro Corridor from Noida Sector-142 station to Botanical Garden, Noida of Noida Metro Rail Corporation",2254,,0.0,0,1460.0,0.12046543463381246,0.030136986301369864,3.0136986301369864,0.0,0.0,2026.0,3.0,2.0,0.6666666666666666,0.8333333333333334,0.6923076923076923,0.9032258064516129,,,,
1704,Urban Public Transport,Ministry of Housing & Urban Affairs,702626,Indore Metro Rail Project,7501,,5093.95,65,1460.0,7.41409993155373,1.8547945205479452,120.47945205479454,0.6791027862951606,77.1810606060606,2018.0,11.0,4.0,0.6666666666666666,0.8181818181818182,0.6923076923076923,0.9,,,73.06176084099869,1.0
1705,Urban Public Transport,Ministry of Housing & Urban Affairs,612068,Jaipur Metro Phase 1D Project from Mansarovar to Ajmer Road Chauraha,205,,23.34,12,-44.0,-0.03559206023271732,0.29545454545454547,17.545454545454547,0.11385365853658537,1.7953846153846154,2026.0,5.0,0.0,0.6666666666666666,0.8333333333333334,0.6923076923076923,0.9032258064516129,,,,
1706,Urban Public Transport,Ministry of Housing & Urban Affairs,245986,Jaipur Metro Rail Project Phase 2 (Prahladpura to Todi Mod),13038,,1.79,2,2009.0,0.0054757015742642025,0.0009955201592832255,-1.9004479840716775,0.00013729099555146495,0.5966666666666667,2026.0,4.0,7.0,0.6666666666666666,0.8333333333333334,0.6923076923076923,0.9032258064516129,,,,
1707,Urban Public Transport,Ministry of Housing & Urban Affairs,701991,Kalyan Station Precinct Imporvement Project,600,723.7,530.04,85,1924.0,8.016427104722792,1.521829521829522,67.18295218295219,0.8834,6.163255813953488,2018.0,4.0,0.0,0.6,0.8181818181818182,0.6666666666666666,0.9,20.616666666666674,1.0,34.98685939553219,1.0
1708,Urban Public Transport,Ministry of Housing & Urban Affairs,702628,Kanpur Metro Rail Project,11076,,9463.15,83,1826.0,6.926762491444216,1.3855421686746987,55.554216867469876,0.8543833513903936,112.65654761904761,2019.0,5.0,6.0,0.6666666666666666,0.8181818181818182,0.6923076923076923,0.9,,,34.13272010512483,1.0
1709,Urban Public Transport,Ministry of Housing & Urban Affairs,702664,Kochi Metro Rail Phase 2 Development Project,1957,,816.8,41,1460.0,3.4387405886379194,0.8602739726027397,45.02739726027397,0.4173735309146653,19.447619047619046,2022.0,11.0,1.0,0.6666666666666666,0.9090909090909091,0.6923076923076923,0.9333333333333333,,,0.0,0.0
1710,Urban Public Transport,Ministry of Housing & Urban Affairs,619052,LUCKNOW METRO RAIL PROJECT PHASE-1B EAST WEST CORRIDOR,5801,,0.05,2,2065.0,0.6543463381245722,0.11573849878934625,9.573849878934626,8.619203585588691e-06,0.016666666666666666,2025.0,9.0,3.0,0.6666666666666666,0.8333333333333334,0.6923076923076923,0.9032258064516129,,,,
1711,Urban Public Transport,Ministry of Housing & Urban Affairs,619022,"Metro connectivity from Millennium City Centre to Cyber City with Spur to Dwarka Expressway, Gurugram.",5453,,193.32,10,1461.0,2.817248459958932,0.704312114989733,60.4312114989733,0.035452044746011366,17.574545454545454,2023.0,7.0,3.0,0.6666666666666666,0.8333333333333334,0.6923076923076923,0.9032258064516129,,,,
1712,Urban Public Transport,Ministry of Housing & Urban Affairs,702637,Mumbai Metro Line 3,23136,37276.0,35960.0,99,3543.0,12.78302532511978,1.3178097657352525,32.780976573525265,1.5542876901798064,359.6,2013.0,7.0,8.0,0.6,0.8181818181818182,0.6666666666666666,0.9,61.11687413554634,1.0,29.040735873850196,1.0
1713,Urban Public Transport,Ministry of Housing & Urban Affairs,702658,Nagpur Metro Rail Phase II Development Project,6708,,2161.73,42,1828.0,3.3347022587268995,0.6663019693654267,24.630196936542674,0.3222614788312463,50.27279069767442,2022.0,12.0,4.0,0.6666666666666666,0.8333333333333334,0.6923076923076923,0.9032258064516129,,,,
1714,Urban Public Transport,Ministry of Housing & Urban Affairs,701745,New Suburba Station Development Project,263,,163.21,48,1557.0,8.010951403148528,1.8792549775208736,139.92549775208735,0.6205703422053233,3.3308163265306123,2018.0,4.0,0.0,0.6666666666666666,0.8333333333333334,0.6923076923076923,0.9032258064516129,,,,
1715,Urban Public Transport,Ministry of Housing & Urban Affairs,702627,Patna Metro Rail Project,13366,13365.8,5198.09,50,1825.0,7.170431211498974,1.435068493150685,93.50684931506851,0.388903935358372,101.92333333333333,2019.0,2.0,7.0,0.8,0.8181818181818182,0.75,0.9,-0.001496333981750169,0.0,40.07884362680683,1.0
1716,Urban Public Transport,Ministry of Housing & Urban Affairs,617225,PCMC To Nigdi- Extension Of North South Corridor Of Phase-1,910,960.18,322.59,49,1196.0,2.518822724161533,0.7692307692307693,27.923076923076934,0.35449450549450545,6.4517999999999995,2023.0,10.0,1.0,0.6,0.8333333333333334,0.6666666666666666,0.9032258064516129,5.514285714285709,1.0,,
1717,Urban Public Transport,Ministry of Housing & Urban Affairs,617226,Pune Metro Phase-1 Extension line towards south from Swargate to Katraj,2955,,190.07,9,1642.0,1.6509240246406571,0.36723507917174175,27.723507917174175,0.06432148900169204,19.006999999999998,2024.0,9.0,2.0,0.6666666666666666,0.8333333333333334,0.6923076923076923,0.9032258064516129,,,,
1718,Urban Public Transport,Ministry of Housing & Urban Affairs,618971,Pune Metro Rail Project Phase-2 Corridor 2A Vanaz to Chandani Chowk and Corridor 2B Ramwadi to Wagholi/Vitthalwadi,3626,,16.17,2,1476.0,0.7885010266940452,0.1951219512195122,17.51219512195122,0.00445945945945946,5.390000000000001,2025.0,7.0,2.0,0.6666666666666666,0.8333333333333334,0.6923076923076923,0.9032258064516129,,,,
1719,Urban Public Transport,Ministry of Housing & Urban Affairs,618985,Pune Metro Rail Project Phase-2 Line-4 Kharadi to Khadakwasla with Spur Line 4A Nal Stop - Warje - Manikbaug,9858,,8.62,2,1841.0,0.36960985626283366,0.07332971211298207,5.332971211298207,0.0008744167173868939,2.873333333333333,2025.0,12.0,5.0,0.6666666666666666,0.8333333333333334,0.6923076923076923,0.9032258064516129,,,,
1720,Urban Public Transport,Ministry of Housing & Urban Affairs,612066,Rajasthan Metro Rail Project Phase 1C from Badi Chaupar to Transport Nagar via Galta Gate,980,,103.03,0,570.0,0.5612594113620808,0.35964912280701755,35.96491228070175,0.10513265306122449,103.03,2025.0,10.0,1.0,0.6666666666666666,0.8333333333333334,0.6923076923076923,0.9032258064516129,,,,
1721,Urban Public Transport,Ministry of Housing & Urban Affairs,702630,Surat Metro Rail Project,12020,,9332.21,82,1827.0,7.143052703627652,1.428024083196497,60.802408319649686,0.7763901830282861,112.43626506024096,2019.0,3.0,6.0,0.6666666666666666,0.8181818181818182,0.6923076923076923,0.9,,,36.69513797634691,1.0
1722,Urban Public Transport,Ministry of Housing & Urban Affairs,617327,Thane Integral Ring Metro Rail Project,12200,,101.17,10,1852.0,1.6509240246406571,0.3255939524838013,22.559395248380127,0.008292622950819672,9.197272727272727,2024.0,9.0,7.0,0.6666666666666666,0.8333333333333334,0.6923076923076923,0.9032258064516129,,,,
1723,Waste & Water,"Department of Water Resources, River Development & GR",616594,Interception & Diversion with Rehabilitation of sewerage scheme at Agra under Hybrid annuity based PPP model-Namami Gange Programme,842,,208.64,84,1820.0,5.982203969883641,1.2005494505494505,36.05494505494505,0.24779097387173396,2.4545882352941173,2020.0,5.0,9.0,0.75,1.0,1.0,0.9696969696969697,,,20.039421813403415,1.0
1724,Waste & Water,"Department of Water Resources, River Development & GR",616600,Interception and Diversion and STP works in Bhagalpur under Hybrid annuity based PPP mode-Namami Gange Programme,413,,126.67,97,2674.0,8.54757015742642,1.1675392670157068,19.753926701570677,0.30670702179176756,1.2925510204081634,2017.0,10.0,7.0,0.75,1.0,1.0,0.9696969696969697,,,22.766097240473062,1.0
1725,Waste & Water,"Department of Water Resources, River Development & GR",616604,Pollution Abatement works for River Ganga at Hooghly Chinsurah- Municipal Town Interception & Diversion with STP,155,,102.04,94,2516.0,7.972621492128679,1.1573926868044515,21.73926868044515,0.6583225806451614,1.074105263157895,2018.0,5.0,0.0,0.75,1.0,1.0,0.9696969696969697,,,17.04993429697766,1.0
1726,Waste & Water,"Department of Water Resources, River Development & GR",616605,Pollution Abatement Works for River Kali Meerut under Meerut Municipality Interception & Diversion with STP,691,,34.79,57,1700.0,5.982203969883641,1.285294117647059,71.52941176470588,0.05034732272069464,0.5998275862068966,2020.0,5.0,9.0,0.75,1.0,1.0,0.9696969696969697,,,26.938239159001313,1.0
1727,Waste & Water,"Department of Water Resources, River Development & GR",616611,Sewage Treatment Plant 100MLD and Sewerage Network 288 km in Digha-Patna under Hybrid annuity based PPP mode-Namami Gange Programme,824,,403.34,59,3063.0,8.71731690622861,1.039503754489063,44.9503754489063,0.4894902912621359,6.722333333333333,2017.0,8.0,9.0,0.75,1.0,1.0,0.9696969696969697,,,9.00131406044678,1.0
1728,Waste & Water,"Department of Water Resources, River Development & GR",616612,Sewage Treatment Plant 50MLD and Sewerage Network 150 km in Kankarbagh Patna under Hybrid annuity based PPP mode Namami Gange Programme,579,,174.61,55,3063.0,8.71731690622861,1.039503754489063,48.9503754489063,0.30157167530224527,3.1180357142857145,2017.0,8.0,8.0,0.75,1.0,1.0,0.9705882352941176,,,,
1729,Waste & Water,"Department of Water Resources, River Development & GR",616615,"Sewer Network, SPS and STP at Begusarai",230,,261.82,97,5532.0,16.145106091718002,1.0659797541576284,9.597975415762832,1.1383478260869564,2.6716326530612244,2010.0,3.0,4.0,0.75,1.0,1.0,0.9696969696969697,,,20.039421813403415,1.0
1730,Waste & Water,"Department of Water Resources, River Development & GR",616616,"Sewer Networks, SPS and STP at Hajipur",305,,346.46,95,5593.0,16.145106091718002,1.0543536563561595,10.435365635615952,1.1359344262295081,3.6089583333333333,2010.0,3.0,6.0,0.75,1.0,1.0,0.9696969696969697,,,18.035479632063073,1.0
1731,Waste & Water,Ministry of Housing & Urban Affairs,702746,Augmentation and Strenghthning of Urban Water Supply Phase 1 - SAAP 3,278,,186.5,81,2248.0,9.23750855578371,1.5008896797153024,69.08896797153025,0.670863309352518,2.274390243902439,2017.0,2.0,4.0,0.75,1.0,0.6923076923076923,0.9,,,38.99474375821288,1.0
1732,Waste & Water,Ministry of Housing & Urban Affairs,702760,Belgavi Improvement in Sewerage System Project,163,,79.5,80,2785.0,10.373716632443532,1.3605026929982047,56.05026929982046,0.48773006134969327,0.9814814814814815,2015.0,12.0,1.0,0.75,1.0,0.6923076923076923,0.9,,,34.98685939553219,1.0
1733,Waste & Water,Ministry of Housing & Urban Affairs,702741,Dhanbad Water Supply Infrastructure Project,217,,129.16,76,2248.0,9.23750855578371,1.5008896797153024,74.08896797153025,0.5952073732718894,1.6774025974025975,2017.0,2.0,3.0,0.75,1.0,0.6923076923076923,0.9,,,38.99474375821288,1.0
1734,Waste & Water,Ministry of Housing & Urban Affairs,702674,"ESR - 8 nos., distribution system - 216 Km, new house service connections - 38760 nos. upgrading of feeder mains, pumping station etc. - Phase II",172,,88.86,82,2248.0,9.23750855578371,1.5008896797153024,68.08896797153025,0.5166279069767442,1.0706024096385542,2017.0,2.0,2.0,0.75,1.0,0.6923076923076923,0.9,,,41.03153745072273,1.0
1735,Waste & Water,Ministry of Housing & Urban Affairs,702793,Indore Water Supply Infrastructure Project,287,,252.5,99,2291.0,9.35523613963039,1.4914884329986906,50.14884329986907,0.8797909407665505,2.525,2016.0,12.0,5.0,0.75,1.0,0.6923076923076923,0.9,,,38.99474375821288,1.0
1736,Waste & Water,Ministry of Housing & Urban Affairs,703021,Jalandhar Water Supply Infrastructure Project,259,266.64,161.02,90,2474.0,9.44558521560575,1.3945028294260307,49.45028294260305,0.6216988416988417,1.7694505494505495,2016.0,11.0,4.0,1.0,1.0,0.75,0.9,2.9498069498069444,0.0,36.10381077529566,1.0
1737,Waste & Water,Ministry of Housing & Urban Affairs,702949,Jhansi Water Supply Infrastructure Phase-II Project,562,,506.52,95,2329.0,9.125256673511293,1.4310863031343923,48.10863031343922,0.9012811387900356,5.27625,2017.0,3.0,8.0,0.75,1.0,0.6923076923076923,0.9,,,37.023653088042046,1.0
1738,Waste & Water,Ministry of Housing & Urban Affairs,702833,Kalyan-Dombivali Water Supply Infrastructure Project,194,,136.56,75,2671.0,9.809719370294319,1.3414451516286034,59.14451516286036,0.7039175257731959,1.796842105263158,2016.0,7.0,3.0,0.75,1.0,0.6923076923076923,0.9,,,34.00131406044678,1.0
1739,Waste & Water,Ministry of Housing & Urban Affairs,702958,Lucknow Sewerage Management Infrastructure Project,142,173.21,152.65,95,2377.0,9.59069130732375,1.473706352545225,52.37063525452248,1.075,1.5901041666666667,2016.0,9.0,0.0,0.6666666666666666,1.0,0.6666666666666666,0.9,21.978873239436624,1.0,41.03153745072273,1.0
1740,Waste & Water,Ministry of Housing & Urban Affairs,702699,Muzaffarpur Storm Water Drainage Phase-I Project,159,,135.72,85,2538.0,9.44558521560575,1.3593380614657211,50.933806146572124,0.8535849056603774,1.5781395348837208,2016.0,11.0,0.0,0.75,1.0,0.6923076923076923,0.9,,,31.964520367936924,1.0
1741,Waste & Water,Ministry of Housing & Urban Affairs,703057,Patiala Water Supply Infrastructure Part-2 Project,287,,213.64,99,2538.0,9.44558521560575,1.3593380614657211,36.933806146572124,0.744390243902439,2.1364,2016.0,11.0,6.0,0.75,1.0,0.6923076923076923,0.9,,,34.00131406044678,1.0
1742,Waste & Water,Ministry of Housing & Urban Affairs,702742,SAAP-3 Water Supply Infrastructure SAAP-3 Project,159,,87.5,67,2462.0,9.23750855578371,1.3704305442729487,70.04305442729486,0.550314465408805,1.286764705882353,2017.0,2.0,1.0,0.75,1.0,0.6923076923076923,0.9,,,31.964520367936924,1.0
1743,Waste & Water,Ministry of Housing & Urban Affairs,702808,Satna Sewerage Management and Treatment Infrastructure Project,192,215.89,200.32,96,3061.0,10.461327857631758,1.2482848742241097,28.828487422410973,1.0433333333333332,2.0651546391752578,2015.0,11.0,2.0,0.6666666666666666,1.0,0.6666666666666666,0.9,12.442708333333325,1.0,29.00788436268068,1.0
1744,Waste & Water,Ministry of Housing & Urban Affairs,702734,Sewerage Management Scheme Part-3 Implementation,278,,228.49,88,2390.0,9.125256673511293,1.394560669456067,51.45606694560669,0.8219064748201439,2.567303370786517,2017.0,3.0,5.0,0.75,1.0,0.6923076923076923,0.9,,,36.00525624178712,1.0
1745,Waste & Water,Ministry of Housing & Urban Affairs,702810,Singrauli Sewerage Management and Treatment Infrastructure Project,402,438.1,371.17,90,2500.0,9.927446954140999,1.4504,55.03999999999999,0.9233084577114429,4.078791208791209,2016.0,5.0,7.0,0.6666666666666666,1.0,0.6666666666666666,0.9,8.980099502487567,1.0,38.99474375821288,1.0
1746,Water Resources,"Department of Water Resources, River Development & GR",701391,Aruna Medium Irrigation Project,210,1472.14,1734.71,100,3926.0,17.078713210130047,1.5888945491594497,58.88945491594498,8.260523809523809,17.175346534653464,2009.0,4.0,0.0,1.0,0.9615384615384616,1.0,0.9696969696969697,601.0190476190477,1.0,77.95663600525624,1.0
1747,Water Resources,"Department of Water Resources, River Development & GR",400116,Bargi Diversion Project Phase - III [km. 104 to km 154],1229,1399.7,2270.96,82,4657.0,19.080082135523615,1.4964569465321023,67.64569465321023,1.8478112286411716,27.360963855421687,2007.0,4.0,5.0,1.0,0.9615384615384616,1.0,0.9696969696969697,13.889340927583405,1.0,84.00131406044677,1.0
1748,Water Resources,"Department of Water Resources, River Development & GR",400115,Bargi Diversion Project Phase - IV [km. 154 to km 197],751,893.35,814.02,75,4291.0,18.078028747433265,1.5388021440223725,78.88021440223724,1.0839147802929427,10.71078947368421,2008.0,4.0,3.0,1.0,0.9615384615384616,1.0,0.9696969696969697,18.954727030625833,1.0,74.96714848883049,1.0
1749,Water Resources,"Department of Water Resources, River Development & GR",617422,Bodwad Parisar Sinchan Yojna,1924,,338.91,50,9213.0,23.972621492128678,0.950396179311842,45.039617931184196,0.17614864864864865,6.645294117647059,2002.0,5.0,6.0,1.0,0.9629629629629629,1.0,0.9705882352941176,,,,
1750,Water Resources,"Department of Water Resources, River Development & GR",701370,Borolia Irrigation Project,256,,44.7,55,9770.0,30.078028747433265,1.1244626407369498,57.44626407369498,0.174609375,0.7982142857142858,1996.0,4.0,0.0,1.0,0.9615384615384616,1.0,0.9696969696969697,,,38.96189224704336,1.0
1751,Water Resources,"Department of Water Resources, River Development & GR",701386,Gosikhurd Project,7196,12770.1,14439.5,73,4291.0,18.078028747433265,1.5388021440223725,80.88021440223724,2.0066008893829905,195.1283783783784,2008.0,4.0,8.0,1.0,0.9615384615384616,1.0,0.9696969696969697,77.46108949416343,1.0,101.97109067017082,1.0
1752,Water Resources,"Department of Water Resources, River Development & GR",400101,Gundlakamma project,397,697.39,624.78,98,5387.0,21.078713210130047,1.4291813625394467,44.91813625394468,1.5737531486146095,6.310909090909091,2005.0,4.0,2.0,1.0,0.9615384615384616,1.0,0.9696969696969697,75.66498740554157,1.0,86.95795006570302,1.0
1753,Water Resources,"Department of Water Resources, River Development & GR",400103,Indiramma Flood Flow Canal Project,1331,5940.09,4491.08,92,8672.0,30.072553045859,1.2666051660516606,34.660516605166066,3.374214876033058,48.29118279569892,1996.0,4.0,5.0,1.0,0.9615384615384616,1.0,0.9696969696969697,346.2877535687453,1.0,84.00131406044677,1.0
1754,Water Resources,"Department of Water Resources, River Development & GR",603945,Integrated Anandpur Barrage Project,567,2990.05,2810.1,63,8309.0,29.078713210130047,1.278252497292093,64.8252497292093,4.956084656084656,43.9078125,1997.0,4.0,2.0,1.0,0.9615384615384616,1.0,0.9696969696969697,427.34567901234567,1.0,77.95663600525624,1.0
1755,Water Resources,"Department of Water Resources, River Development & GR",701405,J. Chokka Rao Devadula Lift Irrigation Scheme,8201,14730.0,4841.09,88,5022.0,20.079397672826833,1.460374352847471,58.03743528474712,0.5903048408730642,54.39426966292135,2006.0,4.0,8.0,1.0,0.9615384615384616,1.0,0.9696969696969697,79.61224240946227,1.0,72.01051248357425,1.0
1756,Water Resources,"Department of Water Resources, River Development & GR",613787,Jamrani Dam Multipurpose Project,2584,,1307.15,26,2067.0,2.4969199178644765,0.4412191582002903,18.12191582002903,0.5058630030959753,48.412962962962965,2023.0,10.0,7.0,1.0,0.9629629629629629,1.0,0.9705882352941176,,,,
1757,Water Resources,"Department of Water Resources, River Development & GR",701404,Kanupur Irrigation Project,989,2301.28,2804.16,80,6118.0,23.080082135523615,1.3779012749264465,57.79012749264464,2.835348837209302,34.61925925925926,2003.0,4.0,4.0,1.0,0.9615384615384616,1.0,0.9696969696969697,132.68756319514662,1.0,77.95663600525624,1.0
1758,Water Resources,"Department of Water Resources, River Development & GR",400111,Kelo Irrigation Project,460,727.04,620.15,73,4291.0,18.078028747433265,1.5388021440223725,80.88021440223724,1.3481521739130435,8.380405405405405,2008.0,4.0,2.0,1.0,0.9615384615384616,1.0,0.9696969696969697,58.05217391304347,1.0,77.95663600525624,1.0
1759,Water Resources,"Department of Water Resources, River Development & GR",701530,Ken-Betwa Linking Development Project,21030,,8530.86,0,,,,,0.40565192582025683,8530.86,,,9.0,1.0,0.9629629629629629,1.0,0.9705882352941176,,,,
1760,Water Resources,"Department of Water Resources, River Development & GR",701399,Kudali Irrigation Project,382,,249.06,86,6118.0,17.078713210130047,1.019614253023864,15.961425302386417,0.6519895287958115,2.862758620689655,2009.0,4.0,1.0,1.0,1.0,1.0,1.0,,,2.9566360052562417,0.0
1761,Water Resources,"Department of Water Resources, River Development & GR",701396,Lower Pedhi Project,256,1480.7,3066.05,65,4291.0,18.078028747433265,1.5388021440223725,88.88021440223724,11.9767578125,46.455303030303035,2008.0,4.0,1.0,1.0,0.9615384615384616,1.0,0.9696969696969697,478.3984375,1.0,77.95663600525624,1.0
1762,Water Resources,"Department of Water Resources, River Development & GR",701408,Madhya Ganga canal Phase-II,1061,4417.21,4575.74,82,4291.0,18.078028747433265,1.5388021440223725,71.88021440223724,4.3126672950047125,55.12939759036144,2008.0,4.0,4.0,1.0,0.9615384615384616,1.0,0.9696969696969697,316.32516493873703,1.0,72.01051248357425,1.0
1763,Water Resources,"Department of Water Resources, River Development & GR",701398,Nardave Medium Irrigation Project,211,781.85,879.8,75,3926.0,17.078713210130047,1.5888945491594497,83.88945491594498,4.1696682464454975,11.576315789473684,2009.0,4.0,0.0,1.0,0.9615384615384616,1.0,0.9696969696969697,270.54502369668245,1.0,77.95663600525624,1.0
1764,Water Resources,"Department of Water Resources, River Development & GR",701412,North Koel Reservoir Project,1622,2430.76,345.94,47,1338.0,8.744695414099931,2.3871449925261583,191.71449925261584,0.2132799013563502,7.207083333333333,2017.0,8.0,6.0,1.0,0.9615384615384616,1.0,0.9696969696969697,49.861898890258956,1.0,74.96714848883049,1.0
1765,Water Resources,"Department of Water Resources, River Development & GR",701415,Polavaram Irrigation Project,10151,55548.9,27961.5,86,4848.0,17.27310061601643,1.301361386138614,44.13613861386139,2.7545562013594718,321.3965517241379,2009.0,1.0,9.0,1.0,0.9615384615384616,1.0,0.9696969696969697,447.22588907496805,1.0,47.010512483574246,1.0
1766,Water Resources,"Department of Water Resources, River Development & GR",701410,Relining of Rajasthan feeder and Sirhind Feeder canal,1441,2462.16,2364.12,95,1974.0,10.236824093086927,1.8941236068895644,94.41236068895643,1.6406106870229007,24.62625,2016.0,2.0,5.0,1.0,0.9615384615384616,1.0,0.9696969696969697,70.8646773074254,1.0,59.98685939553219,1.0
1767,Water Resources,"Department of Water Resources, River Development & GR",400100,Sardar Gouthu Latchanna Thotapalli Barrage Project,353,1023.24,879.15,96,5387.0,21.078713210130047,1.4291813625394467,46.91813625394468,2.4905099150141643,9.063402061855669,2005.0,4.0,1.0,1.0,0.9615384615384616,1.0,0.9696969696969697,189.86968838526911,1.0,77.95663600525624,1.0
1768,Water Resources,"Department of Water Resources, River Development & GR",701372,Sardar Sarovar Project,20718,33412.5,31969.4,94,8674.0,30.078028747433265,1.2665436937975558,32.65436937975558,1.5430736557582778,336.52000000000004,1996.0,4.0,9.0,1.0,0.9615384615384616,1.0,0.9696969696969697,61.272806255430055,1.0,74.96714848883049,1.0
1769,Water Resources,"Department of Water Resources, River Development & GR",701411,Shahpur Kandi Dam Project,2286,2715.7,2201.94,88,4525.0,16.2217659137577,1.3093922651933703,42.93922651933701,0.963228346456693,24.740898876404493,2010.0,2.0,7.0,1.0,0.9615384615384616,1.0,0.9696969696969697,18.797025371828514,1.0,47.99605781865966,1.0
1770,Water Resources,"Department of Water Resources, River Development & GR",400102,Sri Ram Sagar Project Stage - II,736,949.87,971.47,97,8672.0,30.072553045859,1.2666051660516606,29.660516605166066,1.3199320652173914,9.91295918367347,1996.0,4.0,3.0,1.0,0.9615384615384616,1.0,0.9696969696969697,29.05842391304348,1.0,72.01051248357425,1.0
1771,Water Resources,"Department of Water Resources, River Development & GR",701376,"Subernarekha Multipurpose Project, Jharkhand",3808,9579.58,6040.27,70,3196.0,15.080082135523615,1.7234042553191489,102.34042553191489,1.5862053571428572,85.07422535211268,2011.0,4.0,8.0,1.0,0.9615384615384616,1.0,0.9696969696969697,151.56460084033614,1.0,74.96714848883049,1.0
1772,Water Resources,"Department of Water Resources, River Development & GR",701402,"Subernarekha Project, Odisha",3056,7023.19,8327.62,96,8769.0,30.338124572210816,1.2636560611244156,30.36560611244157,2.725006544502618,85.8517525773196,1995.0,12.0,7.0,1.0,0.9615384615384616,1.0,0.9696969696969697,129.81642670157066,1.0,74.96714848883049,1.0
1773,Water Resources,"Department of Water Resources, River Development & GR",701400,Thoubal Multipurpose Project,1449,1822.24,1848.17,99,8309.0,29.078713210130047,1.278252497292093,28.825249729209304,1.275479641131815,18.4817,1997.0,4.0,6.0,1.0,0.9615384615384616,1.0,0.9696969696969697,25.758454106280194,1.0,84.00131406044677,1.0
1774,Water Resources,"Department of Water Resources, River Development & GR",701377,Upper Tunga Irrigation Project,770,1606.07,1515.6,99,2100.0,12.07939767282683,2.100952380952381,111.0952380952381,1.9683116883116882,15.155999999999999,2014.0,4.0,3.0,1.0,0.9615384615384616,1.0,0.9696969696969697,108.58051948051948,1.0,74.96714848883049,1.0
1775,Water Resources,"Department of Water Resources, River Development & GR",701383,Waghur Project,1059,1758.51,1642.5,90,8674.0,30.078028747433265,1.2665436937975558,36.65436937975558,1.5509915014164306,18.04945054945055,1996.0,4.0,4.0,1.0,0.9615384615384616,1.0,0.9696969696969697,66.05382436260624,1.0,74.96714848883049,1.0
